Timestamp,Flotta,Veicolo,Codice,Nome,Descrizione,Test,Timestamp chiusura,Durata,Posizione,Sistema,Componente,Latitudine,Longitudine,Contemporaneo,Timestamp segnale,CabEnabled_M1,CabEnabled_M8,ERTMS_PiastraSts,HMI_ACPntSts_T2,HMI_ACPntSts_T7,HMI_DCPntSts_T2,HMI_DCPntSts_T7,HMI_Iline,HMI_Irsts_T2,HMI_Irsts_T7,HMI_VBatt_T2,HMI_VBatt_T4,HMI_VBatt_T5,HMI_VBatt_T7,HMI_Vline,HMI_impSIL,LineVoltType,MDS_LedLimVel,MDS_StatoMarcia,_GPS_LAT,_GPS_LON,ldvvelimps,ldvveltreno,usB1BCilPres_M1,usB1BCilPres_M3,usB1BCilPres_M6,usB1BCilPres_M8,usB1BCilPres_T2,usB1BCilPres_T4,usB1BCilPres_T5,usB1BCilPres_T7,usB2BCilPres_M1,usB2BCilPres_M3,usB2BCilPres_M6,usB2BCilPres_M8,usB2BCilPres_T2,usB2BCilPres_T4,usB2BCilPres_T5,usB2BCilPres_T7,usBpPres,usMpPres,anomaly
2022-03-14 13:53:13.901,ETR700,e700_4801,018202,CCU_FltWtbComm,Mancata comunicazione WTB in CCU M8,N,2022-03-14 13:53:15.057,2.0,Milano,VEHICLE,VEHICLE,45.5056,9.2154,0,2022-03-14 13:53:09.5,1.0,0.0,0.0,0.0,0.0,0.0,1.0,64.0,0.0,1.0,29.1,29.2,29.3,29.1,3497.0,1800.0,2.0,0.0,1.0,45.5056,9.2154,250.0,0.0,2.69,2.6,2.62,2.6,2.44,2.14,2.18,2.53,2.68,2.59,2.63,2.58,2.43,2.12,2.18,2.55,0.0,8.54,False
2022-03-14 13:53:13.901,ETR700,e700_4801,018201,CCU_FltWtbR2,Mancata ricezione R2 in CCU M8,N,2022-03-14 13:53:15.057,2.0,Milano,VEHICLE,VEHICLE,45.5056,9.2154,0,2022-03-14 13:53:09.5,1.0,0.0,0.0,0.0,0.0,0.0,1.0,64.0,0.0,1.0,29.1,29.2,29.3,29.1,3497.0,1800.0,2.0,0.0,1.0,45.5056,9.2154,250.0,0.0,2.69,2.6,2.62,2.6,2.44,2.14,2.18,2.53,2.68,2.59,2.63,2.58,2.43,2.12,2.18,2.55,0.0,8.54,False
2022-03-14 13:53:10.496,ETR700,e700_4801,ILCK_PROP_11M1,ILCK_PROP_11M1,Cod. 11 Rilascio Porte Destre Attivo,N,2022-03-14 13:53:13.698,4.0,Milano,MDS,MDS,45.5056,9.2154,0,2022-03-14 13:53:07.699,1.0,0.0,0.0,0.0,0.0,0.0,1.0,64.0,0.0,1.0,29.1,29.2,29.3,29.1,3492.0,1800.0,2.0,0.0,1.0,45.5056,9.2154,250.0,0.0,2.69,2.6,2.62,2.59,2.44,2.14,2.18,2.54,2.68,2.59,2.63,2.58,2.43,2.12,2.19,2.55,0.0,8.51,False
2022-03-14 13:46:36.297,ETR700,e700_4801,018202,CCU_FltWtbComm,Mancata comunicazione WTB in CCU M8,N,2022-03-14 13:46:38.698,3.0,Milano,VEHICLE,VEHICLE,45.5056,9.2153,0,2022-03-14 13:46:34.9,0.0,0.0,0.0,0.0,0.0,1.0,1.0,36.0,1.0,0.0,29.1,29.2,29.3,29.2,3520.0,1800.0,2.0,0.0,2.0,45.5056,9.2153,0.0,0.0,2.7,2.62,2.64,2.58,2.44,2.14,2.19,2.54,2.69,2.6,2.63,2.58,2.43,2.13,2.19,2.56,0.0,9.25,False
2022-03-14 13:46:36.297,ETR700,e700_4801,018200,CCU_FltWtbR1,Mancata ricezione R1 in CCU M8,N,2022-03-14 13:46:38.698,3.0,Milano,VEHICLE,VEHICLE,45.5056,9.2153,0,2022-03-14 13:46:34.9,0.0,0.0,0.0,0.0,0.0,1.0,1.0,36.0,1.0,0.0,29.1,29.2,29.3,29.2,3520.0,1800.0,2.0,0.0,2.0,45.5056,9.2153,0.0,0.0,2.7,2.62,2.64,2.58,2.44,2.14,2.19,2.54,2.69,2.6,2.63,2.58,2.43,2.13,2.19,2.56,0.0,9.25,True
2022-03-14 13:46:36.297,ETR700,e700_4801,ILCK_PROP_11M1,ILCK_PROP_11M1,Cod. 11 Rilascio Porte Destre Attivo,N,2022-03-14 13:53:00.5,385.0,Milano,MDS,MDS,45.5056,9.2153,0,2022-03-14 13:46:34.9,0.0,0.0,0.0,0.0,0.0,1.0,1.0,36.0,1.0,0.0,29.1,29.2,29.3,29.2,3520.0,1800.0,2.0,0.0,2.0,45.5056,9.2153,0.0,0.0,2.7,2.62,2.64,2.58,2.44,2.14,2.19,2.54,2.69,2.6,2.63,2.58,2.43,2.13,2.19,2.56,0.0,9.25,False
2022-03-14 13:46:36.297,ETR700,e700_4801,ILCK_PROP_19M1,ILCK_PROP_19M1,Cod. 19 Maniglia Allarme Passeggeri Attivata,N,2022-03-14 13:46:36.703,1.0,Milano,MDS,MDS,45.5056,9.2153,0,2022-03-14 13:46:34.9,0.0,0.0,0.0,0.0,0.0,1.0,1.0,36.0,1.0,0.0,29.1,29.2,29.3,29.2,3520.0,1800.0,2.0,0.0,2.0,45.5056,9.2153,0.0,0.0,2.7,2.62,2.64,2.58,2.44,2.14,2.19,2.54,2.69,2.6,2.63,2.58,2.43,2.13,2.19,2.56,0.0,9.25,True
2022-03-14 13:46:34.900,ETR700,e700_4801,150007,_Standby_,Stato STANDBY attivo,N,2022-03-14 13:46:36.703,2.0,Milano,VEHICLE,VEHICLE,45.5056,9.2153,1,2022-03-14 13:46:34.9,0.0,0.0,0.0,0.0,0.0,1.0,1.0,36.0,1.0,0.0,29.1,29.2,29.3,29.2,3520.0,1800.0,2.0,0.0,2.0,45.5056,9.2153,0.0,0.0,2.7,2.62,2.64,2.58,2.44,2.14,2.19,2.54,2.69,2.6,2.63,2.58,2.43,2.13,2.19,2.56,0.0,9.25,False
2022-03-14 10:21:48.493,ETR700,e700_4801,150009,_Parking_,Stato PARKING attivo,N,2022-03-14 13:46:34.9,12287.0,Milano,VEHICLE,VEHICLE,45.5056,9.2153,0,2022-03-14 10:21:44.9,0.0,0.0,0.0,0.0,0.0,1.0,1.0,93.0,1.0,0.0,28.9,29.0,29.1,28.9,3486.0,1800.0,2.0,0.0,2.0,45.5056,9.2153,0.0,0.0,2.63,2.55,2.62,2.55,2.41,2.09,2.16,2.61,2.62,2.53,2.61,2.56,2.4,2.08,2.16,2.63,0.52,8.53,False
2022-03-14 10:21:40.101,ETR700,e700_4801,018202,CCU_FltWtbComm,Mancata comunicazione WTB in CCU M8,N,2022-03-14 10:21:41.303,2.0,Milano,VEHICLE,VEHICLE,45.5056,9.2153,1,2022-03-14 10:21:40.101,0.0,0.0,0.0,0.0,0.0,1.0,0.0,102.0,1.0,0.0,28.9,29.0,29.1,28.9,3471.0,1800.0,2.0,0.0,2.0,45.5056,9.2153,30.0,0.0,2.63,2.52,2.6,2.56,2.41,2.09,2.14,2.6,2.61,2.51,2.61,2.55,2.38,2.06,2.15,2.62,1.03,8.5,False
2022-03-14 10:21:40.101,ETR700,e700_4801,018201,CCU_FltWtbR2,Mancata ricezione R2 in CCU M8,N,2022-03-14 10:21:41.303,2.0,Milano,VEHICLE,VEHICLE,45.5056,9.2153,1,2022-03-14 10:21:40.101,0.0,0.0,0.0,0.0,0.0,1.0,0.0,102.0,1.0,0.0,28.9,29.0,29.1,28.9,3471.0,1800.0,2.0,0.0,2.0,45.5056,9.2153,30.0,0.0,2.63,2.52,2.6,2.56,2.41,2.09,2.14,2.6,2.61,2.51,2.61,2.55,2.38,2.06,2.15,2.62,1.03,8.5,False
2022-03-14 10:21:40.101,ETR700,e700_4801,ILCK_PROP_15,ILCK_PROP_15,Cod. 15 Nessun banco abilitato,N,2022-03-14 13:46:36.297,12297.0,Milano,MDS,MDS,45.5056,9.2153,1,2022-03-14 10:21:40.101,0.0,0.0,0.0,0.0,0.0,1.0,0.0,102.0,1.0,0.0,28.9,29.0,29.1,28.9,3471.0,1800.0,2.0,0.0,2.0,45.5056,9.2153,30.0,0.0,2.63,2.52,2.6,2.56,2.41,2.09,2.14,2.6,2.61,2.51,2.61,2.55,2.38,2.06,2.15,2.62,1.03,8.5,False
2022-03-14 10:21:40.101,ETR700,e700_4801,150007,_Standby_,Stato STANDBY attivo,N,2022-03-14 10:21:48.493,9.0,Milano,VEHICLE,VEHICLE,45.5056,9.2153,1,2022-03-14 10:21:40.101,0.0,0.0,0.0,0.0,0.0,1.0,0.0,102.0,1.0,0.0,28.9,29.0,29.1,28.9,3471.0,1800.0,2.0,0.0,2.0,45.5056,9.2153,30.0,0.0,2.63,2.52,2.6,2.56,2.41,2.09,2.14,2.6,2.61,2.51,2.61,2.55,2.38,2.06,2.15,2.62,1.03,8.5,False
2022-03-14 10:21:13.104,ETR700,e700_4801,ILCK_PROP_11M1,ILCK_PROP_11M1,Cod. 11 Rilascio Porte Destre Attivo,N,2022-03-14 10:21:40.101,27.0,Milano,MDS,MDS,45.5056,9.2153,0,2022-03-14 10:21:08.707,1.0,0.0,1.0,0.0,0.0,1.0,0.0,68.0,1.0,0.0,28.6,28.8,28.9,28.5,3483.0,1800.0,2.0,0.0,1.0,45.5056,9.2153,30.0,4.0,1.72,2.03,1.68,1.69,1.68,1.85,1.9,1.64,1.72,2.15,1.71,1.65,1.64,1.81,1.81,1.7,4.15,8.19,False
2022-03-14 10:20:12.504,ETR700,e700_4801,150017,_CmdCloseIR_,Comando chiusura IR/IP da banco,N,2022-03-14 10:20:14.303,2.0,Milano,VEHICLE,VEHICLE,45.5044,9.2161,0,2022-03-14 10:20:07.701,1.0,0.0,1.0,0.0,0.0,1.0,0.0,8.0,0.0,0.0,23.0,23.5,23.6,23.7,0.0,1800.0,2.0,0.0,1.0,45.5043,9.2162,30.0,9.0,0.01,0.0,0.0,0.0,0.0,0.0,0.0,0.0,0.01,0.0,0.0,0.0,0.0,0.0,0.0,0.0,4.93,8.48,False
2022-03-14 10:20:12.300,ETR700,e700_4801,152019,_1Q21_,IR chiuso in cassa T2,N,2022-03-14 13:46:41.755,12390.0,Milano,AT,T2_1Q2_IR,45.5044,9.2161,0,2022-03-14 10:20:07.701,1.0,0.0,1.0,0.0,0.0,1.0,0.0,8.0,0.0,0.0,23.0,23.5,23.6,23.7,0.0,1800.0,2.0,0.0,1.0,45.5043,9.2162,30.0,9.0,0.01,0.0,0.0,0.0,0.0,0.0,0.0,0.0,0.01,0.0,0.0,0.0,0.0,0.0,0.0,0.0,4.93,8.48,False
2022-03-14 10:20:07.701,ETR700,e700_4801,150017,_CmdCloseIR_,Comando chiusura IR/IP da banco,N,2022-03-14 10:20:11.903,5.0,Milano,VEHICLE,VEHICLE,45.5043,9.2162,0,2022-03-14 10:20:04.702,1.0,0.0,1.0,0.0,0.0,1.0,0.0,8.0,0.0,0.0,23.0,23.5,23.6,23.7,0.0,1800.0,2.0,0.0,1.0,45.5042,9.2162,30.0,9.0,0.01,0.0,0.0,0.0,0.0,0.0,0.0,0.0,0.01,0.0,0.01,0.0,0.0,0.0,0.0,0.0,4.93,8.5,False
2022-03-14 10:20:04.702,ETR700,e700_4801,151014,_DCPantoSts_,Pantografo DC alto in T2,N,2022-03-14 13:46:49.301,12405.0,Milano,VEHICLE,VEHICLE,45.5042,9.2162,1,2022-03-14 10:20:04.702,1.0,0.0,1.0,0.0,0.0,1.0,0.0,8.0,0.0,0.0,23.0,23.5,23.6,23.7,0.0,1800.0,2.0,0.0,1.0,45.5042,9.2162,30.0,9.0,0.01,0.0,0.0,0.0,0.0,0.0,0.0,0.0,0.01,0.0,0.01,0.0,0.0,0.0,0.0,0.0,4.93,8.5,False
2022-03-14 10:19:58.103,ETR700,e700_4801,150012,_CmdPantoUp_,Comando alzamento panto da banco,N,2022-03-14 10:19:59.902,2.0,Milano,VEHICLE,VEHICLE,45.5041,9.2163,1,2022-03-14 10:19:58.103,1.0,0.0,1.0,0.0,0.0,0.0,0.0,8.0,0.0,0.0,23.0,23.5,23.6,23.7,0.0,1800.0,2.0,0.0,1.0,45.5041,9.2163,30.0,10.0,0.01,0.0,0.0,0.0,0.0,0.0,0.0,0.0,0.01,0.0,0.0,0.0,0.0,0.0,0.0,0.0,4.93,8.55,False
2022-03-14 10:19:44.697,ETR700,e700_4801,ILCK_IR_T2_42,ILCK_IR_T2_42,Cod 42. Pantografo DC non alto,N,2022-03-14 10:20:04.702,21.0,Milano,AT,T2_1Q2_IR,45.5037,9.2166,0,2022-03-14 10:19:44.501,1.0,0.0,1.0,0.0,0.0,0.0,0.0,8.0,0.0,0.0,23.0,23.5,23.6,23.7,0.0,1800.0,2.0,0.0,1.0,45.5037,9.2166,30.0,12.0,0.01,0.0,0.0,0.0,0.0,0.0,0.0,0.0,0.01,0.0,0.0,0.0,0.0,0.0,0.0,0.0,4.94,8.62,True
2022-03-14 10:19:44.501,ETR700,e700_4801,150011,_PantoLowSts_,Nessun pantografo alto,N,2022-03-14 10:20:04.702,21.0,Milano,VEHICLE,VEHICLE,45.5037,9.2166,1,2022-03-14 10:19:44.501,1.0,0.0,1.0,0.0,0.0,0.0,0.0,8.0,0.0,0.0,23.0,23.5,23.6,23.7,0.0,1800.0,2.0,0.0,1.0,45.5037,9.2166,30.0,12.0,0.01,0.0,0.0,0.0,0.0,0.0,0.0,0.0,0.01,0.0,0.0,0.0,0.0,0.0,0.0,0.0,4.94,8.62,False
2022-03-14 10:19:39.108,ETR700,e700_4801,150016,_IRIP_OpenSts_,Nessun IR o IP chiuso,N,2022-03-14 10:20:12.3,34.0,Milano,VEHICLE,VEHICLE,45.5036,9.2167,0,2022-03-14 10:19:38.697,1.0,0.0,1.0,0.0,0.0,0.0,1.0,76.0,0.0,1.0,29.0,29.2,29.3,29.1,3502.0,1800.0,2.0,0.0,1.0,45.5036,9.2167,30.0,13.0,0.01,0.0,0.0,0.0,0.01,0.0,0.0,0.01,0.01,0.0,0.01,0.0,0.0,0.0,0.0,0.01,4.93,8.64,False
2022-03-14 10:19:38.906,ETR700,e700_4801,150013,_CmdPantoDw_,Comando abbassamento panto da banco,N,2022-03-14 10:19:41.171,3.0,Milano,VEHICLE,VEHICLE,45.5036,9.2167,0,2022-03-14 10:19:38.697,1.0,0.0,1.0,0.0,0.0,0.0,1.0,76.0,0.0,1.0,29.0,29.2,29.3,29.1,3502.0,1800.0,2.0,0.0,1.0,45.5036,9.2167,30.0,13.0,0.01,0.0,0.0,0.0,0.01,0.0,0.0,0.01,0.01,0.0,0.01,0.0,0.0,0.0,0.0,0.01,4.93,8.64,True
2022-03-14 10:19:38.906,ETR700,e700_4801,ILCK_PROP_21M1,ILCK_PROP_21M1,Cod. 21 AT non presente,N,2022-03-14 10:20:12.504,34.0,Milano,MDS,MDS,45.5036,9.2167,0,2022-03-14 10:19:38.697,1.0,0.0,1.0,0.0,0.0,0.0,1.0,76.0,0.0,1.0,29.0,29.2,29.3,29.1,3502.0,1800.0,2.0,0.0,1.0,45.5036,9.2167,30.0,13.0,0.01,0.0,0.0,0.0,0.01,0.0,0.0,0.01,0.01,0.0,0.01,0.0,0.0,0.0,0.0,0.01,4.93,8.64,False
2022-03-14 10:03:38.099,ETR700,e700_4801,158024,_Rear_,Direzione indietro in M8,N,2022-03-14 10:21:14.701,1057.0,Milano,VEHICLE,VEHICLE,45.4879,9.2059,0,2022-03-14 10:03:33.099,1.0,0.0,1.0,0.0,0.0,0.0,1.0,44.0,0.0,1.0,29.0,29.2,29.3,29.1,3469.0,1800.0,2.0,0.0,1.0,45.4879,9.206,250.0,0.0,0.01,0.0,0.0,0.0,0.0,0.0,0.0,0.0,0.01,0.0,0.0,0.0,0.0,0.0,0.0,0.0,4.95,9.38,False
2022-03-14 10:03:37.902,ETR700,e700_4801,151023,_Front_,Direzione avanti in M1,N,2022-03-14 10:21:14.701,1057.0,Milano,VEHICLE,VEHICLE,45.4879,9.2059,0,2022-03-14 10:03:33.099,1.0,0.0,1.0,0.0,0.0,0.0,1.0,44.0,0.0,1.0,29.0,29.2,29.3,29.1,3469.0,1800.0,2.0,0.0,1.0,45.4879,9.206,250.0,0.0,0.01,0.0,0.0,0.0,0.0,0.0,0.0,0.0,0.01,0.0,0.0,0.0,0.0,0.0,0.0,0.0,4.95,9.38,False
2022-03-14 10:03:35.698,ETR700,e700_4801,ILCK_PROP_10,ILCK_PROP_10,Cod. 10 Nessuna velocita' impostata,N,2022-03-14 10:05:44.699,130.0,Milano,VEHICLE,VEHICLE,45.4879,9.206,0,2022-03-14 10:03:31.898,1.0,0.0,1.0,0.0,0.0,0.0,1.0,48.0,0.0,1.0,29.0,29.2,29.3,29.1,3467.0,1800.0,2.0,0.0,1.0,45.4879,9.206,250.0,0.0,0.01,0.0,0.0,0.0,0.0,0.0,0.0,0.0,0.01,0.0,0.0,0.0,0.0,0.0,0.0,0.0,4.95,9.39,False
2022-03-14 10:01:29.103,ETR700,e700_4801,018202,CCU_FltWtbComm,Mancata comunicazione WTB in CCU M8,N,2022-03-14 10:01:30.898,2.0,Milano,VEHICLE,VEHICLE,45.4878,9.206,0,2022-03-14 10:01:26.095,0.0,0.0,0.0,0.0,0.0,1.0,1.0,44.0,1.0,0.0,29.1,29.2,29.3,29.1,3486.0,1800.0,2.0,0.0,2.0,45.4878,9.206,0.0,0.0,2.7,2.68,2.83,2.75,2.42,2.27,2.31,2.77,2.69,2.66,2.83,2.75,2.4,2.27,2.3,2.78,0.0,8.75,False
2022-03-14 10:01:29.103,ETR700,e700_4801,018200,CCU_FltWtbR1,Mancata ricezione R1 in CCU M8,N,2022-03-14 10:01:30.898,2.0,Milano,VEHICLE,VEHICLE,45.4878,9.206,0,2022-03-14 10:01:26.095,0.0,0.0,0.0,0.0,0.0,1.0,1.0,44.0,1.0,0.0,29.1,29.2,29.3,29.1,3486.0,1800.0,2.0,0.0,2.0,45.4878,9.206,0.0,0.0,2.7,2.68,2.83,2.75,2.42,2.27,2.31,2.77,2.69,2.66,2.83,2.75,2.4,2.27,2.3,2.78,0.0,8.75,True
2022-03-14 10:01:29.103,ETR700,e700_4801,150006,_Running_,Stato RUNNING attivo,N,2022-03-14 10:21:40.101,1211.0,Milano,VEHICLE,VEHICLE,45.4878,9.206,0,2022-03-14 10:01:26.095,0.0,0.0,0.0,0.0,0.0,1.0,1.0,44.0,1.0,0.0,29.1,29.2,29.3,29.1,3486.0,1800.0,2.0,0.0,2.0,45.4878,9.206,0.0,0.0,2.7,2.68,2.83,2.75,2.42,2.27,2.31,2.77,2.69,2.66,2.83,2.75,2.4,2.27,2.3,2.78,0.0,8.75,False
2022-03-14 10:01:28.902,ETR700,e700_4801,ILCK_PROP_10,ILCK_PROP_10,Cod. 10 Nessuna velocita' impostata,N,2022-03-14 10:01:29.302,1.0,Milano,VEHICLE,VEHICLE,45.4878,9.206,0,2022-03-14 10:01:26.095,0.0,0.0,0.0,0.0,0.0,1.0,1.0,44.0,1.0,0.0,29.1,29.2,29.3,29.1,3486.0,1800.0,2.0,0.0,2.0,45.4878,9.206,0.0,0.0,2.7,2.68,2.83,2.75,2.42,2.27,2.31,2.77,2.69,2.66,2.83,2.75,2.4,2.27,2.3,2.78,0.0,8.75,False
2022-03-14 10:01:26.095,ETR700,e700_4801,150007,_Standby_,Stato STANDBY attivo,N,2022-03-14 10:01:29.103,4.0,Milano,VEHICLE,VEHICLE,45.4878,9.206,1,2022-03-14 10:01:26.095,0.0,0.0,0.0,0.0,0.0,1.0,1.0,44.0,1.0,0.0,29.1,29.2,29.3,29.1,3486.0,1800.0,2.0,0.0,2.0,45.4878,9.206,0.0,0.0,2.7,2.68,2.83,2.75,2.42,2.27,2.31,2.77,2.69,2.66,2.83,2.75,2.4,2.27,2.3,2.78,0.0,8.75,False
2022-03-14 09:50:31.097,ETR700,e700_4801,150009,_Parking_,Stato PARKING attivo,N,2022-03-14 10:01:26.095,655.0,Milano,VEHICLE,VEHICLE,45.4877,9.2059,1,2022-03-14 09:50:31.097,0.0,0.0,2.0,0.0,0.0,1.0,1.0,72.0,1.0,0.0,29.0,29.2,29.3,29.1,3512.0,1800.0,2.0,0.0,4.0,45.4877,9.2059,0.0,0.0,2.67,2.66,2.84,2.75,2.41,2.25,2.3,2.8,2.67,2.64,2.83,2.75,2.4,2.25,2.3,2.8,0.49,8.61,False
2022-03-14 09:50:25.294,ETR700,e700_4801,158014,_DCPantoSts_,Pantografo DC alto in T7,N,2022-03-14 10:19:44.501,1760.0,Milano,VEHICLE,VEHICLE,45.4877,9.2059,0,2022-03-14 09:50:20.9,0.0,1.0,2.0,0.0,0.0,1.0,0.0,68.0,1.0,0.0,29.0,29.2,29.3,29.1,3442.0,1800.0,2.0,0.0,2.0,45.4877,9.2059,0.0,0.0,2.67,2.65,2.81,2.75,2.41,2.24,2.28,2.8,2.66,2.63,2.83,2.75,2.38,2.24,2.29,2.79,0.63,8.03,False
2022-03-14 09:50:21.102,ETR700,e700_4801,ILCK_PROP_15,ILCK_PROP_15,Cod. 15 Nessun banco abilitato,N,2022-03-14 10:01:28.902,668.0,Milano,MDS,MDS,45.4877,9.2059,0,2022-03-14 09:50:20.9,0.0,1.0,2.0,0.0,0.0,1.0,0.0,68.0,1.0,0.0,29.0,29.2,29.3,29.1,3442.0,1800.0,2.0,0.0,2.0,45.4877,9.2059,0.0,0.0,2.67,2.65,2.81,2.75,2.41,2.24,2.28,2.8,2.66,2.63,2.83,2.75,2.38,2.24,2.29,2.79,0.63,8.03,False
2022-03-14 09:50:20.900,ETR700,e700_4801,011202,CCU_FltWtbComm,Mancata comunicazione WTB in CCU M1,N,2022-03-14 09:50:22.45,2.0,Milano,VEHICLE,VEHICLE,45.4877,9.2059,1,2022-03-14 09:50:20.9,0.0,1.0,2.0,0.0,0.0,1.0,0.0,68.0,1.0,0.0,29.0,29.2,29.3,29.1,3442.0,1800.0,2.0,0.0,2.0,45.4877,9.2059,0.0,0.0,2.67,2.65,2.81,2.75,2.41,2.24,2.28,2.8,2.66,2.63,2.83,2.75,2.38,2.24,2.29,2.79,0.63,8.03,False
2022-03-14 09:50:20.900,ETR700,e700_4801,011201,CCU_FltWtbR2,Mancata ricezione R2 in CCU M1,N,2022-03-14 09:50:22.45,2.0,Milano,VEHICLE,VEHICLE,45.4877,9.2059,1,2022-03-14 09:50:20.9,0.0,1.0,2.0,0.0,0.0,1.0,0.0,68.0,1.0,0.0,29.0,29.2,29.3,29.1,3442.0,1800.0,2.0,0.0,2.0,45.4877,9.2059,0.0,0.0,2.67,2.65,2.81,2.75,2.41,2.24,2.28,2.8,2.66,2.63,2.83,2.75,2.38,2.24,2.29,2.79,0.63,8.03,False
2022-03-14 09:50:20.900,ETR700,e700_4801,150007,_Standby_,Stato STANDBY attivo,N,2022-03-14 09:50:31.097,11.0,Milano,VEHICLE,VEHICLE,45.4877,9.2059,1,2022-03-14 09:50:20.9,0.0,1.0,2.0,0.0,0.0,1.0,0.0,68.0,1.0,0.0,29.0,29.2,29.3,29.1,3442.0,1800.0,2.0,0.0,2.0,45.4877,9.2059,0.0,0.0,2.67,2.65,2.81,2.75,2.41,2.24,2.28,2.8,2.66,2.63,2.83,2.75,2.38,2.24,2.29,2.79,0.63,8.03,False
2022-03-14 09:50:04.103,ETR700,e700_4801,ILCK_PROP_02,ILCK_PROP_02,Cod. 02 Taglio trazione comandato da RCEC,N,2022-03-14 10:02:22.899,739.0,Milano,VEHICLE,VEHICLE,45.4877,9.206,0,2022-03-14 09:49:59.306,0.0,1.0,2.0,0.0,0.0,1.0,0.0,43.0,1.0,0.0,29.0,29.2,29.3,29.1,3484.0,1800.0,2.0,0.0,1.0,45.4877,9.206,30.0,0.0,0.98,0.94,0.88,1.18,0.92,1.27,0.99,0.91,0.97,0.97,0.89,1.19,0.91,1.26,0.96,0.96,4.36,7.65,False
2022-03-14 09:50:03.903,ETR700,e700_4801,150025,_9S13_,Pressione CP sotto 7.5 bar in M1 (press. 9S13),N,2022-03-14 09:50:45.3,42.0,Milano,VEHICLE,VEHICLE,45.4877,9.206,0,2022-03-14 09:49:58.904,0.0,1.0,2.0,0.0,0.0,1.0,0.0,76.0,1.0,0.0,29.0,29.2,29.3,29.1,3488.0,1800.0,2.0,0.0,1.0,45.4877,9.206,30.0,0.0,0.65,0.56,0.66,0.6,0.6,0.54,0.61,0.6,0.65,0.58,0.67,0.62,0.61,0.52,0.63,0.65,4.37,7.66,True
2022-03-14 09:49:58.506,ETR700,e700_4801,ILCK_PROP_11M8,ILCK_PROP_11M8,Cod. 11 Rilascio Porte Destre Attivo,N,2022-03-14 09:50:21.102,23.0,Milano,MDS,MDS,45.4877,9.206,0,2022-03-14 09:49:53.708,0.0,1.0,2.0,0.0,0.0,1.0,0.0,64.0,1.0,0.0,29.0,29.2,29.3,29.0,3474.0,1800.0,2.0,0.0,1.0,45.4878,9.206,30.0,6.0,0.63,0.61,0.4,0.57,0.63,0.48,0.48,0.43,0.6,0.61,0.41,0.54,0.61,0.47,0.43,0.42,4.54,7.73,False
2022-03-14 09:42:28.304,ETR700,e700_4801,ILCK_PROP_10,ILCK_PROP_10,Cod. 10 Nessuna velocita' impostata,N,2022-03-14 09:42:28.9,1.0,Milano,VEHICLE,VEHICLE,45.4879,9.2346,1,2022-03-14 09:42:28.304,0.0,1.0,2.0,0.0,0.0,1.0,0.0,60.0,1.0,0.0,29.0,29.2,29.2,29.0,3557.0,1800.0,2.0,0.0,1.0,45.4879,9.2346,0.0,30.0,0.1,0.01,0.09,0.08,0.1,0.05,0.1,0.09,0.07,0.01,0.09,0.06,0.1,0.05,0.12,0.1,4.78,8.1,False
2022-03-14 09:31:55.902,ETR700,e700_4801,152019,_1Q21_,IR chiuso in cassa T2,N,2022-03-14 10:01:34.299,1779.0,Treviglio,AT,T2_1Q2_IR,45.5114,9.5296,0,2022-03-14 09:31:51.099,0.0,1.0,2.0,0.0,0.0,1.0,0.0,8.0,0.0,0.0,22.9,23.3,23.3,23.3,3596.0,1800.0,2.0,0.0,1.0,45.5114,9.5323,200.0,193.0,0.01,0.0,0.0,0.0,0.01,0.0,0.0,0.0,0.0,0.0,0.01,0.0,0.0,0.0,0.0,0.0,4.96,8.41,False
2022-03-14 09:31:46.502,ETR700,e700_4801,151014,_DCPantoSts_,Pantografo DC alto in T2,N,2022-03-14 10:01:41.499,1795.0,Treviglio,VEHICLE,VEHICLE,45.5114,9.5357,0,2022-03-14 09:31:41.9,0.0,1.0,2.0,0.0,0.0,0.0,0.0,0.0,0.0,0.0,22.9,23.3,23.5,23.4,0.0,1800.0,2.0,0.0,1.0,45.5112,9.5385,200.0,195.0,0.01,0.0,0.0,0.0,0.01,0.0,0.0,0.0,0.0,0.0,0.0,0.0,0.0,0.0,0.0,0.01,4.95,8.47,False
2022-03-14 09:31:39.302,ETR700,e700_4801,150006,_Running_,Stato RUNNING attivo,N,2022-03-14 09:50:20.9,1122.0,Treviglio,VEHICLE,VEHICLE,45.511,9.5405,0,2022-03-14 09:31:37.653,0.0,1.0,2.0,0.0,0.0,0.0,0.0,0.0,0.0,0.0,23.0,23.4,23.5,23.5,0.0,1800.0,2.0,0.0,5.0,45.5109,9.5412,200.0,195.0,0.01,0.0,0.0,0.0,0.01,0.0,0.0,0.0,0.0,0.0,0.0,0.0,0.0,0.0,0.0,0.0,4.96,8.51,False
2022-03-14 09:31:37.653,ETR700,e700_4801,ILCK_IR_T7_42,ILCK_IR_T7_42,Cod 42. Pantografo DC non alto,N,2022-03-14 09:31:46.502,9.0,Treviglio,AT,T2_1Q2_IR,45.5109,9.5412,1,2022-03-14 09:31:37.653,0.0,1.0,2.0,0.0,0.0,0.0,0.0,0.0,0.0,0.0,23.0,23.4,23.5,23.5,0.0,1800.0,2.0,0.0,5.0,45.5109,9.5412,200.0,195.0,0.01,0.0,0.0,0.0,0.01,0.0,0.0,0.0,0.0,0.0,0.0,0.0,0.0,0.0,0.0,0.0,4.96,8.51,True
2022-03-14 09:31:25.109,ETR700,e700_4801,ILCK_PROP_21M8,ILCK_PROP_21M8,Cod. 21 AT non presente,N,2022-03-14 09:31:55.699,31.0,Treviglio,MDS,MDS,45.5096,9.5501,0,2022-03-14 09:31:21.1,0.0,1.0,2.0,1.0,0.0,0.0,0.0,18.0,1.0,0.0,29.0,29.2,29.3,29.1,26839.0,1800.0,4.0,0.0,1.0,45.5092,9.5521,200.0,198.0,0.01,0.0,0.0,0.0,0.0,0.0,0.0,0.0,0.0,0.0,0.0,0.0,0.0,0.0,0.0,0.0,4.95,8.46,False
2022-03-14 09:31:24.904,ETR700,e700_4801,150016,_IRIP_OpenSts_,Nessun IR o IP chiuso,N,2022-03-14 09:31:55.902,31.0,Treviglio,VEHICLE,VEHICLE,45.5096,9.5501,0,2022-03-14 09:31:21.1,0.0,1.0,2.0,1.0,0.0,0.0,0.0,18.0,1.0,0.0,29.0,29.2,29.3,29.1,26839.0,1800.0,4.0,0.0,1.0,45.5092,9.5521,200.0,198.0,0.01,0.0,0.0,0.0,0.0,0.0,0.0,0.0,0.0,0.0,0.0,0.0,0.0,0.0,0.0,0.0,4.95,8.46,False
2022-03-14 09:31:24.904,ETR700,e700_4801,150010,_Poc_,Ingresso in POC,N,2022-03-14 09:31:39.302,15.0,Treviglio,VEHICLE,VEHICLE,45.5096,9.5501,0,2022-03-14 09:31:21.1,0.0,1.0,2.0,1.0,0.0,0.0,0.0,18.0,1.0,0.0,29.0,29.2,29.3,29.1,26839.0,1800.0,4.0,0.0,1.0,45.5092,9.5521,200.0,198.0,0.01,0.0,0.0,0.0,0.0,0.0,0.0,0.0,0.0,0.0,0.0,0.0,0.0,0.0,0.0,0.0,4.95,8.46,False
2022-03-14 09:31:23.306,ETR700,e700_4801,ILCK_IRIP_T7_09,ILCK_IRIP_T7_09,Cod 09. Apertura Interruttore principale da ETCS ,N,2022-03-14 09:31:28.007,5.0,Treviglio,AT,T2_1Q2_IR,45.5094,9.5507,0,2022-03-14 09:31:21.1,0.0,1.0,2.0,1.0,0.0,0.0,0.0,18.0,1.0,0.0,29.0,29.2,29.3,29.1,26839.0,1800.0,4.0,0.0,1.0,45.5092,9.5521,200.0,198.0,0.01,0.0,0.0,0.0,0.0,0.0,0.0,0.0,0.0,0.0,0.0,0.0,0.0,0.0,0.0,0.0,4.95,8.46,False
2022-03-14 09:20:58.891,ETR700,e700_4801,151015,_ACPantoSts_,Pantografo AC alto in T2,N,2022-03-14 09:31:27.442,629.0,Rovato,VEHICLE,VEHICLE,45.5251,10.0325,0,2022-03-14 09:20:54.976,0.0,1.0,2.0,0.0,0.0,0.0,0.0,0.0,0.0,0.0,23.0,23.3,23.4,23.4,1847.0,1800.0,4.0,0.0,1.0,45.5255,10.0341,155.0,154.0,0.01,0.0,0.0,0.0,0.0,0.0,0.0,0.0,0.0,0.0,0.0,0.0,0.0,0.0,0.0,0.0,4.96,9.15,True
2022-03-14 09:20:50.538,ETR700,e700_4801,ILCK_IR_T2_41,ILCK_IR_T2_41,Cod 41. Line Voltage Type non 3KV,N,2022-03-14 09:31:37.653,648.0,Rovato,AT,T2_1Q2_IR,45.5261,10.0366,0,2022-03-14 09:20:46.744,0.0,1.0,2.0,0.0,0.0,0.0,0.0,0.0,0.0,0.0,23.0,23.3,23.5,23.4,0.0,1800.0,2.0,0.0,5.0,45.5266,10.0387,155.0,155.0,0.01,0.0,0.0,0.0,0.0,0.0,0.0,0.0,0.0,0.0,0.0,0.0,0.0,0.0,0.0,0.0,4.96,9.22,True
2022-03-14 09:20:50.538,ETR700,e700_4801,150005,_LineVoltType_,Selezionata tensione 25 kV,N,2022-03-14 09:31:37.653,648.0,Rovato,VEHICLE,VEHICLE,45.5261,10.0366,0,2022-03-14 09:20:46.744,0.0,1.0,2.0,0.0,0.0,0.0,0.0,0.0,0.0,0.0,23.0,23.3,23.5,23.4,0.0,1800.0,2.0,0.0,5.0,45.5266,10.0387,155.0,155.0,0.01,0.0,0.0,0.0,0.0,0.0,0.0,0.0,0.0,0.0,0.0,0.0,0.0,0.0,0.0,0.0,4.96,9.22,True
2022-03-14 09:20:38.902,ETR700,e700_4801,150010,_Poc_,Ingresso in POC,N,2022-03-14 09:20:52.486,14.0,Rovato,VEHICLE,VEHICLE,45.5277,10.0429,0,2022-03-14 09:20:34.103,0.0,1.0,2.0,0.0,0.0,1.0,0.0,-122.0,1.0,0.0,29.0,29.2,29.3,29.1,3502.0,1800.0,2.0,0.0,1.0,45.5282,10.045,155.0,157.0,0.01,0.0,0.0,0.0,0.0,0.0,0.0,0.0,0.0,0.0,0.0,0.0,0.0,0.0,0.0,0.0,4.96,9.2,False
2022-03-14 09:20:38.703,ETR700,e700_4801,ILCK_PROP_21M8,ILCK_PROP_21M8,Cod. 21 AT non presente,N,2022-03-14 09:21:07.508,29.0,Rovato,MDS,MDS,45.5277,10.0429,0,2022-03-14 09:20:34.103,0.0,1.0,2.0,0.0,0.0,1.0,0.0,-122.0,1.0,0.0,29.0,29.2,29.3,29.1,3502.0,1800.0,2.0,0.0,1.0,45.5282,10.045,155.0,157.0,0.01,0.0,0.0,0.0,0.0,0.0,0.0,0.0,0.0,0.0,0.0,0.0,0.0,0.0,0.0,0.0,4.96,9.2,False
2022-03-14 09:20:38.102,ETR700,e700_4801,150016,_IRIP_OpenSts_,Nessun IR o IP chiuso,N,2022-03-14 09:21:07.302,30.0,Rovato,VEHICLE,VEHICLE,45.5278,10.0434,0,2022-03-14 09:20:34.103,0.0,1.0,2.0,0.0,0.0,1.0,0.0,-122.0,1.0,0.0,29.0,29.2,29.3,29.1,3502.0,1800.0,2.0,0.0,1.0,45.5282,10.045,155.0,157.0,0.01,0.0,0.0,0.0,0.0,0.0,0.0,0.0,0.0,0.0,0.0,0.0,0.0,0.0,0.0,0.0,4.96,9.2,False
2022-03-14 09:20:36.302,ETR700,e700_4801,ILCK_IRIP_T7_09,ILCK_IRIP_T7_09,Cod 09. Apertura Interruttore principale da ETCS ,N,2022-03-14 09:20:42.447,7.0,Rovato,AT,T2_1Q2_IR,45.5279,10.0439,0,2022-03-14 09:20:34.103,0.0,1.0,2.0,0.0,0.0,1.0,0.0,-122.0,1.0,0.0,29.0,29.2,29.3,29.1,3502.0,1800.0,2.0,0.0,1.0,45.5282,10.045,155.0,157.0,0.01,0.0,0.0,0.0,0.0,0.0,0.0,0.0,0.0,0.0,0.0,0.0,0.0,0.0,0.0,0.0,4.96,9.2,False
2022-03-14 09:10:20.902,ETR700,e700_4801,ILCK_PROP_11M8,ILCK_PROP_11M8,Cod. 11 Rilascio Porte Destre Attivo,N,2022-03-14 09:12:37.501,137.0,Brescia,MDS,MDS,45.531,10.2154,0,2022-03-14 09:10:19.506,0.0,1.0,2.0,0.0,0.0,1.0,0.0,64.0,1.0,0.0,29.0,29.2,29.3,29.1,3518.0,1800.0,2.0,0.0,1.0,45.531,10.2154,60.0,4.0,0.78,0.72,0.82,0.86,0.76,0.66,0.72,0.87,0.78,0.72,0.85,0.85,0.78,0.71,0.73,0.9,4.38,8.01,False
2022-03-14 09:08:08.901,ETR700,e700_4801,ILCK_PROP_10,ILCK_PROP_10,Cod. 10 Nessuna velocita' impostata,N,2022-03-14 09:08:09.901,1.0,Brescia,VEHICLE,VEHICLE,45.5293,10.2401,0,2022-03-14 09:08:04.104,0.0,1.0,2.0,0.0,0.0,1.0,0.0,-436.0,1.0,0.0,29.0,29.2,29.3,29.1,3485.0,1800.0,2.0,0.0,1.0,45.5293,10.2412,150.0,64.0,0.01,0.0,0.0,0.0,0.0,0.0,0.0,0.01,0.01,0.0,0.01,0.0,0.0,0.0,0.0,0.0,4.44,9.45,False
2022-03-14 08:48:36.905,ETR700,e700_4801,ILCK_PROP_11M8,ILCK_PROP_11M8,Cod. 11 Rilascio Porte Destre Attivo,N,2022-03-14 08:50:17.297,101.0,Peschiera del Garda,MDS,MDS,45.4391,10.7035,0,2022-03-14 08:48:35.51,0.0,1.0,2.0,0.0,0.0,1.0,0.0,60.0,1.0,0.0,29.1,29.2,29.3,29.0,3485.0,1800.0,2.0,0.0,1.0,45.4391,10.7035,115.0,3.0,1.25,1.13,1.19,0.96,1.16,1.11,1.24,1.13,1.23,1.19,1.2,1.0,1.14,1.1,1.18,1.2,4.18,7.92,False
2022-03-14 08:41:03.504,ETR700,e700_4801,ILCK_PROP_10,ILCK_PROP_10,Cod. 10 Nessuna velocita' impostata,N,2022-03-14 08:41:05.9,3.0,Sona,VEHICLE,VEHICLE,45.4274,10.8534,1,2022-03-14 08:41:03.504,0.0,1.0,2.0,0.0,0.0,1.0,0.0,64.0,1.0,0.0,29.1,29.2,29.3,29.1,3464.0,1800.0,2.0,0.0,1.0,45.4274,10.8534,0.0,39.0,0.01,0.0,0.0,0.0,0.01,0.0,0.0,0.0,0.0,0.0,0.0,0.0,0.0,0.0,0.0,0.0,4.95,7.97,False
2022-03-14 07:32:27.905,ETR700,e700_4801,150025,_9S13_,Pressione CP sotto 7.5 bar in M1 (press. 9S13),N,2022-03-14 07:33:22.897,55.0,Venezia,VEHICLE,VEHICLE,45.4817,12.233,0,2022-03-14 07:32:26.508,0.0,1.0,2.0,0.0,0.0,1.0,0.0,81.0,1.0,0.0,29.1,29.2,29.2,29.1,3562.0,1600.0,2.0,0.0,1.0,45.4817,12.233,60.0,3.0,0.63,0.6,0.59,0.67,0.68,0.59,0.61,0.64,0.6,0.58,0.6,0.66,0.64,0.63,0.64,0.67,4.42,7.61,True
2022-03-14 07:30:17.104,ETR700,e700_4801,ILCK_PROP_10,ILCK_PROP_10,Cod. 10 Nessuna velocita' impostata,N,2022-03-14 07:30:17.7,1.0,Venezia,VEHICLE,VEHICLE,45.4746,12.2531,0,2022-03-14 07:30:13.902,0.0,1.0,2.0,0.0,0.0,1.0,0.0,649.0,1.0,0.0,29.1,29.2,29.2,29.1,3484.0,1600.0,2.0,0.0,1.0,45.4742,12.2535,80.0,58.0,0.01,0.0,0.0,0.0,0.0,0.0,0.0,0.0,0.0,0.0,0.0,0.0,0.0,0.0,0.0,0.0,4.96,9.04,False
2022-03-14 07:19:22.305,ETR700,e700_4801,ILCK_PROP_10,ILCK_PROP_10,Cod. 10 Nessuna velocita' impostata,N,2022-03-14 07:19:22.905,1.0,Venezia,VEHICLE,VEHICLE,45.4414,12.3198,0,2022-03-14 07:19:21.905,0.0,1.0,2.0,0.0,0.0,1.0,0.0,358.0,1.0,0.0,29.1,29.2,29.2,29.1,3522.0,1600.0,2.0,0.0,1.0,45.4414,12.3198,250.0,27.0,0.01,0.0,0.0,0.0,0.01,0.0,0.0,0.0,0.01,0.0,0.0,0.0,0.0,0.0,0.0,0.01,4.96,8.29,False
2022-03-14 07:09:35.301,ETR700,e700_4801,151024,_Rear_,Direzione indietro in M1,N,2022-03-14 09:50:08.901,9634.0,Venezia,VEHICLE,VEHICLE,45.4412,12.3202,0,2022-03-14 07:09:35.1,0.0,1.0,2.0,0.0,0.0,1.0,0.0,162.0,1.0,0.0,29.1,29.2,29.2,28.9,3420.0,1200.0,2.0,0.0,1.0,45.4412,12.3202,250.0,0.0,0.01,0.0,0.0,0.0,0.0,0.0,0.0,0.0,0.01,0.0,0.0,0.0,0.0,0.0,0.0,0.0,4.95,9.35,False
2022-03-14 07:09:35.100,ETR700,e700_4801,158023,_Front_,Direzione avanti in M8,N,2022-03-14 09:50:08.901,9634.0,Venezia,VEHICLE,VEHICLE,45.4412,12.3202,1,2022-03-14 07:09:35.1,0.0,1.0,2.0,0.0,0.0,1.0,0.0,162.0,1.0,0.0,29.1,29.2,29.2,28.9,3420.0,1200.0,2.0,0.0,1.0,45.4412,12.3202,250.0,0.0,0.01,0.0,0.0,0.0,0.0,0.0,0.0,0.0,0.01,0.0,0.0,0.0,0.0,0.0,0.0,0.0,4.95,9.35,False
2022-03-14 06:56:20.493,ETR700,e700_4801,152019,_1Q21_,IR chiuso in cassa T2,N,2022-03-14 09:20:38.102,8658.0,Venezia,AT,T2_1Q2_IR,45.4412,12.3202,0,2022-03-14 06:56:15.701,0.0,0.0,0.0,0.0,0.0,1.0,1.0,32.0,0.0,1.0,29.2,29.2,29.2,29.1,3489.0,1200.0,2.0,0.0,4.0,45.4412,12.3202,0.0,0.0,2.65,2.62,2.62,2.64,2.42,2.14,2.13,2.6,2.64,2.6,2.63,2.62,2.41,2.14,2.13,2.61,0.0,8.6,False
2022-03-14 06:56:16.107,ETR700,e700_4801,150006,_Running_,Stato RUNNING attivo,N,2022-03-14 09:20:38.902,8663.0,Venezia,VEHICLE,VEHICLE,45.4412,12.3202,0,2022-03-14 06:56:11.299,0.0,0.0,0.0,0.0,0.0,1.0,1.0,32.0,0.0,1.0,29.1,29.2,29.2,29.1,3508.0,1200.0,2.0,0.0,4.0,45.4412,12.3202,0.0,0.0,2.65,2.62,2.62,2.64,2.42,2.14,2.13,2.6,2.64,2.6,2.63,2.62,2.41,2.14,2.13,2.61,0.0,8.62,False
2022-03-14 06:56:15.901,ETR700,e700_4801,ILCK_PROP_11M8,ILCK_PROP_11M8,Cod. 11 Rilascio Porte Destre Attivo,N,2022-03-14 07:18:45.899,1350.0,Venezia,MDS,MDS,45.4412,12.3202,0,2022-03-14 06:56:11.299,0.0,0.0,0.0,0.0,0.0,1.0,1.0,32.0,0.0,1.0,29.1,29.2,29.2,29.1,3508.0,1200.0,2.0,0.0,4.0,45.4412,12.3202,0.0,0.0,2.65,2.62,2.62,2.64,2.42,2.14,2.13,2.6,2.64,2.6,2.63,2.62,2.41,2.14,2.13,2.61,0.0,8.62,False
2022-03-14 06:45:13.899,ETR700,e700_4801,150009,_Parking_,Stato PARKING attivo,N,2022-03-14 06:56:16.107,663.0,Venezia,VEHICLE,VEHICLE,45.4412,12.3202,0,2022-03-14 06:45:08.901,0.0,0.0,0.0,0.0,0.0,1.0,1.0,64.0,0.0,1.0,29.1,29.2,29.3,29.1,3487.0,1200.0,2.0,0.0,2.0,45.4412,12.3202,0.0,0.0,2.65,2.61,2.64,2.65,2.43,2.13,2.12,2.64,2.62,2.59,2.63,2.63,2.41,2.13,2.12,2.63,0.52,9.43,False
2022-03-14 06:45:08.901,ETR700,e700_4801,151014,_DCPantoSts_,Pantografo DC alto in T2,N,2022-03-14 09:20:45.296,9337.0,Venezia,VEHICLE,VEHICLE,45.4412,12.3202,0,2022-03-14 06:45:04.699,0.0,0.0,0.0,0.0,0.0,0.0,1.0,60.0,0.0,1.0,29.1,29.2,29.2,29.1,3501.0,1200.0,2.0,0.0,1.0,45.4412,12.3202,0.0,0.0,2.63,2.59,2.62,2.64,2.42,2.13,2.1,2.63,2.62,2.58,2.63,2.63,2.39,2.12,2.11,2.63,0.83,9.47,False
2022-03-14 06:45:04.903,ETR700,e700_4801,150007,_Standby_,Stato STANDBY attivo,N,2022-03-14 06:45:13.899,9.0,Venezia,VEHICLE,VEHICLE,45.4412,12.3202,0,2022-03-14 06:45:04.699,0.0,0.0,0.0,0.0,0.0,0.0,1.0,60.0,0.0,1.0,29.1,29.2,29.2,29.1,3501.0,1200.0,2.0,0.0,1.0,45.4412,12.3202,0.0,0.0,2.63,2.59,2.62,2.64,2.42,2.13,2.1,2.63,2.62,2.58,2.63,2.63,2.39,2.12,2.11,2.63,0.83,9.47,False
2022-03-14 06:45:04.699,ETR700,e700_4801,018202,CCU_FltWtbComm,Mancata comunicazione WTB in CCU M8,N,2022-03-14 06:45:06.104,2.0,Venezia,VEHICLE,VEHICLE,45.4412,12.3202,1,2022-03-14 06:45:04.699,0.0,0.0,0.0,0.0,0.0,0.0,1.0,60.0,0.0,1.0,29.1,29.2,29.2,29.1,3501.0,1200.0,2.0,0.0,1.0,45.4412,12.3202,0.0,0.0,2.63,2.59,2.62,2.64,2.42,2.13,2.1,2.63,2.62,2.58,2.63,2.63,2.39,2.12,2.11,2.63,0.83,9.47,False
2022-03-14 06:45:04.699,ETR700,e700_4801,018201,CCU_FltWtbR2,Mancata ricezione R2 in CCU M8,N,2022-03-14 06:45:06.104,2.0,Venezia,VEHICLE,VEHICLE,45.4412,12.3202,1,2022-03-14 06:45:04.699,0.0,0.0,0.0,0.0,0.0,0.0,1.0,60.0,0.0,1.0,29.1,29.2,29.2,29.1,3501.0,1200.0,2.0,0.0,1.0,45.4412,12.3202,0.0,0.0,2.63,2.59,2.62,2.64,2.42,2.13,2.1,2.63,2.62,2.58,2.63,2.63,2.39,2.12,2.11,2.63,0.83,9.47,False
2022-03-14 06:45:04.699,ETR700,e700_4801,ILCK_PROP_15,ILCK_PROP_15,Cod. 15 Nessun banco abilitato,N,2022-03-14 06:56:15.901,672.0,Venezia,MDS,MDS,45.4412,12.3202,1,2022-03-14 06:45:04.699,0.0,0.0,0.0,0.0,0.0,0.0,1.0,60.0,0.0,1.0,29.1,29.2,29.2,29.1,3501.0,1200.0,2.0,0.0,1.0,45.4412,12.3202,0.0,0.0,2.63,2.59,2.62,2.64,2.42,2.13,2.1,2.63,2.62,2.58,2.63,2.63,2.39,2.12,2.11,2.63,0.83,9.47,False
2022-03-14 06:43:37.901,ETR700,e700_4801,ILCK_PROP_02,ILCK_PROP_02,Cod. 02 Taglio trazione comandato da RCEC,N,2022-03-14 06:57:40.297,843.0,Venezia,VEHICLE,VEHICLE,45.4412,12.3202,0,2022-03-14 06:43:37.302,1.0,0.0,1.0,0.0,0.0,0.0,1.0,77.0,0.0,1.0,28.9,29.2,29.2,29.1,3464.0,1200.0,2.0,0.0,1.0,45.4412,12.3202,30.0,0.0,2.59,2.49,2.59,2.62,2.4,2.1,2.08,2.62,2.58,2.48,2.6,2.6,2.37,2.09,2.09,2.6,0.69,7.73,False
2022-03-14 06:27:30.698,ETR700,e700_4801,ILCK_PROP_09,ILCK_PROP_09,Cod. 09 Gradino macchinista aperto,N,2022-03-14 06:27:46.296,16.0,Venezia,VEHICLE,VEHICLE,45.4812,12.2328,1,2022-03-14 06:27:30.698,1.0,0.0,1.0,0.0,0.0,0.0,1.0,73.0,0.0,1.0,28.9,29.2,29.2,29.1,3602.0,1200.0,2.0,0.0,1.0,45.4812,12.2328,30.0,0.0,0.5,0.5,0.5,0.51,0.49,0.5,0.49,0.5,0.49,0.5,0.52,0.49,0.49,0.51,0.5,0.49,4.46,9.4,True
2022-03-14 06:16:36.102,ETR700,e700_4801,ILCK_PROP_10,ILCK_PROP_10,Cod. 10 Nessuna velocita' impostata,N,2022-03-14 06:16:36.7,1.0,Venezia,VEHICLE,VEHICLE,45.4813,12.2153,0,2022-03-14 06:16:32.297,1.0,0.0,1.0,0.0,0.0,0.0,1.0,72.0,0.0,1.0,29.0,29.2,29.2,29.1,3600.0,1200.0,2.0,0.0,1.0,45.4813,12.2152,250.0,6.0,0.01,0.0,0.0,0.0,0.01,0.0,0.0,0.01,0.01,0.0,0.0,0.0,0.0,0.0,0.0,0.0,4.94,8.45,False
2022-03-14 06:16:33.704,ETR700,e700_4801,ILCK_PROP_10,ILCK_PROP_10,Cod. 10 Nessuna velocita' impostata,N,2022-03-14 06:16:34.1,1.0,Venezia,VEHICLE,VEHICLE,45.4813,12.2153,0,2022-03-14 06:16:32.297,1.0,0.0,1.0,0.0,0.0,0.0,1.0,72.0,0.0,1.0,29.0,29.2,29.2,29.1,3600.0,1200.0,2.0,0.0,1.0,45.4813,12.2152,250.0,6.0,0.01,0.0,0.0,0.0,0.01,0.0,0.0,0.01,0.01,0.0,0.0,0.0,0.0,0.0,0.0,0.0,4.94,8.45,False
2022-03-14 06:06:26.896,ETR700,e700_4801,151023,_Front_,Direzione avanti in M1,N,2022-03-14 06:44:07.698,2261.0,Venezia,VEHICLE,VEHICLE,45.4812,12.2149,1,2022-03-14 06:06:26.896,1.0,0.0,1.0,0.0,0.0,0.0,1.0,72.0,0.0,1.0,28.9,29.2,29.2,29.1,3572.0,1200.0,2.0,0.0,1.0,45.4812,12.2149,250.0,0.0,0.01,0.0,0.0,0.0,0.0,0.0,0.0,0.0,0.0,0.0,0.0,0.0,0.0,0.0,0.0,0.0,4.94,8.98,False
2022-03-14 06:06:26.896,ETR700,e700_4801,158024,_Rear_,Direzione indietro in M8,N,2022-03-14 06:44:07.698,2261.0,Venezia,VEHICLE,VEHICLE,45.4812,12.2149,1,2022-03-14 06:06:26.896,1.0,0.0,1.0,0.0,0.0,0.0,1.0,72.0,0.0,1.0,28.9,29.2,29.2,29.1,3572.0,1200.0,2.0,0.0,1.0,45.4812,12.2149,250.0,0.0,0.01,0.0,0.0,0.0,0.0,0.0,0.0,0.0,0.0,0.0,0.0,0.0,0.0,0.0,0.0,0.0,4.94,8.98,False
2022-03-14 05:46:48.500,ETR700,e700_4801,ILCK_PROP_11M1,ILCK_PROP_11M1,Cod. 11 Rilascio Porte Destre Attivo,N,2022-03-14 06:03:24.1,996.0,Venezia,MDS,MDS,45.4812,12.2149,0,2022-03-14 05:46:44.101,1.0,0.0,1.0,0.0,0.0,0.0,1.0,94.0,0.0,1.0,29.0,29.2,29.2,29.1,3644.0,1200.0,2.0,0.0,1.0,45.4812,12.2149,250.0,0.0,1.32,1.35,1.41,1.46,1.29,1.09,1.17,1.36,1.3,1.33,1.42,1.43,1.27,1.08,1.17,1.36,4.1,9.51,False
2022-03-14 05:44:39.101,ETR700,e700_4801,158024,_Rear_,Direzione indietro in M8,N,2022-03-14 05:44:49.301,11.0,Venezia,VEHICLE,VEHICLE,45.4812,12.2149,0,2022-03-14 05:44:38.9,1.0,0.0,1.0,0.0,0.0,0.0,1.0,94.0,0.0,1.0,28.9,29.2,29.2,29.1,3653.0,1200.0,2.0,0.0,1.0,45.4812,12.2149,250.0,0.0,0.01,0.0,0.0,0.0,0.0,0.0,0.0,0.0,0.0,0.0,0.0,0.0,0.0,0.0,0.0,0.0,4.95,8.92,False
2022-03-14 05:44:38.900,ETR700,e700_4801,151023,_Front_,Direzione avanti in M1,N,2022-03-14 05:44:49.102,11.0,Venezia,VEHICLE,VEHICLE,45.4812,12.2149,1,2022-03-14 05:44:38.9,1.0,0.0,1.0,0.0,0.0,0.0,1.0,94.0,0.0,1.0,28.9,29.2,29.2,29.1,3653.0,1200.0,2.0,0.0,1.0,45.4812,12.2149,250.0,0.0,0.01,0.0,0.0,0.0,0.0,0.0,0.0,0.0,0.0,0.0,0.0,0.0,0.0,0.0,0.0,0.0,4.95,8.92,False
2022-03-14 05:41:48.901,ETR700,e700_4801,158024,_Rear_,Direzione indietro in M8,N,2022-03-14 05:42:19.305,31.0,Venezia,VEHICLE,VEHICLE,45.4812,12.2149,0,2022-03-14 05:41:48.7,1.0,0.0,1.0,0.0,0.0,0.0,1.0,89.0,0.0,1.0,28.9,29.2,29.2,29.1,3634.0,1200.0,2.0,0.0,1.0,45.4812,12.2149,250.0,0.0,0.01,0.0,0.0,0.0,0.0,0.0,0.0,0.0,0.0,0.0,0.0,0.0,0.0,0.0,0.0,0.0,4.95,8.91,False
2022-03-14 05:41:48.700,ETR700,e700_4801,151023,_Front_,Direzione avanti in M1,N,2022-03-14 05:42:19.105,31.0,Venezia,VEHICLE,VEHICLE,45.4812,12.2149,1,2022-03-14 05:41:48.7,1.0,0.0,1.0,0.0,0.0,0.0,1.0,89.0,0.0,1.0,28.9,29.2,29.2,29.1,3634.0,1200.0,2.0,0.0,1.0,45.4812,12.2149,250.0,0.0,0.01,0.0,0.0,0.0,0.0,0.0,0.0,0.0,0.0,0.0,0.0,0.0,0.0,0.0,0.0,0.0,4.95,8.91,False
2022-03-14 05:39:59.699,ETR700,e700_4801,ILCK_PROP_11M1,ILCK_PROP_11M1,Cod. 11 Rilascio Porte Destre Attivo,N,2022-03-14 05:40:05.695,6.0,Venezia,MDS,MDS,45.4812,12.215,0,2022-03-14 05:39:55.899,1.0,0.0,1.0,0.0,0.0,0.0,1.0,150.0,0.0,1.0,29.0,29.2,29.2,29.1,3512.0,2400.0,2.0,0.0,1.0,45.4812,12.215,250.0,0.0,0.01,0.0,0.0,0.0,0.01,0.0,0.0,0.0,0.0,0.0,0.01,0.0,0.0,0.0,0.0,0.01,4.96,8.27,False
2022-03-14 05:38:45.105,ETR700,e700_4801,018200,CCU_FltWtbR1,Mancata ricezione R1 in CCU M8,N,2022-03-14 05:38:47.025,2.0,Venezia,VEHICLE,VEHICLE,45.4812,12.2149,0,2022-03-14 05:38:40.501,0.0,0.0,0.0,0.0,0.0,1.0,1.0,60.0,0.0,1.0,29.1,29.2,29.2,29.1,3638.0,2400.0,2.0,0.0,2.0,45.4812,12.2149,0.0,0.0,2.69,2.56,2.68,2.64,2.42,2.09,2.12,2.58,2.68,2.53,2.66,2.63,2.41,2.09,2.12,2.6,0.0,9.21,True
2022-03-14 05:38:45.105,ETR700,e700_4801,150006,_Running_,Stato RUNNING attivo,N,2022-03-14 06:45:04.903,3980.0,Venezia,VEHICLE,VEHICLE,45.4812,12.2149,0,2022-03-14 05:38:40.501,0.0,0.0,0.0,0.0,0.0,1.0,1.0,60.0,0.0,1.0,29.1,29.2,29.2,29.1,3638.0,2400.0,2.0,0.0,2.0,45.4812,12.2149,0.0,0.0,2.69,2.56,2.68,2.64,2.42,2.09,2.12,2.58,2.68,2.53,2.66,2.63,2.41,2.09,2.12,2.6,0.0,9.21,False
2022-03-14 05:38:44.700,ETR700,e700_4801,ILCK_PROP_19M1,ILCK_PROP_19M1,Cod. 19 Maniglia Allarme Passeggeri Attivata,N,2022-03-14 05:38:45.105,1.0,Venezia,MDS,MDS,45.4812,12.2149,0,2022-03-14 05:38:40.501,0.0,0.0,0.0,0.0,0.0,1.0,1.0,60.0,0.0,1.0,29.1,29.2,29.2,29.1,3638.0,2400.0,2.0,0.0,2.0,45.4812,12.2149,0.0,0.0,2.69,2.56,2.68,2.64,2.42,2.09,2.12,2.58,2.68,2.53,2.66,2.63,2.41,2.09,2.12,2.6,0.0,9.21,True
2022-03-14 05:38:40.501,ETR700,e700_4801,150007,_Standby_,Stato STANDBY attivo,N,2022-03-14 05:38:45.105,5.0,Venezia,VEHICLE,VEHICLE,45.4812,12.2149,1,2022-03-14 05:38:40.501,0.0,0.0,0.0,0.0,0.0,1.0,1.0,60.0,0.0,1.0,29.1,29.2,29.2,29.1,3638.0,2400.0,2.0,0.0,2.0,45.4812,12.2149,0.0,0.0,2.69,2.56,2.68,2.64,2.42,2.09,2.12,2.58,2.68,2.53,2.66,2.63,2.41,2.09,2.12,2.6,0.0,9.21,False
2022-03-13 17:46:01.499,ETR700,e700_4801,150009,_Parking_,Stato PARKING attivo,N,2022-03-14 05:38:40.501,42760.0,Venezia,VEHICLE,VEHICLE,45.4812,12.2149,0,2022-03-13 17:45:57.902,0.0,0.0,0.0,0.0,0.0,1.0,1.0,48.0,0.0,1.0,29.1,29.2,29.3,29.1,3625.0,2400.0,2.0,0.0,2.0,45.4812,12.2149,0.0,0.0,2.64,2.58,2.66,2.62,2.4,2.09,2.14,2.63,2.62,2.57,2.64,2.62,2.39,2.09,2.14,2.63,0.29,8.47,False
2022-03-13 17:45:57.902,ETR700,e700_4801,151014,_DCPantoSts_,Pantografo DC alto in T2,N,2022-03-14 05:38:52.3,42775.0,Venezia,VEHICLE,VEHICLE,45.4812,12.2149,0,2022-03-13 17:45:53.701,0.0,0.0,0.0,0.0,0.0,0.0,1.0,48.0,0.0,1.0,29.1,29.2,29.3,29.1,3610.0,2400.0,2.0,0.0,1.0,45.4812,12.2149,30.0,0.0,2.64,2.57,2.64,2.63,2.4,2.09,2.13,2.63,2.62,2.55,2.64,2.61,2.37,2.09,2.13,2.63,0.29,8.49,False
2022-03-13 17:45:54.105,ETR700,e700_4801,150007,_Standby_,Stato STANDBY attivo,N,2022-03-13 17:46:01.499,8.0,Venezia,VEHICLE,VEHICLE,45.4812,12.2149,0,2022-03-13 17:45:53.701,0.0,0.0,0.0,0.0,0.0,0.0,1.0,48.0,0.0,1.0,29.1,29.2,29.3,29.1,3610.0,2400.0,2.0,0.0,1.0,45.4812,12.2149,30.0,0.0,2.64,2.57,2.64,2.63,2.4,2.09,2.13,2.63,2.62,2.55,2.64,2.61,2.37,2.09,2.13,2.63,0.29,8.49,False
2022-03-13 17:45:53.701,ETR700,e700_4801,018202,CCU_FltWtbComm,Mancata comunicazione WTB in CCU M8,N,2022-03-13 17:45:55.3,2.0,Venezia,VEHICLE,VEHICLE,45.4812,12.2149,1,2022-03-13 17:45:53.701,0.0,0.0,0.0,0.0,0.0,0.0,1.0,48.0,0.0,1.0,29.1,29.2,29.3,29.1,3610.0,2400.0,2.0,0.0,1.0,45.4812,12.2149,30.0,0.0,2.64,2.57,2.64,2.63,2.4,2.09,2.13,2.63,2.62,2.55,2.64,2.61,2.37,2.09,2.13,2.63,0.29,8.49,False
2022-03-13 17:45:53.701,ETR700,e700_4801,018201,CCU_FltWtbR2,Mancata ricezione R2 in CCU M8,N,2022-03-13 17:45:55.3,2.0,Venezia,VEHICLE,VEHICLE,45.4812,12.2149,1,2022-03-13 17:45:53.701,0.0,0.0,0.0,0.0,0.0,0.0,1.0,48.0,0.0,1.0,29.1,29.2,29.3,29.1,3610.0,2400.0,2.0,0.0,1.0,45.4812,12.2149,30.0,0.0,2.64,2.57,2.64,2.63,2.4,2.09,2.13,2.63,2.62,2.55,2.64,2.61,2.37,2.09,2.13,2.63,0.29,8.49,False
2022-03-13 17:45:53.701,ETR700,e700_4801,ILCK_PROP_15,ILCK_PROP_15,Cod. 15 Nessun banco abilitato,N,2022-03-14 05:38:44.7,42771.0,Venezia,MDS,MDS,45.4812,12.2149,1,2022-03-13 17:45:53.701,0.0,0.0,0.0,0.0,0.0,0.0,1.0,48.0,0.0,1.0,29.1,29.2,29.3,29.1,3610.0,2400.0,2.0,0.0,1.0,45.4812,12.2149,30.0,0.0,2.64,2.57,2.64,2.63,2.4,2.09,2.13,2.63,2.62,2.55,2.64,2.61,2.37,2.09,2.13,2.63,0.29,8.49,False
2022-03-13 17:45:21.301,ETR700,e700_4801,ILCK_PROP_02,ILCK_PROP_02,Cod. 02 Taglio trazione comandato da RCEC,N,2022-03-14 05:40:30.098,42909.0,Venezia,VEHICLE,VEHICLE,45.4812,12.2149,0,2022-03-13 17:45:16.699,1.0,0.0,1.0,0.0,0.0,0.0,1.0,56.0,0.0,1.0,29.1,29.2,29.2,29.1,3686.0,2400.0,2.0,0.0,1.0,45.4812,12.2149,30.0,0.0,2.57,2.37,2.67,2.77,2.55,1.82,2.22,2.65,2.54,2.46,2.64,2.69,2.47,1.85,2.22,2.59,0.19,8.57,False
2022-03-13 17:36:16.499,ETR700,e700_4801,151023,_Front_,Direzione avanti in M1,N,2022-03-13 17:44:32.304,496.0,Venezia,VEHICLE,VEHICLE,45.4802,12.2016,0,2022-03-13 17:36:11.5,1.0,0.0,1.0,0.0,0.0,0.0,1.0,52.0,0.0,1.0,29.1,29.2,29.3,29.2,3664.0,2400.0,2.0,0.0,1.0,45.4802,12.2016,0.0,0.0,0.01,0.0,0.0,0.0,0.0,0.0,0.0,0.0,0.01,0.0,0.0,0.0,0.0,0.0,0.0,0.01,4.95,8.99,False
2022-03-13 17:36:16.499,ETR700,e700_4801,158024,_Rear_,Direzione indietro in M8,N,2022-03-13 17:44:32.304,496.0,Venezia,VEHICLE,VEHICLE,45.4802,12.2016,0,2022-03-13 17:36:11.5,1.0,0.0,1.0,0.0,0.0,0.0,1.0,52.0,0.0,1.0,29.1,29.2,29.3,29.2,3664.0,2400.0,2.0,0.0,1.0,45.4802,12.2016,0.0,0.0,0.01,0.0,0.0,0.0,0.0,0.0,0.0,0.0,0.01,0.0,0.0,0.0,0.0,0.0,0.0,0.01,4.95,8.99,False
2022-03-13 17:36:11.500,ETR700,e700_4801,ILCK_PROP_10,ILCK_PROP_10,Cod. 10 Nessuna velocita' impostata,N,2022-03-13 17:36:13.302,2.0,Venezia,VEHICLE,VEHICLE,45.4802,12.2016,0,2022-03-13 17:36:11.299,1.0,0.0,1.0,0.0,0.0,0.0,1.0,52.0,0.0,1.0,29.1,29.2,29.2,29.2,3663.0,2400.0,2.0,0.0,1.0,45.4802,12.2016,245.0,0.0,0.01,0.0,0.0,0.0,0.0,0.0,0.0,0.0,0.01,0.0,0.0,0.0,0.0,0.0,0.0,0.01,4.95,8.99,False
2022-03-13 17:31:12.909,ETR700,e700_4801,018202,CCU_FltWtbComm,Mancata comunicazione WTB in CCU M8,N,2022-03-13 17:31:14.702,2.0,Venezia,VEHICLE,VEHICLE,45.4802,12.2016,0,2022-03-13 17:31:11.7,0.0,0.0,0.0,0.0,0.0,1.0,1.0,36.0,1.0,0.0,29.1,29.2,29.3,29.2,3576.0,2400.0,2.0,0.0,2.0,45.4802,12.2016,0.0,0.0,2.64,2.58,2.68,2.62,2.4,2.09,2.13,2.58,2.64,2.56,2.66,2.61,2.39,2.09,2.12,2.62,0.03,8.92,False
2022-03-13 17:31:12.909,ETR700,e700_4801,018200,CCU_FltWtbR1,Mancata ricezione R1 in CCU M8,N,2022-03-13 17:31:14.702,2.0,Venezia,VEHICLE,VEHICLE,45.4802,12.2016,0,2022-03-13 17:31:11.7,0.0,0.0,0.0,0.0,0.0,1.0,1.0,36.0,1.0,0.0,29.1,29.2,29.3,29.2,3576.0,2400.0,2.0,0.0,2.0,45.4802,12.2016,0.0,0.0,2.64,2.58,2.68,2.62,2.4,2.09,2.13,2.58,2.64,2.56,2.66,2.61,2.39,2.09,2.12,2.62,0.03,8.92,True
2022-03-13 17:31:12.909,ETR700,e700_4801,ILCK_PROP_02,ILCK_PROP_02,Cod. 02 Taglio trazione comandato da RCEC,N,2022-03-13 17:31:59.7,47.0,Venezia,VEHICLE,VEHICLE,45.4802,12.2016,0,2022-03-13 17:31:11.7,0.0,0.0,0.0,0.0,0.0,1.0,1.0,36.0,1.0,0.0,29.1,29.2,29.3,29.2,3576.0,2400.0,2.0,0.0,2.0,45.4802,12.2016,0.0,0.0,2.64,2.58,2.68,2.62,2.4,2.09,2.13,2.58,2.64,2.56,2.66,2.61,2.39,2.09,2.12,2.62,0.03,8.92,False
2022-03-13 17:31:12.909,ETR700,e700_4801,150006,_Running_,Stato RUNNING attivo,N,2022-03-13 17:45:54.105,882.0,Venezia,VEHICLE,VEHICLE,45.4802,12.2016,0,2022-03-13 17:31:11.7,0.0,0.0,0.0,0.0,0.0,1.0,1.0,36.0,1.0,0.0,29.1,29.2,29.3,29.2,3576.0,2400.0,2.0,0.0,2.0,45.4802,12.2016,0.0,0.0,2.64,2.58,2.68,2.62,2.4,2.09,2.13,2.58,2.64,2.56,2.66,2.61,2.39,2.09,2.12,2.62,0.03,8.92,False
2022-03-13 17:31:11.700,ETR700,e700_4801,150007,_Standby_,Stato STANDBY attivo,N,2022-03-13 17:31:12.909,2.0,Venezia,VEHICLE,VEHICLE,45.4802,12.2016,1,2022-03-13 17:31:11.7,0.0,0.0,0.0,0.0,0.0,1.0,1.0,36.0,1.0,0.0,29.1,29.2,29.3,29.2,3576.0,2400.0,2.0,0.0,2.0,45.4802,12.2016,0.0,0.0,2.64,2.58,2.68,2.62,2.4,2.09,2.13,2.58,2.64,2.56,2.66,2.61,2.39,2.09,2.12,2.62,0.03,8.92,False
2022-03-13 17:26:46.902,ETR700,e700_4801,150009,_Parking_,Stato PARKING attivo,N,2022-03-13 17:31:11.7,265.0,Venezia,VEHICLE,VEHICLE,45.4802,12.2016,0,2022-03-13 17:26:41.986,0.0,0.0,0.0,0.0,0.0,1.0,0.0,56.0,1.0,0.0,29.1,29.2,29.2,29.1,3531.0,2400.0,2.0,0.0,2.0,45.4802,12.2016,0.0,0.0,2.63,2.51,2.69,2.62,2.4,2.08,2.12,2.59,2.62,2.5,2.66,2.62,2.39,2.08,2.12,2.61,0.36,8.55,False
2022-03-13 17:26:43.702,ETR700,e700_4801,158014,_DCPantoSts_,Pantografo DC alto in T7,N,2022-03-14 06:56:28.3,48585.0,Venezia,VEHICLE,VEHICLE,45.4802,12.2016,0,2022-03-13 17:26:39.299,0.0,1.0,2.0,0.0,0.0,1.0,0.0,56.0,1.0,0.0,29.1,29.2,29.2,29.1,3503.0,2400.0,2.0,0.0,1.0,45.4802,12.2016,30.0,0.0,2.63,2.49,2.66,2.62,2.4,2.08,2.1,2.59,2.62,2.47,2.66,2.6,2.37,2.07,2.11,2.6,0.36,8.55,False
2022-03-13 17:26:39.506,ETR700,e700_4801,ILCK_PROP_15,ILCK_PROP_15,Cod. 15 Nessun banco abilitato,N,2022-03-13 17:31:12.909,274.0,Venezia,MDS,MDS,45.4802,12.2016,0,2022-03-13 17:26:39.299,0.0,1.0,2.0,0.0,0.0,1.0,0.0,56.0,1.0,0.0,29.1,29.2,29.2,29.1,3503.0,2400.0,2.0,0.0,1.0,45.4802,12.2016,30.0,0.0,2.63,2.49,2.66,2.62,2.4,2.08,2.1,2.59,2.62,2.47,2.66,2.6,2.37,2.07,2.11,2.6,0.36,8.55,False
2022-03-13 17:26:39.506,ETR700,e700_4801,150007,_Standby_,Stato STANDBY attivo,N,2022-03-13 17:26:46.902,8.0,Venezia,VEHICLE,VEHICLE,45.4802,12.2016,0,2022-03-13 17:26:39.299,0.0,1.0,2.0,0.0,0.0,1.0,0.0,56.0,1.0,0.0,29.1,29.2,29.2,29.1,3503.0,2400.0,2.0,0.0,1.0,45.4802,12.2016,30.0,0.0,2.63,2.49,2.66,2.62,2.4,2.08,2.1,2.59,2.62,2.47,2.66,2.6,2.37,2.07,2.11,2.6,0.36,8.55,False
2022-03-13 17:26:39.299,ETR700,e700_4801,011202,CCU_FltWtbComm,Mancata comunicazione WTB in CCU M1,N,2022-03-13 17:26:41.091,2.0,Venezia,VEHICLE,VEHICLE,45.4802,12.2016,1,2022-03-13 17:26:39.299,0.0,1.0,2.0,0.0,0.0,1.0,0.0,56.0,1.0,0.0,29.1,29.2,29.2,29.1,3503.0,2400.0,2.0,0.0,1.0,45.4802,12.2016,30.0,0.0,2.63,2.49,2.66,2.62,2.4,2.08,2.1,2.59,2.62,2.47,2.66,2.6,2.37,2.07,2.11,2.6,0.36,8.55,False
2022-03-13 17:26:39.299,ETR700,e700_4801,011201,CCU_FltWtbR2,Mancata ricezione R2 in CCU M1,N,2022-03-13 17:26:41.091,2.0,Venezia,VEHICLE,VEHICLE,45.4802,12.2016,1,2022-03-13 17:26:39.299,0.0,1.0,2.0,0.0,0.0,1.0,0.0,56.0,1.0,0.0,29.1,29.2,29.2,29.1,3503.0,2400.0,2.0,0.0,1.0,45.4802,12.2016,30.0,0.0,2.63,2.49,2.66,2.62,2.4,2.08,2.1,2.59,2.62,2.47,2.66,2.6,2.37,2.07,2.11,2.6,0.36,8.55,False
2022-03-13 17:25:12.301,ETR700,e700_4801,158024,_Rear_,Direzione indietro in M8,N,2022-03-13 17:25:12.707,1.0,Venezia,VEHICLE,VEHICLE,45.4804,12.2041,1,2022-03-13 17:25:12.301,0.0,1.0,2.0,0.0,0.0,1.0,0.0,56.0,1.0,0.0,29.1,29.2,29.2,29.1,3630.0,2400.0,2.0,0.0,1.0,45.4804,12.2041,30.0,12.0,0.01,0.0,0.0,0.0,0.0,0.0,0.0,0.0,0.0,0.0,0.0,0.0,0.0,0.0,0.0,0.01,4.96,9.51,False
2022-03-13 17:20:12.103,ETR700,e700_4801,152019,_1Q21_,IR chiuso in cassa T2,N,2022-03-13 17:31:18.303,667.0,Venezia,AT,T2_1Q2_IR,45.4822,12.2131,0,2022-03-13 17:20:10.098,0.0,1.0,2.0,0.0,0.0,1.0,0.0,8.0,0.0,0.0,23.7,24.0,24.1,24.1,3582.0,2400.0,2.0,0.0,1.0,45.4822,12.2131,30.0,8.0,0.01,0.0,0.0,0.0,0.01,0.0,0.0,0.0,0.01,0.0,0.01,0.0,0.0,0.0,0.0,0.01,4.96,9.0,False
2022-03-13 17:20:10.098,ETR700,e700_4801,150017,_CmdCloseIR_,Comando chiusura IR/IP da banco,N,2022-03-13 17:20:12.304,3.0,Venezia,VEHICLE,VEHICLE,45.4822,12.2131,1,2022-03-13 17:20:10.098,0.0,1.0,2.0,0.0,0.0,1.0,0.0,8.0,0.0,0.0,23.7,24.0,24.1,24.1,3582.0,2400.0,2.0,0.0,1.0,45.4822,12.2131,30.0,8.0,0.01,0.0,0.0,0.0,0.01,0.0,0.0,0.0,0.01,0.0,0.01,0.0,0.0,0.0,0.0,0.01,4.96,9.0,False
2022-03-13 17:19:34.487,ETR700,e700_4801,ILCK_PROP_21M8,ILCK_PROP_21M8,Cod. 21 AT non presente,N,2022-03-13 17:20:12.304,38.0,Venezia,MDS,MDS,45.4825,12.2142,0,2022-03-13 17:19:30.102,0.0,1.0,2.0,0.0,0.0,1.0,0.0,81.0,1.0,0.0,29.1,29.2,29.3,29.1,3579.0,2400.0,2.0,0.0,1.0,45.4825,12.2144,30.0,11.0,0.01,0.0,0.0,0.0,0.01,0.0,0.0,0.0,0.01,0.0,0.01,0.0,0.0,0.0,0.0,0.0,4.96,9.14,False
2022-03-13 17:19:33.252,ETR700,e700_4801,150016,_IRIP_OpenSts_,Nessun IR o IP chiuso,N,2022-03-13 17:20:12.103,39.0,Venezia,VEHICLE,VEHICLE,45.4825,12.2143,0,2022-03-13 17:19:30.102,0.0,1.0,2.0,0.0,0.0,1.0,0.0,81.0,1.0,0.0,29.1,29.2,29.3,29.1,3579.0,2400.0,2.0,0.0,1.0,45.4825,12.2144,30.0,11.0,0.01,0.0,0.0,0.0,0.01,0.0,0.0,0.0,0.01,0.0,0.01,0.0,0.0,0.0,0.0,0.0,4.96,9.14,False
2022-03-13 17:19:31.504,ETR700,e700_4801,150018,_CmdOpenIR_,Comando apertura IR/IP da banco,N,2022-03-13 17:19:32.702,2.0,Venezia,VEHICLE,VEHICLE,45.4825,12.2144,0,2022-03-13 17:19:30.102,0.0,1.0,2.0,0.0,0.0,1.0,0.0,81.0,1.0,0.0,29.1,29.2,29.3,29.1,3579.0,2400.0,2.0,0.0,1.0,45.4825,12.2144,30.0,11.0,0.01,0.0,0.0,0.0,0.01,0.0,0.0,0.0,0.01,0.0,0.01,0.0,0.0,0.0,0.0,0.0,4.96,9.14,False
2022-03-13 17:18:07.101,ETR700,e700_4801,158023,_Front_,Direzione avanti in M8,N,2022-03-13 17:25:12.301,426.0,Venezia,VEHICLE,VEHICLE,45.4829,12.2162,1,2022-03-13 17:18:07.101,0.0,1.0,2.0,0.0,0.0,1.0,0.0,40.0,1.0,0.0,29.1,29.2,29.3,29.1,3551.0,2400.0,2.0,0.0,1.0,45.4829,12.2162,30.0,0.0,0.01,0.0,0.0,0.0,0.0,0.0,0.0,0.0,0.0,0.0,0.0,0.0,0.0,0.0,0.0,0.0,4.95,9.04,False
2022-03-13 17:18:07.101,ETR700,e700_4801,151024,_Rear_,Direzione indietro in M1,N,2022-03-13 17:25:12.707,426.0,Venezia,VEHICLE,VEHICLE,45.4829,12.2162,1,2022-03-13 17:18:07.101,0.0,1.0,2.0,0.0,0.0,1.0,0.0,40.0,1.0,0.0,29.1,29.2,29.3,29.1,3551.0,2400.0,2.0,0.0,1.0,45.4829,12.2162,30.0,0.0,0.01,0.0,0.0,0.0,0.0,0.0,0.0,0.0,0.0,0.0,0.0,0.0,0.0,0.0,0.0,0.0,4.95,9.04,False
2022-03-13 17:17:59.498,ETR700,e700_4801,ILCK_PROP_10,ILCK_PROP_10,Cod. 10 Nessuna velocita' impostata,N,2022-03-13 17:18:01.497,2.0,Venezia,VEHICLE,VEHICLE,45.4829,12.2162,1,2022-03-13 17:17:59.498,0.0,1.0,2.0,0.0,0.0,1.0,0.0,44.0,1.0,0.0,29.1,29.2,29.3,29.1,3550.0,2400.0,2.0,0.0,1.0,45.4829,12.2162,0.0,0.0,0.01,0.0,0.0,0.0,0.0,0.0,0.0,0.0,0.0,0.0,0.0,0.0,0.0,0.0,0.0,0.0,4.95,9.06,False
2022-03-13 17:08:47.707,ETR700,e700_4801,011202,CCU_FltWtbComm,Mancata comunicazione WTB in CCU M1,N,2022-03-13 17:08:49.298,2.0,Venezia,VEHICLE,VEHICLE,45.4829,12.2163,0,2022-03-13 17:08:47.501,0.0,1.0,0.0,0.0,0.0,1.0,1.0,40.0,1.0,0.0,29.1,29.2,29.3,29.1,3565.0,2400.0,2.0,0.0,4.0,45.4829,12.2163,0.0,0.0,2.73,2.58,2.66,2.63,2.41,2.08,2.06,2.58,2.73,2.56,2.64,2.62,2.39,2.08,2.06,2.6,0.0,9.36,False
2022-03-13 17:08:47.707,ETR700,e700_4801,011200,CCU_FltWtbR1,Mancata ricezione R1 in CCU M1,N,2022-03-13 17:08:49.298,2.0,Venezia,VEHICLE,VEHICLE,45.4829,12.2163,0,2022-03-13 17:08:47.501,0.0,1.0,0.0,0.0,0.0,1.0,1.0,40.0,1.0,0.0,29.1,29.2,29.3,29.1,3565.0,2400.0,2.0,0.0,4.0,45.4829,12.2163,0.0,0.0,2.73,2.58,2.66,2.63,2.41,2.08,2.06,2.58,2.73,2.56,2.64,2.62,2.39,2.08,2.06,2.6,0.0,9.36,False
2022-03-13 17:08:47.707,ETR700,e700_4801,ILCK_PROP_02,ILCK_PROP_02,Cod. 02 Taglio trazione comandato da RCEC,N,2022-03-13 17:09:20.699,33.0,Venezia,VEHICLE,VEHICLE,45.4829,12.2163,0,2022-03-13 17:08:47.501,0.0,1.0,0.0,0.0,0.0,1.0,1.0,40.0,1.0,0.0,29.1,29.2,29.3,29.1,3565.0,2400.0,2.0,0.0,4.0,45.4829,12.2163,0.0,0.0,2.73,2.58,2.66,2.63,2.41,2.08,2.06,2.58,2.73,2.56,2.64,2.62,2.39,2.08,2.06,2.6,0.0,9.36,False
2022-03-13 17:08:47.707,ETR700,e700_4801,150006,_Running_,Stato RUNNING attivo,N,2022-03-13 17:26:39.506,1072.0,Venezia,VEHICLE,VEHICLE,45.4829,12.2163,0,2022-03-13 17:08:47.501,0.0,1.0,0.0,0.0,0.0,1.0,1.0,40.0,1.0,0.0,29.1,29.2,29.3,29.1,3565.0,2400.0,2.0,0.0,4.0,45.4829,12.2163,0.0,0.0,2.73,2.58,2.66,2.63,2.41,2.08,2.06,2.58,2.73,2.56,2.64,2.62,2.39,2.08,2.06,2.6,0.0,9.36,False
2022-03-13 17:08:47.501,ETR700,e700_4801,ILCK_PROP_11M8,ILCK_PROP_11M8,Cod. 11 Rilascio Porte Destre Attivo,N,2022-03-13 17:17:07.7,501.0,Venezia,MDS,MDS,45.4829,12.2163,1,2022-03-13 17:08:47.501,0.0,1.0,0.0,0.0,0.0,1.0,1.0,40.0,1.0,0.0,29.1,29.2,29.3,29.1,3565.0,2400.0,2.0,0.0,4.0,45.4829,12.2163,0.0,0.0,2.73,2.58,2.66,2.63,2.41,2.08,2.06,2.58,2.73,2.56,2.64,2.62,2.39,2.08,2.06,2.6,0.0,9.36,False
2022-03-13 15:38:39.502,ETR700,e700_4801,150009,_Parking_,Stato PARKING attivo,N,2022-03-13 17:08:47.707,5409.0,Venezia,VEHICLE,VEHICLE,45.4829,12.2162,0,2022-03-13 15:38:35.902,0.0,0.0,0.0,0.0,0.0,1.0,1.0,60.0,1.0,0.0,28.4,28.3,28.3,28.0,3671.0,2400.0,2.0,0.0,2.0,45.4829,12.2162,0.0,0.0,2.77,2.61,2.67,2.64,2.42,2.11,2.13,2.56,2.74,2.61,2.65,2.64,2.41,2.1,2.12,2.58,0.0,8.97,False
2022-03-13 15:38:35.902,ETR700,e700_4801,158014,_DCPantoSts_,Pantografo DC alto in T7,N,2022-03-13 17:08:55.9,5420.0,Venezia,VEHICLE,VEHICLE,45.4829,12.2162,0,2022-03-13 15:38:31.504,0.0,0.0,0.0,0.0,0.0,1.0,0.0,60.0,1.0,0.0,28.4,28.3,28.3,27.9,3675.0,2400.0,2.0,0.0,1.0,45.4829,12.2162,250.0,0.0,2.76,2.6,2.66,2.65,2.41,2.11,2.12,2.55,2.74,2.59,2.65,2.64,2.41,2.1,2.11,2.57,0.0,9.0,False
2022-03-13 15:38:31.705,ETR700,e700_4801,150007,_Standby_,Stato STANDBY attivo,N,2022-03-13 15:38:39.502,8.0,Venezia,VEHICLE,VEHICLE,45.4829,12.2162,0,2022-03-13 15:38:31.504,0.0,0.0,0.0,0.0,0.0,1.0,0.0,60.0,1.0,0.0,28.4,28.3,28.3,27.9,3675.0,2400.0,2.0,0.0,1.0,45.4829,12.2162,250.0,0.0,2.76,2.6,2.66,2.65,2.41,2.11,2.12,2.55,2.74,2.59,2.65,2.64,2.41,2.1,2.11,2.57,0.0,9.0,False
2022-03-13 15:38:31.504,ETR700,e700_4801,011202,CCU_FltWtbComm,Mancata comunicazione WTB in CCU M1,N,2022-03-13 15:38:33.302,2.0,Venezia,VEHICLE,VEHICLE,45.4829,12.2162,1,2022-03-13 15:38:31.504,0.0,0.0,0.0,0.0,0.0,1.0,0.0,60.0,1.0,0.0,28.4,28.3,28.3,27.9,3675.0,2400.0,2.0,0.0,1.0,45.4829,12.2162,250.0,0.0,2.76,2.6,2.66,2.65,2.41,2.11,2.12,2.55,2.74,2.59,2.65,2.64,2.41,2.1,2.11,2.57,0.0,9.0,False
2022-03-13 15:38:31.504,ETR700,e700_4801,011201,CCU_FltWtbR2,Mancata ricezione R2 in CCU M1,N,2022-03-13 15:38:33.302,2.0,Venezia,VEHICLE,VEHICLE,45.4829,12.2162,1,2022-03-13 15:38:31.504,0.0,0.0,0.0,0.0,0.0,1.0,0.0,60.0,1.0,0.0,28.4,28.3,28.3,27.9,3675.0,2400.0,2.0,0.0,1.0,45.4829,12.2162,250.0,0.0,2.76,2.6,2.66,2.65,2.41,2.11,2.12,2.55,2.74,2.59,2.65,2.64,2.41,2.1,2.11,2.57,0.0,9.0,False
2022-03-13 15:38:31.504,ETR700,e700_4801,ILCK_PROP_15,ILCK_PROP_15,Cod. 15 Nessun banco abilitato,N,2022-03-13 17:08:47.501,5416.0,Venezia,MDS,MDS,45.4829,12.2162,1,2022-03-13 15:38:31.504,0.0,0.0,0.0,0.0,0.0,1.0,0.0,60.0,1.0,0.0,28.4,28.3,28.3,27.9,3675.0,2400.0,2.0,0.0,1.0,45.4829,12.2162,250.0,0.0,2.76,2.6,2.66,2.65,2.41,2.11,2.12,2.55,2.74,2.59,2.65,2.64,2.41,2.1,2.11,2.57,0.0,9.0,False
2022-03-13 15:38:17.700,ETR700,e700_4801,ILCK_PROP_11M8,ILCK_PROP_11M8,Cod. 11 Rilascio Porte Destre Attivo,N,2022-03-13 15:38:31.504,14.0,Venezia,MDS,MDS,45.4829,12.2162,0,2022-03-13 15:38:16.099,0.0,1.0,0.0,0.0,0.0,1.0,0.0,56.0,1.0,0.0,28.4,28.3,28.3,27.9,3666.0,2400.0,2.0,0.0,1.0,45.4829,12.2162,250.0,0.0,2.76,2.61,2.66,2.65,2.41,2.11,2.13,2.55,2.74,2.59,2.65,2.64,2.41,2.1,2.11,2.58,0.0,9.17,False
2022-03-13 15:37:54.504,ETR700,e700_4801,ILCK_PROP_02,ILCK_PROP_02,Cod. 02 Taglio trazione comandato da RCEC,N,2022-03-13 15:38:31.705,38.0,Venezia,VEHICLE,VEHICLE,45.4829,12.2162,0,2022-03-13 15:37:53.902,0.0,0.0,0.0,0.0,0.0,1.0,1.0,48.0,1.0,0.0,28.3,28.2,28.2,27.8,3670.0,2400.0,2.0,0.0,4.0,45.4829,12.2162,0.0,0.0,2.75,2.62,2.66,2.64,2.42,2.11,2.13,2.56,2.74,2.6,2.65,2.64,2.4,2.11,2.11,2.57,0.0,9.37,False
2022-03-13 15:37:54.504,ETR700,e700_4801,150006,_Running_,Stato RUNNING attivo,N,2022-03-13 15:38:31.705,38.0,Venezia,VEHICLE,VEHICLE,45.4829,12.2162,0,2022-03-13 15:37:53.902,0.0,0.0,0.0,0.0,0.0,1.0,1.0,48.0,1.0,0.0,28.3,28.2,28.2,27.8,3670.0,2400.0,2.0,0.0,4.0,45.4829,12.2162,0.0,0.0,2.75,2.62,2.66,2.64,2.42,2.11,2.13,2.56,2.74,2.6,2.65,2.64,2.4,2.11,2.11,2.57,0.0,9.37,False
2022-03-13 15:37:53.902,ETR700,e700_4801,011202,CCU_FltWtbComm,Mancata comunicazione WTB in CCU M1,N,2022-03-13 15:37:55.7,2.0,Venezia,VEHICLE,VEHICLE,45.4829,12.2162,1,2022-03-13 15:37:53.902,0.0,0.0,0.0,0.0,0.0,1.0,1.0,48.0,1.0,0.0,28.3,28.2,28.2,27.8,3670.0,2400.0,2.0,0.0,4.0,45.4829,12.2162,0.0,0.0,2.75,2.62,2.66,2.64,2.42,2.11,2.13,2.56,2.74,2.6,2.65,2.64,2.4,2.11,2.11,2.57,0.0,9.37,False
2022-03-13 15:37:53.902,ETR700,e700_4801,011200,CCU_FltWtbR1,Mancata ricezione R1 in CCU M1,N,2022-03-13 15:37:55.7,2.0,Venezia,VEHICLE,VEHICLE,45.4829,12.2162,1,2022-03-13 15:37:53.902,0.0,0.0,0.0,0.0,0.0,1.0,1.0,48.0,1.0,0.0,28.3,28.2,28.2,27.8,3670.0,2400.0,2.0,0.0,4.0,45.4829,12.2162,0.0,0.0,2.75,2.62,2.66,2.64,2.42,2.11,2.13,2.56,2.74,2.6,2.65,2.64,2.4,2.11,2.11,2.57,0.0,9.37,False
2022-03-13 15:37:29.099,ETR700,e700_4801,150009,_Parking_,Stato PARKING attivo,N,2022-03-13 15:37:54.504,26.0,Venezia,VEHICLE,VEHICLE,45.4829,12.2162,0,2022-03-13 15:37:25.325,0.0,0.0,0.0,0.0,0.0,1.0,0.0,48.0,1.0,0.0,28.3,28.2,28.2,27.8,3683.0,2400.0,2.0,0.0,2.0,45.4829,12.2162,0.0,0.0,2.76,2.63,2.66,2.64,2.42,2.11,2.13,2.55,2.75,2.61,2.65,2.64,2.4,2.11,2.13,2.57,0.0,9.52,False
2022-03-13 15:37:26.102,ETR700,e700_4801,158014,_DCPantoSts_,Pantografo DC alto in T7,N,2022-03-13 15:38:02.101,36.0,Venezia,VEHICLE,VEHICLE,45.4829,12.2162,0,2022-03-13 15:37:21.301,0.0,1.0,0.0,0.0,0.0,1.0,0.0,56.0,1.0,0.0,28.3,28.2,28.1,27.7,3694.0,2400.0,2.0,0.0,1.0,45.4829,12.2162,250.0,0.0,2.76,2.6,2.65,2.64,2.42,2.11,2.13,2.54,2.74,2.59,2.64,2.64,2.4,2.1,2.11,2.57,0.0,9.45,False
2022-03-13 15:37:22.506,ETR700,e700_4801,150007,_Standby_,Stato STANDBY attivo,N,2022-03-13 15:37:29.099,7.0,Venezia,VEHICLE,VEHICLE,45.4829,12.2162,0,2022-03-13 15:37:17.699,0.0,1.0,0.0,0.0,0.0,1.0,0.0,60.0,1.0,0.0,28.3,28.2,28.1,27.7,3685.0,2400.0,2.0,0.0,1.0,45.4829,12.2162,250.0,0.0,2.76,2.6,2.65,2.65,2.42,2.11,2.13,2.54,2.74,2.59,2.64,2.64,2.4,2.1,2.11,2.57,0.0,9.28,False
2022-03-13 15:37:21.504,ETR700,e700_4801,011202,CCU_FltWtbComm,Mancata comunicazione WTB in CCU M1,N,2022-03-13 15:37:23.301,2.0,Venezia,VEHICLE,VEHICLE,45.4829,12.2162,0,2022-03-13 15:37:17.699,0.0,1.0,0.0,0.0,0.0,1.0,0.0,60.0,1.0,0.0,28.3,28.2,28.1,27.7,3685.0,2400.0,2.0,0.0,1.0,45.4829,12.2162,250.0,0.0,2.76,2.6,2.65,2.65,2.42,2.11,2.13,2.54,2.74,2.59,2.64,2.64,2.4,2.1,2.11,2.57,0.0,9.28,False
2022-03-13 15:37:21.504,ETR700,e700_4801,011201,CCU_FltWtbR2,Mancata ricezione R2 in CCU M1,N,2022-03-13 15:37:23.301,2.0,Venezia,VEHICLE,VEHICLE,45.4829,12.2162,0,2022-03-13 15:37:17.699,0.0,1.0,0.0,0.0,0.0,1.0,0.0,60.0,1.0,0.0,28.3,28.2,28.1,27.7,3685.0,2400.0,2.0,0.0,1.0,45.4829,12.2162,250.0,0.0,2.76,2.6,2.65,2.65,2.42,2.11,2.13,2.54,2.74,2.59,2.64,2.64,2.4,2.1,2.11,2.57,0.0,9.28,False
2022-03-13 15:37:21.504,ETR700,e700_4801,ILCK_PROP_15,ILCK_PROP_15,Cod. 15 Nessun banco abilitato,N,2022-03-13 15:37:54.307,33.0,Venezia,MDS,MDS,45.4829,12.2162,0,2022-03-13 15:37:17.699,0.0,1.0,0.0,0.0,0.0,1.0,0.0,60.0,1.0,0.0,28.3,28.2,28.1,27.7,3685.0,2400.0,2.0,0.0,1.0,45.4829,12.2162,250.0,0.0,2.76,2.6,2.65,2.65,2.42,2.11,2.13,2.54,2.74,2.59,2.64,2.64,2.4,2.1,2.11,2.57,0.0,9.28,False
2022-03-13 15:35:33.302,ETR700,e700_4801,088173,_CabFiltrfrshairsat_,Filtro aria fresca sporco,N,2022-03-14 01:44:20.3,36527.0,Venezia,HVAC,HVAC_CAB_M8,45.4829,12.2162,1,2022-03-13 15:35:33.302,0.0,1.0,0.0,0.0,0.0,1.0,0.0,40.0,1.0,0.0,27.8,27.7,27.6,27.3,3621.0,2400.0,2.0,0.0,1.0,45.4829,12.2162,250.0,0.0,2.76,2.62,2.66,2.66,2.43,2.11,2.13,2.55,2.75,2.6,2.64,2.64,2.41,2.11,2.13,2.57,0.0,3.34,True
2022-03-13 15:34:50.302,ETR700,e700_4801,152019,_1Q21_,IR chiuso in cassa T2,N,2022-03-13 17:19:32.972,6283.0,Venezia,AT,T2_1Q2_IR,45.4829,12.2162,0,2022-03-13 15:34:48.501,0.0,1.0,0.0,0.0,0.0,1.0,0.0,8.0,0.0,0.0,22.6,23.1,23.2,23.1,3630.0,2400.0,2.0,0.0,1.0,45.4829,12.2162,250.0,0.0,2.76,2.62,2.66,2.66,2.43,2.11,2.14,2.55,2.75,2.6,2.64,2.64,2.41,2.11,2.13,2.57,0.0,2.67,False
2022-03-13 15:34:48.501,ETR700,e700_4801,150017,_CmdCloseIR_,Comando chiusura IR/IP da banco,N,2022-03-13 15:34:51.501,3.0,Venezia,VEHICLE,VEHICLE,45.4829,12.2162,1,2022-03-13 15:34:48.501,0.0,1.0,0.0,0.0,0.0,1.0,0.0,8.0,0.0,0.0,22.6,23.1,23.2,23.1,3630.0,2400.0,2.0,0.0,1.0,45.4829,12.2162,250.0,0.0,2.76,2.62,2.66,2.66,2.43,2.11,2.14,2.55,2.75,2.6,2.64,2.64,2.41,2.11,2.13,2.57,0.0,2.67,False
2022-03-13 15:34:10.100,ETR700,e700_4801,151014,_DCPantoSts_,Pantografo DC alto in T2,N,2022-03-13 17:31:24.901,7035.0,Venezia,VEHICLE,VEHICLE,45.4829,12.2162,1,2022-03-13 15:34:10.1,0.0,1.0,0.0,0.0,0.0,1.0,0.0,0.0,0.0,0.0,22.8,23.3,23.4,23.5,0.0,2400.0,2.0,0.0,1.0,45.4829,12.2162,250.0,0.0,2.75,2.63,2.66,2.66,2.43,2.11,2.14,2.55,2.75,2.61,2.64,2.65,2.41,2.11,2.13,2.57,0.0,2.69,False
2022-03-13 15:34:03.098,ETR700,e700_4801,150012,_CmdPantoUp_,Comando alzamento panto da banco,N,2022-03-13 15:34:03.495,1.0,Venezia,VEHICLE,VEHICLE,45.4829,12.2162,1,2022-03-13 15:34:03.098,0.0,1.0,0.0,0.0,0.0,0.0,0.0,0.0,0.0,0.0,22.8,23.3,23.4,23.5,0.0,2400.0,2.0,0.0,1.0,45.4829,12.2162,250.0,0.0,2.76,2.63,2.66,2.66,2.43,2.11,2.13,2.55,2.75,2.6,2.64,2.64,2.41,2.11,2.13,2.57,0.0,2.69,False
2022-03-13 15:33:45.101,ETR700,e700_4801,150013,_CmdPantoDw_,Comando abbassamento panto da banco,N,2022-03-13 15:33:54.701,10.0,Venezia,VEHICLE,VEHICLE,45.4829,12.2162,0,2022-03-13 15:33:44.898,0.0,1.0,0.0,0.0,0.0,2.0,0.0,0.0,0.0,0.0,22.9,23.3,23.4,23.5,0.0,2400.0,2.0,0.0,1.0,45.4829,12.2162,250.0,0.0,2.76,2.63,2.66,2.66,2.43,2.11,2.14,2.55,2.75,2.61,2.64,2.65,2.41,2.11,2.13,2.57,0.0,2.7,True
2022-03-13 15:33:20.897,ETR700,e700_4801,ILCK_IR_T2_52,ILCK_IR_T2_52,Cod 52. Comando apertura DC per guasto Pantografo,N,2022-03-13 15:33:50.899,31.0,Venezia,AT,T2_1Q2_IR,45.4829,12.2162,0,2022-03-13 15:33:15.898,0.0,1.0,0.0,0.0,0.0,2.0,0.0,0.0,0.0,0.0,22.9,23.4,23.5,23.5,0.0,2400.0,2.0,0.0,1.0,45.4829,12.2162,250.0,0.0,2.76,2.63,2.66,2.66,2.43,2.11,2.14,2.55,2.75,2.61,2.64,2.65,2.41,2.11,2.13,2.57,0.0,2.71,True
2022-03-13 15:33:09.291,ETR700,e700_4801,150027,_CmdTCUFailReset_,Comando riconfigurazione e reset da banco,N,2022-03-13 15:33:16.299,8.0,Venezia,VEHICLE,VEHICLE,45.4829,12.2162,0,2022-03-13 15:33:04.418,0.0,1.0,0.0,0.0,0.0,2.0,0.0,2.0,0.0,0.0,22.8,23.3,23.4,23.5,0.0,2400.0,2.0,0.0,1.0,45.4829,12.2162,250.0,0.0,2.76,2.63,2.66,2.65,2.43,2.11,2.14,2.55,2.75,2.61,2.65,2.65,2.41,2.11,2.13,2.58,0.0,2.71,True
2022-03-13 15:33:04.917,ETR700,e700_4801,ILCK_IR_T2_42,ILCK_IR_T2_42,Cod 42. Pantografo DC non alto,N,2022-03-13 15:34:10.1,66.0,Venezia,AT,T2_1Q2_IR,45.4829,12.2162,0,2022-03-13 15:33:03.418,0.0,1.0,0.0,0.0,0.0,2.0,0.0,2.0,0.0,0.0,22.8,23.3,23.4,23.4,0.0,2400.0,2.0,0.0,1.0,45.4829,12.2162,250.0,0.0,2.76,2.63,2.66,2.66,2.42,2.11,2.14,2.55,2.75,2.61,2.64,2.65,2.41,2.11,2.13,2.57,0.0,2.71,True
2022-03-13 15:33:04.917,ETR700,e700_4801,150011,_PantoLowSts_,Nessun pantografo alto,N,2022-03-13 15:34:10.1,66.0,Venezia,VEHICLE,VEHICLE,45.4829,12.2162,0,2022-03-13 15:33:03.418,0.0,1.0,0.0,0.0,0.0,2.0,0.0,2.0,0.0,0.0,22.8,23.3,23.4,23.4,0.0,2400.0,2.0,0.0,1.0,45.4829,12.2162,250.0,0.0,2.76,2.63,2.66,2.66,2.42,2.11,2.14,2.55,2.75,2.61,2.64,2.65,2.41,2.11,2.13,2.57,0.0,2.71,False
2022-03-13 15:33:04.418,ETR700,e700_4801,150018,_CmdOpenIR_,Comando apertura IR/IP da banco,N,2022-03-13 15:33:15.898,12.0,Venezia,VEHICLE,VEHICLE,45.4829,12.2162,0,2022-03-13 15:33:03.418,0.0,1.0,0.0,0.0,0.0,2.0,0.0,2.0,0.0,0.0,22.8,23.3,23.4,23.4,0.0,2400.0,2.0,0.0,1.0,45.4829,12.2162,250.0,0.0,2.76,2.63,2.66,2.66,2.42,2.11,2.14,2.55,2.75,2.61,2.64,2.65,2.41,2.11,2.13,2.57,0.0,2.71,False
2022-03-13 15:33:04.418,ETR700,e700_4801,150013,_CmdPantoDw_,Comando abbassamento panto da banco,N,2022-03-13 15:33:16.9,13.0,Venezia,VEHICLE,VEHICLE,45.4829,12.2162,0,2022-03-13 15:33:03.418,0.0,1.0,0.0,0.0,0.0,2.0,0.0,2.0,0.0,0.0,22.8,23.3,23.4,23.4,0.0,2400.0,2.0,0.0,1.0,45.4829,12.2162,250.0,0.0,2.76,2.63,2.66,2.66,2.42,2.11,2.14,2.55,2.75,2.61,2.64,2.65,2.41,2.11,2.13,2.57,0.0,2.71,True
2022-03-13 15:32:57.700,ETR700,e700_4801,020006,_NokVoltSts_,Incoerenza Tensione di Linea ,N,2022-03-13 15:34:02.9,66.0,Venezia,VEHICLE,VEHICLE,45.4829,12.2162,0,2022-03-13 15:32:52.701,0.0,1.0,0.0,0.0,0.0,1.0,0.0,8.0,1.0,0.0,22.8,23.3,23.3,23.3,3594.0,2400.0,2.0,0.0,1.0,45.4829,12.2162,250.0,0.0,2.75,2.62,2.66,2.66,2.42,2.11,2.14,2.55,2.75,2.61,2.64,2.64,2.41,2.11,2.13,2.57,0.0,2.72,True
2022-03-13 15:32:55.702,ETR700,e700_4801,ILCK_IR_T2_52,ILCK_IR_T2_52,Cod 52. Comando apertura DC per guasto Pantografo,N,2022-03-13 15:33:19.098,24.0,Venezia,AT,T2_1Q2_IR,45.4829,12.2162,0,2022-03-13 15:32:51.101,0.0,1.0,0.0,0.0,0.0,1.0,0.0,8.0,0.0,0.0,22.8,23.3,23.4,23.3,3592.0,2400.0,2.0,0.0,1.0,45.4829,12.2163,250.0,0.0,2.76,2.62,2.66,2.66,2.43,2.11,2.14,2.55,2.75,2.61,2.65,2.65,2.41,2.11,2.13,2.57,0.0,2.72,True
2022-03-13 15:32:55.702,ETR700,e700_4801,ILCK_PROP_21M8,ILCK_PROP_21M8,Cod. 21 AT non presente,N,2022-03-13 15:34:50.302,115.0,Venezia,MDS,MDS,45.4829,12.2162,0,2022-03-13 15:32:51.101,0.0,1.0,0.0,0.0,0.0,1.0,0.0,8.0,0.0,0.0,22.8,23.3,23.4,23.3,3592.0,2400.0,2.0,0.0,1.0,45.4829,12.2163,250.0,0.0,2.76,2.62,2.66,2.66,2.43,2.11,2.14,2.55,2.75,2.61,2.65,2.65,2.41,2.11,2.13,2.57,0.0,2.72,False
2022-03-13 15:32:55.702,ETR700,e700_4801,150016,_IRIP_OpenSts_,Nessun IR o IP chiuso,N,2022-03-13 15:34:50.302,115.0,Venezia,VEHICLE,VEHICLE,45.4829,12.2162,0,2022-03-13 15:32:51.101,0.0,1.0,0.0,0.0,0.0,1.0,0.0,8.0,0.0,0.0,22.8,23.3,23.4,23.3,3592.0,2400.0,2.0,0.0,1.0,45.4829,12.2163,250.0,0.0,2.76,2.62,2.66,2.66,2.43,2.11,2.14,2.55,2.75,2.61,2.65,2.65,2.41,2.11,2.13,2.57,0.0,2.72,False
2022-03-13 15:32:52.701,ETR700,e700_4801,152019,_1Q21_,IR chiuso in cassa T2,N,2022-03-13 15:32:55.702,4.0,Venezia,AT,T2_1Q2_IR,45.4829,12.2162,0,2022-03-13 15:32:51.101,0.0,1.0,0.0,0.0,0.0,1.0,0.0,8.0,0.0,0.0,22.8,23.3,23.4,23.3,3592.0,2400.0,2.0,0.0,1.0,45.4829,12.2163,250.0,0.0,2.76,2.62,2.66,2.66,2.43,2.11,2.14,2.55,2.75,2.61,2.65,2.65,2.41,2.11,2.13,2.57,0.0,2.72,False
2022-03-13 15:32:51.101,ETR700,e700_4801,150017,_CmdCloseIR_,Comando chiusura IR/IP da banco,N,2022-03-13 15:32:51.699,1.0,Venezia,VEHICLE,VEHICLE,45.4829,12.2163,1,2022-03-13 15:32:51.101,0.0,1.0,0.0,0.0,0.0,1.0,0.0,8.0,0.0,0.0,22.8,23.3,23.4,23.3,3592.0,2400.0,2.0,0.0,1.0,45.4829,12.2163,250.0,0.0,2.76,2.62,2.66,2.66,2.43,2.11,2.14,2.55,2.75,2.61,2.65,2.65,2.41,2.11,2.13,2.57,0.0,2.72,False
2022-03-13 15:32:31.101,ETR700,e700_4801,151014,_DCPantoSts_,Pantografo DC alto in T2,N,2022-03-13 15:32:55.702,25.0,Venezia,VEHICLE,VEHICLE,45.4829,12.2162,1,2022-03-13 15:32:31.101,0.0,1.0,0.0,0.0,0.0,1.0,0.0,0.0,0.0,0.0,23.0,23.4,23.5,23.5,0.0,2400.0,2.0,0.0,1.0,45.4829,12.2162,250.0,0.0,2.76,2.63,2.66,2.66,2.42,2.11,2.14,2.55,2.75,2.61,2.64,2.65,2.4,2.11,2.13,2.57,0.0,2.73,False
2022-03-13 15:32:24.101,ETR700,e700_4801,150012,_CmdPantoUp_,Comando alzamento panto da banco,N,2022-03-13 15:32:25.301,2.0,Venezia,VEHICLE,VEHICLE,45.4829,12.2162,1,2022-03-13 15:32:24.101,0.0,1.0,0.0,0.0,0.0,0.0,0.0,0.0,0.0,0.0,23.0,23.5,23.6,23.5,0.0,2400.0,2.0,0.0,1.0,45.4829,12.2162,250.0,0.0,2.76,2.63,2.66,2.66,2.42,2.11,2.14,2.55,2.75,2.6,2.64,2.65,2.4,2.11,2.13,2.57,0.0,2.73,False
2022-03-13 15:31:46.699,ETR700,e700_4801,ILCK_IR_T2_52,ILCK_IR_T2_52,Cod 52. Comando apertura DC per guasto Pantografo,N,2022-03-13 15:32:16.701,31.0,Venezia,AT,T2_1Q2_IR,45.4829,12.2162,0,2022-03-13 15:31:43.72,0.0,1.0,0.0,0.0,0.0,2.0,0.0,0.0,0.0,0.0,23.8,24.2,24.3,24.2,0.0,2400.0,2.0,0.0,1.0,45.4829,12.2162,250.0,0.0,2.76,2.62,2.66,2.66,2.42,2.11,2.14,2.54,2.75,2.61,2.64,2.65,2.41,2.11,2.13,2.57,0.0,2.75,True
2022-03-13 15:31:35.099,ETR700,e700_4801,150027,_CmdTCUFailReset_,Comando riconfigurazione e reset da banco,N,2022-03-13 15:32:13.901,39.0,Venezia,VEHICLE,VEHICLE,45.4829,12.2162,0,2022-03-13 15:31:30.102,0.0,1.0,0.0,0.0,0.0,2.0,0.0,0.0,2.0,0.0,24.0,24.4,24.5,24.5,0.0,2400.0,2.0,0.0,1.0,45.4829,12.2162,250.0,0.0,2.75,2.63,2.66,2.65,2.42,2.11,2.14,2.54,2.75,2.61,2.64,2.65,2.41,2.11,2.13,2.57,0.0,2.75,True
2022-03-13 15:31:30.102,ETR700,e700_4801,150018,_CmdOpenIR_,Comando apertura IR/IP da banco,N,2022-03-13 15:32:13.901,44.0,Venezia,VEHICLE,VEHICLE,45.4829,12.2162,0,2022-03-13 15:31:29.897,0.0,1.0,0.0,0.0,0.0,2.0,0.0,0.0,2.0,0.0,24.0,24.4,24.5,24.5,0.0,2400.0,2.0,0.0,1.0,45.4829,12.2162,250.0,0.0,2.76,2.63,2.66,2.66,2.42,2.11,2.14,2.54,2.75,2.61,2.64,2.65,2.41,2.11,2.13,2.57,0.0,2.75,False
2022-03-13 15:31:30.102,ETR700,e700_4801,150013,_CmdPantoDw_,Comando abbassamento panto da banco,N,2022-03-13 15:32:15.303,46.0,Venezia,VEHICLE,VEHICLE,45.4829,12.2162,0,2022-03-13 15:31:29.897,0.0,1.0,0.0,0.0,0.0,2.0,0.0,0.0,2.0,0.0,24.0,24.4,24.5,24.5,0.0,2400.0,2.0,0.0,1.0,45.4829,12.2162,250.0,0.0,2.76,2.63,2.66,2.66,2.42,2.11,2.14,2.54,2.75,2.61,2.64,2.65,2.41,2.11,2.13,2.57,0.0,2.75,True
2022-03-13 15:31:17.735,ETR700,e700_4801,ILCK_IR_T2_42,ILCK_IR_T2_42,Cod 42. Pantografo DC non alto,N,2022-03-13 15:32:31.101,74.0,Venezia,AT,T2_1Q2_IR,45.4829,12.2162,0,2022-03-13 15:31:15.114,0.0,1.0,0.0,0.0,0.0,2.0,0.0,2.0,2.0,0.0,24.0,24.4,24.4,24.4,0.0,2400.0,2.0,0.0,1.0,45.4829,12.2162,250.0,0.0,2.76,2.62,2.66,2.66,2.42,2.11,2.14,2.54,2.75,2.61,2.64,2.65,2.41,2.11,2.14,2.57,0.0,2.77,True
2022-03-13 15:31:17.735,ETR700,e700_4801,150011,_PantoLowSts_,Nessun pantografo alto,N,2022-03-13 15:32:31.101,74.0,Venezia,VEHICLE,VEHICLE,45.4829,12.2162,0,2022-03-13 15:31:15.114,0.0,1.0,0.0,0.0,0.0,2.0,0.0,2.0,2.0,0.0,24.0,24.4,24.4,24.4,0.0,2400.0,2.0,0.0,1.0,45.4829,12.2162,250.0,0.0,2.76,2.62,2.66,2.66,2.42,2.11,2.14,2.54,2.75,2.61,2.64,2.65,2.41,2.11,2.14,2.57,0.0,2.77,False
2022-03-13 15:31:15.114,ETR700,e700_4801,ILCK_IR_T2_45,ILCK_IR_T2_45,Cod 45. Inconguenza tra comando e segnale di ritorno per HSCB ,N,2022-03-13 15:31:35.529,21.0,Venezia,AT,T2_1Q2_IR,45.4829,12.2162,0,2022-03-13 15:31:11.897,0.0,1.0,0.0,0.0,0.0,2.0,0.0,6.0,0.0,0.0,24.0,24.4,24.4,24.4,54.0,2400.0,2.0,0.0,1.0,45.4829,12.2162,250.0,0.0,2.76,2.62,2.66,2.65,2.42,2.12,2.14,2.54,2.75,2.6,2.64,2.65,2.41,2.11,2.13,2.57,0.0,2.77,True
2022-03-13 15:31:08.900,ETR700,e700_4801,ILCK_IR_T2_52,ILCK_IR_T2_52,Cod 52. Comando apertura DC per guasto Pantografo,N,2022-03-13 15:31:44.9,36.0,Venezia,AT,T2_1Q2_IR,45.4829,12.2162,0,2022-03-13 15:31:06.297,0.0,1.0,0.0,0.0,0.0,1.0,0.0,8.0,0.0,0.0,24.0,24.4,24.4,24.4,3506.0,2400.0,2.0,0.0,1.0,45.4829,12.2162,250.0,0.0,2.75,2.63,2.66,2.65,2.42,2.11,2.14,2.54,2.75,2.61,2.64,2.65,2.41,2.11,2.13,2.57,0.0,2.77,True
2022-03-13 15:31:08.900,ETR700,e700_4801,ILCK_PROP_21M8,ILCK_PROP_21M8,Cod. 21 AT non presente,N,2022-03-13 15:32:52.901,105.0,Venezia,MDS,MDS,45.4829,12.2162,0,2022-03-13 15:31:06.297,0.0,1.0,0.0,0.0,0.0,1.0,0.0,8.0,0.0,0.0,24.0,24.4,24.4,24.4,3506.0,2400.0,2.0,0.0,1.0,45.4829,12.2162,250.0,0.0,2.75,2.63,2.66,2.65,2.42,2.11,2.14,2.54,2.75,2.61,2.64,2.65,2.41,2.11,2.13,2.57,0.0,2.77,False
2022-03-13 15:31:08.900,ETR700,e700_4801,150016,_IRIP_OpenSts_,Nessun IR o IP chiuso,N,2022-03-13 15:32:52.701,104.0,Venezia,VEHICLE,VEHICLE,45.4829,12.2162,0,2022-03-13 15:31:06.297,0.0,1.0,0.0,0.0,0.0,1.0,0.0,8.0,0.0,0.0,24.0,24.4,24.4,24.4,3506.0,2400.0,2.0,0.0,1.0,45.4829,12.2162,250.0,0.0,2.75,2.63,2.66,2.65,2.42,2.11,2.14,2.54,2.75,2.61,2.64,2.65,2.41,2.11,2.13,2.57,0.0,2.77,False
2022-03-13 15:31:08.299,ETR700,e700_4801,152019,_1Q21_,IR chiuso in cassa T2,N,2022-03-13 15:31:08.9,1.0,Venezia,AT,T2_1Q2_IR,45.4829,12.2162,0,2022-03-13 15:31:06.297,0.0,1.0,0.0,0.0,0.0,1.0,0.0,8.0,0.0,0.0,24.0,24.4,24.4,24.4,3506.0,2400.0,2.0,0.0,1.0,45.4829,12.2162,250.0,0.0,2.75,2.63,2.66,2.65,2.42,2.11,2.14,2.54,2.75,2.61,2.64,2.65,2.41,2.11,2.13,2.57,0.0,2.77,False
2022-03-13 15:31:06.297,ETR700,e700_4801,150017,_CmdCloseIR_,Comando chiusura IR/IP da banco,N,2022-03-13 15:31:08.098,2.0,Venezia,VEHICLE,VEHICLE,45.4829,12.2162,1,2022-03-13 15:31:06.297,0.0,1.0,0.0,0.0,0.0,1.0,0.0,8.0,0.0,0.0,24.0,24.4,24.4,24.4,3506.0,2400.0,2.0,0.0,1.0,45.4829,12.2162,250.0,0.0,2.75,2.63,2.66,2.65,2.42,2.11,2.14,2.54,2.75,2.61,2.64,2.65,2.41,2.11,2.13,2.57,0.0,2.77,False
2022-03-13 15:30:51.098,ETR700,e700_4801,150025,_9S13_,Pressione CP sotto 7.5 bar in M1 (press. 9S13),N,2022-03-13 15:37:18.898,388.0,Venezia,VEHICLE,VEHICLE,45.4829,12.2162,1,2022-03-13 15:30:51.098,0.0,1.0,0.0,0.0,0.0,1.0,0.0,0.0,0.0,0.0,24.2,24.5,24.6,24.6,0.0,2400.0,2.0,0.0,1.0,45.4829,12.2162,250.0,0.0,2.75,2.63,2.66,2.65,2.42,2.12,2.14,2.54,2.74,2.61,2.64,2.65,2.42,2.11,2.13,2.57,0.0,2.78,True
2022-03-13 15:30:51.098,ETR700,e700_4801,151014,_DCPantoSts_,Pantografo DC alto in T2,N,2022-03-13 15:31:08.502,18.0,Venezia,VEHICLE,VEHICLE,45.4829,12.2162,1,2022-03-13 15:30:51.098,0.0,1.0,0.0,0.0,0.0,1.0,0.0,0.0,0.0,0.0,24.2,24.5,24.6,24.6,0.0,2400.0,2.0,0.0,1.0,45.4829,12.2162,250.0,0.0,2.75,2.63,2.66,2.65,2.42,2.12,2.14,2.54,2.74,2.61,2.64,2.65,2.42,2.11,2.13,2.57,0.0,2.78,False
2022-03-13 15:30:51.098,ETR700,e700_4801,ILCK_PROP_02,ILCK_PROP_02,Cod. 02 Taglio trazione comandato da RCEC,N,2022-03-13 15:37:21.704,391.0,Venezia,VEHICLE,VEHICLE,45.4829,12.2162,1,2022-03-13 15:30:51.098,0.0,1.0,0.0,0.0,0.0,1.0,0.0,0.0,0.0,0.0,24.2,24.5,24.6,24.6,0.0,2400.0,2.0,0.0,1.0,45.4829,12.2162,250.0,0.0,2.75,2.63,2.66,2.65,2.42,2.12,2.14,2.54,2.74,2.61,2.64,2.65,2.42,2.11,2.13,2.57,0.0,2.78,False
2022-03-13 15:30:51.098,ETR700,e700_4801,ILCK_PROP_21M8,ILCK_PROP_21M8,Cod. 21 AT non presente,N,2022-03-13 15:31:08.299,18.0,Venezia,MDS,MDS,45.4829,12.2162,1,2022-03-13 15:30:51.098,0.0,1.0,0.0,0.0,0.0,1.0,0.0,0.0,0.0,0.0,24.2,24.5,24.6,24.6,0.0,2400.0,2.0,0.0,1.0,45.4829,12.2162,250.0,0.0,2.75,2.63,2.66,2.65,2.42,2.12,2.14,2.54,2.74,2.61,2.64,2.65,2.42,2.11,2.13,2.57,0.0,2.78,False
2022-03-13 15:30:51.098,ETR700,e700_4801,150016,_IRIP_OpenSts_,Nessun IR o IP chiuso,N,2022-03-13 15:31:08.299,18.0,Venezia,VEHICLE,VEHICLE,45.4829,12.2162,1,2022-03-13 15:30:51.098,0.0,1.0,0.0,0.0,0.0,1.0,0.0,0.0,0.0,0.0,24.2,24.5,24.6,24.6,0.0,2400.0,2.0,0.0,1.0,45.4829,12.2162,250.0,0.0,2.75,2.63,2.66,2.65,2.42,2.12,2.14,2.54,2.74,2.61,2.64,2.65,2.42,2.11,2.13,2.57,0.0,2.78,False
2022-03-13 15:30:51.098,ETR700,e700_4801,150004,_LineVoltType_,Selezionata tensione 3 kV,N,2022-03-14 09:20:50.538,64200.0,Venezia,VEHICLE,VEHICLE,45.4829,12.2162,1,2022-03-13 15:30:51.098,0.0,1.0,0.0,0.0,0.0,1.0,0.0,0.0,0.0,0.0,24.2,24.5,24.6,24.6,0.0,2400.0,2.0,0.0,1.0,45.4829,12.2162,250.0,0.0,2.75,2.63,2.66,2.65,2.42,2.12,2.14,2.54,2.74,2.61,2.64,2.65,2.42,2.11,2.13,2.57,0.0,2.78,True
2022-03-13 15:30:51.098,ETR700,e700_4801,150006,_Running_,Stato RUNNING attivo,N,2022-03-13 15:37:22.506,392.0,Venezia,VEHICLE,VEHICLE,45.4829,12.2162,1,2022-03-13 15:30:51.098,0.0,1.0,0.0,0.0,0.0,1.0,0.0,0.0,0.0,0.0,24.2,24.5,24.6,24.6,0.0,2400.0,2.0,0.0,1.0,45.4829,12.2162,250.0,0.0,2.75,2.63,2.66,2.65,2.42,2.12,2.14,2.54,2.74,2.61,2.64,2.65,2.42,2.11,2.13,2.57,0.0,2.78,False
2022-03-13 13:58:01.143,ETR700,e700_4801,011202,CCU_FltWtbComm,Mancata comunicazione WTB in CCU M1,N,2022-03-13 13:58:02.541,2.0,Venezia,VEHICLE,VEHICLE,45.4829,12.2162,1,2022-03-13 13:58:01.143,0.0,0.0,0.0,0.0,0.0,0.0,0.0,0.0,0.0,0.0,24.1,24.4,24.5,24.5,0.0,2400.0,2.0,0.0,1.0,45.4829,12.2162,0.0,0.0,2.74,2.62,2.66,2.64,2.43,2.15,2.12,2.54,2.73,2.61,2.65,2.64,2.42,2.14,2.1,2.57,0.0,8.58,False
2022-03-13 13:58:01.143,ETR700,e700_4801,011201,CCU_FltWtbR2,Mancata ricezione R2 in CCU M1,N,2022-03-13 13:58:02.541,2.0,Venezia,VEHICLE,VEHICLE,45.4829,12.2162,1,2022-03-13 13:58:01.143,0.0,0.0,0.0,0.0,0.0,0.0,0.0,0.0,0.0,0.0,24.1,24.4,24.5,24.5,0.0,2400.0,2.0,0.0,1.0,45.4829,12.2162,0.0,0.0,2.74,2.62,2.66,2.64,2.43,2.15,2.12,2.54,2.73,2.61,2.65,2.64,2.42,2.14,2.1,2.57,0.0,8.58,False
2022-03-13 13:57:46.135,ETR700,e700_4801,150013,_CmdPantoDw_,Comando abbassamento panto da banco,N,2022-03-13 13:57:47.942,2.0,Venezia,VEHICLE,VEHICLE,45.4829,12.2162,0,2022-03-13 13:57:41.14,0.0,1.0,0.0,0.0,0.0,1.0,0.0,8.0,0.0,0.0,24.3,24.8,24.8,24.7,3684.0,2400.0,2.0,0.0,1.0,45.4829,12.2162,250.0,0.0,2.74,2.62,2.66,2.64,2.43,2.15,2.12,2.54,2.73,2.61,2.65,2.64,2.42,2.15,2.1,2.57,0.0,8.71,True
2022-03-13 13:57:41.345,ETR700,e700_4801,ILCK_PROP_21M8,ILCK_PROP_21M8,Cod. 21 AT non presente,N,2022-03-13 13:58:01.143,20.0,Venezia,MDS,MDS,45.4829,12.2162,0,2022-03-13 13:57:37.541,0.0,1.0,0.0,0.0,0.0,1.0,0.0,56.0,1.0,0.0,29.1,29.2,29.2,29.1,3640.0,2400.0,2.0,0.0,1.0,45.4829,12.2162,250.0,0.0,2.74,2.63,2.66,2.65,2.43,2.15,2.12,2.54,2.73,2.62,2.65,2.64,2.42,2.15,2.1,2.57,0.0,8.61,False
2022-03-13 13:57:39.538,ETR700,e700_4801,150018,_CmdOpenIR_,Comando apertura IR/IP da banco,N,2022-03-13 13:57:40.745,2.0,Venezia,VEHICLE,VEHICLE,45.4829,12.2162,0,2022-03-13 13:57:34.743,0.0,1.0,0.0,0.0,0.0,1.0,0.0,60.0,1.0,0.0,29.1,29.2,29.2,29.1,3609.0,2400.0,2.0,0.0,1.0,45.4829,12.2162,250.0,0.0,2.74,2.63,2.66,2.64,2.43,2.15,2.12,2.54,2.73,2.62,2.65,2.64,2.42,2.15,2.1,2.57,0.0,8.52,False
2022-03-13 13:57:17.740,ETR700,e700_4801,152019,_1Q21_,IR chiuso in cassa T2,N,2022-03-13 13:57:41.14,24.0,Venezia,AT,T2_1Q2_IR,45.4829,12.2162,0,2022-03-13 13:57:13.149,0.0,1.0,0.0,0.0,0.0,1.0,1.0,56.0,0.0,1.0,29.1,29.2,29.2,29.1,3615.0,2400.0,2.0,0.0,4.0,45.4829,12.2162,0.0,0.0,2.74,2.64,2.66,2.64,2.43,2.15,2.12,2.54,2.74,2.62,2.65,2.64,2.42,2.15,2.12,2.57,0.0,8.41,False
2022-03-13 13:57:13.343,ETR700,e700_4801,150006,_Running_,Stato RUNNING attivo,N,2022-03-13 13:58:01.346,49.0,Venezia,VEHICLE,VEHICLE,45.4829,12.2162,0,2022-03-13 13:57:13.149,0.0,1.0,0.0,0.0,0.0,1.0,1.0,56.0,0.0,1.0,29.1,29.2,29.2,29.1,3615.0,2400.0,2.0,0.0,4.0,45.4829,12.2162,0.0,0.0,2.74,2.64,2.66,2.64,2.43,2.15,2.12,2.54,2.74,2.62,2.65,2.64,2.42,2.15,2.12,2.57,0.0,8.41,False
2022-03-13 13:57:13.149,ETR700,e700_4801,011202,CCU_FltWtbComm,Mancata comunicazione WTB in CCU M1,N,2022-03-13 13:57:14.732,2.0,Venezia,VEHICLE,VEHICLE,45.4829,12.2162,1,2022-03-13 13:57:13.149,0.0,1.0,0.0,0.0,0.0,1.0,1.0,56.0,0.0,1.0,29.1,29.2,29.2,29.1,3615.0,2400.0,2.0,0.0,4.0,45.4829,12.2162,0.0,0.0,2.74,2.64,2.66,2.64,2.43,2.15,2.12,2.54,2.74,2.62,2.65,2.64,2.42,2.15,2.12,2.57,0.0,8.41,False
2022-03-13 13:57:13.149,ETR700,e700_4801,011200,CCU_FltWtbR1,Mancata ricezione R1 in CCU M1,N,2022-03-13 13:57:14.732,2.0,Venezia,VEHICLE,VEHICLE,45.4829,12.2162,1,2022-03-13 13:57:13.149,0.0,1.0,0.0,0.0,0.0,1.0,1.0,56.0,0.0,1.0,29.1,29.2,29.2,29.1,3615.0,2400.0,2.0,0.0,4.0,45.4829,12.2162,0.0,0.0,2.74,2.64,2.66,2.64,2.43,2.15,2.12,2.54,2.74,2.62,2.65,2.64,2.42,2.15,2.12,2.57,0.0,8.41,False
2022-03-13 13:57:13.149,ETR700,e700_4801,ILCK_PROP_11M8,ILCK_PROP_11M8,Cod. 11 Rilascio Porte Destre Attivo,N,2022-03-13 13:57:30.342,18.0,Venezia,MDS,MDS,45.4829,12.2162,1,2022-03-13 13:57:13.149,0.0,1.0,0.0,0.0,0.0,1.0,1.0,56.0,0.0,1.0,29.1,29.2,29.2,29.1,3615.0,2400.0,2.0,0.0,4.0,45.4829,12.2162,0.0,0.0,2.74,2.64,2.66,2.64,2.43,2.15,2.12,2.54,2.74,2.62,2.65,2.64,2.42,2.15,2.12,2.57,0.0,8.41,False
2022-03-13 12:10:26.541,ETR700,e700_4801,150009,_Parking_,Stato PARKING attivo,N,2022-03-13 13:57:13.343,6407.0,Venezia,VEHICLE,VEHICLE,45.4829,12.2162,0,2022-03-13 12:10:22.543,0.0,0.0,1.0,0.0,0.0,1.0,1.0,36.0,0.0,1.0,28.6,28.7,28.7,28.4,3708.0,2400.0,2.0,0.0,2.0,45.4829,12.2162,0.0,0.0,2.68,2.51,2.66,2.62,2.4,2.1,2.11,2.58,2.68,2.49,2.64,2.63,2.4,2.1,2.11,2.6,0.02,8.49,False
2022-03-13 12:10:22.543,ETR700,e700_4801,151014,_DCPantoSts_,Pantografo DC alto in T2,N,2022-03-13 13:57:54.34,6452.0,Venezia,VEHICLE,VEHICLE,45.4829,12.2162,0,2022-03-13 12:10:18.144,0.0,0.0,1.0,0.0,0.0,0.0,1.0,36.0,0.0,1.0,28.5,28.6,28.7,28.4,3723.0,2400.0,2.0,0.0,1.0,45.4829,12.2162,30.0,0.0,2.68,2.48,2.63,2.63,2.4,2.1,2.03,2.56,2.67,2.47,2.63,2.61,2.37,2.1,2.04,2.58,0.02,8.51,False
2022-03-13 12:10:18.348,ETR700,e700_4801,150007,_Standby_,Stato STANDBY attivo,N,2022-03-13 12:10:26.541,9.0,Venezia,VEHICLE,VEHICLE,45.4829,12.2162,0,2022-03-13 12:10:18.144,0.0,0.0,1.0,0.0,0.0,0.0,1.0,36.0,0.0,1.0,28.5,28.6,28.7,28.4,3723.0,2400.0,2.0,0.0,1.0,45.4829,12.2162,30.0,0.0,2.68,2.48,2.63,2.63,2.4,2.1,2.03,2.56,2.67,2.47,2.63,2.61,2.37,2.1,2.04,2.58,0.02,8.51,False
2022-03-13 12:10:18.144,ETR700,e700_4801,018202,CCU_FltWtbComm,Mancata comunicazione WTB in CCU M8,N,2022-03-13 12:10:19.742,2.0,Venezia,VEHICLE,VEHICLE,45.4829,12.2162,1,2022-03-13 12:10:18.144,0.0,0.0,1.0,0.0,0.0,0.0,1.0,36.0,0.0,1.0,28.5,28.6,28.7,28.4,3723.0,2400.0,2.0,0.0,1.0,45.4829,12.2162,30.0,0.0,2.68,2.48,2.63,2.63,2.4,2.1,2.03,2.56,2.67,2.47,2.63,2.61,2.37,2.1,2.04,2.58,0.02,8.51,False
2022-03-13 12:10:18.144,ETR700,e700_4801,018201,CCU_FltWtbR2,Mancata ricezione R2 in CCU M8,N,2022-03-13 12:10:19.742,2.0,Venezia,VEHICLE,VEHICLE,45.4829,12.2162,1,2022-03-13 12:10:18.144,0.0,0.0,1.0,0.0,0.0,0.0,1.0,36.0,0.0,1.0,28.5,28.6,28.7,28.4,3723.0,2400.0,2.0,0.0,1.0,45.4829,12.2162,30.0,0.0,2.68,2.48,2.63,2.63,2.4,2.1,2.03,2.56,2.67,2.47,2.63,2.61,2.37,2.1,2.04,2.58,0.02,8.51,False
2022-03-13 12:10:18.144,ETR700,e700_4801,ILCK_PROP_15,ILCK_PROP_15,Cod. 15 Nessun banco abilitato,N,2022-03-13 13:57:13.149,6416.0,Venezia,MDS,MDS,45.4829,12.2162,1,2022-03-13 12:10:18.144,0.0,0.0,1.0,0.0,0.0,0.0,1.0,36.0,0.0,1.0,28.5,28.6,28.7,28.4,3723.0,2400.0,2.0,0.0,1.0,45.4829,12.2162,30.0,0.0,2.68,2.48,2.63,2.63,2.4,2.1,2.03,2.56,2.67,2.47,2.63,2.61,2.37,2.1,2.04,2.58,0.02,8.51,False
2022-03-13 12:10:06.542,ETR700,e700_4801,ILCK_PROP_11M1,ILCK_PROP_11M1,Cod. 11 Rilascio Porte Destre Attivo,N,2022-03-13 12:10:18.144,12.0,Venezia,MDS,MDS,45.4829,12.2162,1,2022-03-13 12:10:06.542,1.0,0.0,1.0,0.0,0.0,0.0,1.0,36.0,0.0,1.0,28.5,28.6,28.7,28.3,3660.0,2400.0,2.0,0.0,1.0,45.4829,12.2162,30.0,0.0,2.67,2.53,2.66,2.73,2.56,2.12,2.21,2.58,2.67,2.54,2.64,2.67,2.55,2.15,2.22,2.57,0.12,8.61,False
2022-03-13 12:08:24.342,ETR700,e700_4801,158024,_Rear_,Direzione indietro in M8,N,2022-03-13 12:09:52.945,89.0,Venezia,VEHICLE,VEHICLE,45.4827,12.2156,0,2022-03-13 12:08:24.14,1.0,0.0,1.0,0.0,0.0,0.0,1.0,48.0,0.0,1.0,28.4,28.5,28.5,28.3,3700.0,2400.0,2.0,0.0,1.0,45.4827,12.2156,30.0,0.0,2.66,2.58,2.63,2.63,2.4,2.09,2.08,2.59,2.66,2.55,2.62,2.61,2.35,2.08,2.09,2.59,1.88,8.5,False
2022-03-13 12:08:24.140,ETR700,e700_4801,151023,_Front_,Direzione avanti in M1,N,2022-03-13 12:09:52.736,89.0,Venezia,VEHICLE,VEHICLE,45.4827,12.2156,1,2022-03-13 12:08:24.14,1.0,0.0,1.0,0.0,0.0,0.0,1.0,48.0,0.0,1.0,28.4,28.5,28.5,28.3,3700.0,2400.0,2.0,0.0,1.0,45.4827,12.2156,30.0,0.0,2.66,2.58,2.63,2.63,2.4,2.09,2.08,2.59,2.66,2.55,2.62,2.61,2.35,2.08,2.09,2.59,1.88,8.5,False
2022-03-13 12:05:47.163,ETR700,e700_4801,150016,_IRIP_OpenSts_,Nessun IR o IP chiuso,N,2022-03-13 12:06:02.037,15.0,Venezia,VEHICLE,VEHICLE,45.4837,12.2207,0,2022-03-13 12:05:43.747,1.0,0.0,1.0,0.0,0.0,0.0,1.0,84.0,0.0,1.0,28.4,28.4,28.5,28.2,3722.0,2400.0,2.0,0.0,1.0,45.4837,12.2209,30.0,13.0,0.01,0.0,0.01,0.0,0.0,0.0,0.0,0.0,0.0,0.0,0.01,0.0,0.0,0.0,0.0,0.0,4.94,8.75,False
2022-03-13 12:05:45.144,ETR700,e700_4801,150018,_CmdOpenIR_,Comando apertura IR/IP da banco,N,2022-03-13 12:05:46.149,2.0,Venezia,VEHICLE,VEHICLE,45.4837,12.2207,0,2022-03-13 12:05:43.747,1.0,0.0,1.0,0.0,0.0,0.0,1.0,84.0,0.0,1.0,28.4,28.4,28.5,28.2,3722.0,2400.0,2.0,0.0,1.0,45.4837,12.2209,30.0,13.0,0.01,0.0,0.01,0.0,0.0,0.0,0.0,0.0,0.0,0.0,0.01,0.0,0.0,0.0,0.0,0.0,4.94,8.75,False
2022-03-13 12:03:18.745,ETR700,e700_4801,158023,_Front_,Direzione avanti in M8,N,2022-03-13 12:05:44.542,146.0,Venezia,VEHICLE,VEHICLE,45.483,12.2254,0,2022-03-13 12:03:18.345,1.0,0.0,1.0,0.0,0.0,0.0,1.0,32.0,0.0,1.0,28.3,28.3,28.3,28.1,3793.0,2400.0,2.0,0.0,1.0,45.483,12.2254,30.0,0.0,0.12,0.12,0.14,0.11,0.15,0.17,0.12,0.19,0.1,0.11,0.13,0.09,0.14,0.14,0.14,0.19,4.51,9.09,False
2022-03-13 12:03:18.345,ETR700,e700_4801,151024,_Rear_,Direzione indietro in M1,N,2022-03-13 12:05:44.342,146.0,Venezia,VEHICLE,VEHICLE,45.483,12.2254,1,2022-03-13 12:03:18.345,1.0,0.0,1.0,0.0,0.0,0.0,1.0,32.0,0.0,1.0,28.3,28.3,28.3,28.1,3793.0,2400.0,2.0,0.0,1.0,45.483,12.2254,30.0,0.0,0.12,0.12,0.14,0.11,0.15,0.17,0.12,0.19,0.1,0.11,0.13,0.09,0.14,0.14,0.14,0.19,4.51,9.09,False
2022-03-13 11:53:25.940,ETR700,e700_4801,158023,_Front_,Direzione avanti in M8,N,2022-03-13 11:54:40.743,75.0,Venezia,VEHICLE,VEHICLE,45.483,12.2255,1,2022-03-13 11:53:25.94,1.0,0.0,1.0,0.0,0.0,0.0,1.0,60.0,0.0,1.0,27.7,27.7,27.7,27.4,3701.0,2400.0,2.0,0.0,1.0,45.483,12.2255,30.0,0.0,0.49,0.51,0.49,0.49,0.49,0.51,0.51,0.5,0.51,0.49,0.49,0.5,0.5,0.48,0.47,0.5,4.45,9.2,False
2022-03-13 11:53:25.940,ETR700,e700_4801,151024,_Rear_,Direzione indietro in M1,N,2022-03-13 11:54:40.743,75.0,Venezia,VEHICLE,VEHICLE,45.483,12.2255,1,2022-03-13 11:53:25.94,1.0,0.0,1.0,0.0,0.0,0.0,1.0,60.0,0.0,1.0,27.7,27.7,27.7,27.4,3701.0,2400.0,2.0,0.0,1.0,45.483,12.2255,30.0,0.0,0.49,0.51,0.49,0.49,0.49,0.51,0.51,0.5,0.51,0.49,0.49,0.5,0.5,0.48,0.47,0.5,4.45,9.2,False
2022-03-13 11:51:23.942,ETR700,e700_4801,151023,_Front_,Direzione avanti in M1,N,2022-03-13 11:53:16.346,113.0,Venezia,VEHICLE,VEHICLE,45.4837,12.2202,1,2022-03-13 11:51:23.942,1.0,0.0,1.0,0.0,0.0,0.0,1.0,52.0,0.0,1.0,22.7,24.4,24.5,23.3,3779.0,2400.0,2.0,0.0,1.0,45.4837,12.2202,30.0,14.0,0.01,0.0,0.01,0.0,0.01,0.0,0.0,0.0,0.0,0.0,0.01,0.0,0.0,0.0,0.0,0.0,4.93,8.4,False
2022-03-13 11:51:23.942,ETR700,e700_4801,158024,_Rear_,Direzione indietro in M8,N,2022-03-13 11:53:16.346,113.0,Venezia,VEHICLE,VEHICLE,45.4837,12.2202,1,2022-03-13 11:51:23.942,1.0,0.0,1.0,0.0,0.0,0.0,1.0,52.0,0.0,1.0,22.7,24.4,24.5,23.3,3779.0,2400.0,2.0,0.0,1.0,45.4837,12.2202,30.0,14.0,0.01,0.0,0.01,0.0,0.01,0.0,0.0,0.0,0.0,0.0,0.01,0.0,0.0,0.0,0.0,0.0,4.93,8.4,False
2022-03-13 11:51:04.944,ETR700,e700_4801,150017,_CmdCloseIR_,Comando chiusura IR/IP da banco,N,2022-03-13 11:51:05.74,1.0,Venezia,VEHICLE,VEHICLE,45.4836,12.2192,0,2022-03-13 11:51:00.345,1.0,0.0,1.0,0.0,0.0,0.0,1.0,8.0,0.0,0.0,22.8,23.3,23.5,23.5,3719.0,2400.0,2.0,0.0,1.0,45.4837,12.2189,30.0,15.0,0.01,0.0,0.01,0.0,0.01,0.0,0.0,0.0,0.0,0.0,0.01,0.0,0.0,0.0,0.0,0.0,4.93,8.48,False
2022-03-13 11:50:42.544,ETR700,e700_4801,ILCK_PROP_21M1,ILCK_PROP_21M1,Cod. 21 AT non presente,N,2022-03-13 11:51:06.741,25.0,Venezia,MDS,MDS,45.4836,12.218,0,2022-03-13 11:50:40.34,1.0,0.0,1.0,0.0,0.0,0.0,1.0,48.0,0.0,1.0,27.7,27.6,27.6,27.4,3684.0,2400.0,2.0,0.0,1.0,45.4836,12.2179,30.0,16.0,0.01,0.0,0.01,0.0,0.01,0.0,0.0,0.0,0.0,0.0,0.01,0.0,0.0,0.0,0.0,0.0,4.93,8.55,False
2022-03-13 11:50:42.146,ETR700,e700_4801,150016,_IRIP_OpenSts_,Nessun IR o IP chiuso,N,2022-03-13 11:51:06.143,24.0,Venezia,VEHICLE,VEHICLE,45.4836,12.218,0,2022-03-13 11:50:37.343,1.0,0.0,1.0,0.0,0.0,0.0,1.0,48.0,0.0,1.0,27.6,27.6,27.6,27.4,3696.0,2400.0,2.0,0.0,1.0,45.4835,12.2177,30.0,17.0,0.01,0.0,0.0,0.0,0.01,0.0,0.0,0.0,0.0,0.0,0.01,0.0,0.0,0.0,0.0,0.0,4.94,8.56,False
2022-03-13 11:50:40.340,ETR700,e700_4801,150018,_CmdOpenIR_,Comando apertura IR/IP da banco,N,2022-03-13 11:50:41.143,1.0,Venezia,VEHICLE,VEHICLE,45.4836,12.2179,0,2022-03-13 11:50:36.34,1.0,0.0,1.0,0.0,0.0,0.0,1.0,52.0,0.0,1.0,27.6,27.6,27.6,27.4,3695.0,2400.0,2.0,0.0,1.0,45.4835,12.2177,30.0,17.0,0.01,0.0,0.01,0.0,0.0,0.0,0.0,0.0,0.0,0.0,0.01,0.0,0.0,0.0,0.0,0.0,4.94,8.57,False
2022-03-13 11:45:08.941,ETR700,e700_4801,158024,_Rear_,Direzione indietro in M8,N,2022-03-13 11:50:34.548,326.0,Venezia,VEHICLE,VEHICLE,45.4833,12.2164,0,2022-03-13 11:45:06.543,1.0,0.0,1.0,0.0,0.0,0.0,1.0,40.0,0.0,1.0,27.2,27.1,27.1,26.9,3706.0,2400.0,2.0,0.0,1.0,45.4833,12.2164,0.0,0.0,0.51,0.51,0.51,0.51,0.5,0.5,0.51,0.49,0.5,0.49,0.5,0.49,0.48,0.49,0.49,0.5,4.46,8.61,False
2022-03-13 11:45:08.539,ETR700,e700_4801,151023,_Front_,Direzione avanti in M1,N,2022-03-13 11:50:34.548,327.0,Venezia,VEHICLE,VEHICLE,45.4833,12.2164,0,2022-03-13 11:45:06.543,1.0,0.0,1.0,0.0,0.0,0.0,1.0,40.0,0.0,1.0,27.2,27.1,27.1,26.9,3706.0,2400.0,2.0,0.0,1.0,45.4833,12.2164,0.0,0.0,0.51,0.51,0.51,0.51,0.5,0.5,0.51,0.49,0.5,0.49,0.5,0.49,0.48,0.49,0.49,0.5,4.46,8.61,False
2022-03-13 11:45:06.543,ETR700,e700_4801,ILCK_PROP_10,ILCK_PROP_10,Cod. 10 Nessuna velocita' impostata,N,2022-03-13 11:45:39.737,34.0,Venezia,VEHICLE,VEHICLE,45.4833,12.2164,1,2022-03-13 11:45:06.543,1.0,0.0,1.0,0.0,0.0,0.0,1.0,40.0,0.0,1.0,27.2,27.1,27.1,26.9,3706.0,2400.0,2.0,0.0,1.0,45.4833,12.2164,0.0,0.0,0.51,0.51,0.51,0.51,0.5,0.5,0.51,0.49,0.5,0.49,0.5,0.49,0.48,0.49,0.49,0.5,4.46,8.61,False
2022-03-13 11:42:32.143,ETR700,e700_4801,150025,_9S13_,Pressione CP sotto 7.5 bar in M1 (press. 9S13),N,2022-03-13 11:42:35.743,4.0,Venezia,VEHICLE,VEHICLE,45.4833,12.2163,1,2022-03-13 11:42:32.143,1.0,0.0,1.0,0.0,0.0,0.0,1.0,68.0,0.0,1.0,26.9,26.9,26.9,26.6,3716.0,2400.0,2.0,0.0,1.0,45.4833,12.2163,250.0,0.0,0.01,0.0,0.01,0.0,0.0,0.0,0.0,0.0,0.0,0.0,0.01,0.0,0.0,0.0,0.0,0.01,4.95,9.24,True
2022-03-13 11:42:32.143,ETR700,e700_4801,081173,_CabFiltrfrshairsat_,Filtro aria fresca sporco,N,2022-03-13 12:20:13.339,2262.0,Venezia,HVAC,HVAC_CAB_M1,45.4833,12.2163,1,2022-03-13 11:42:32.143,1.0,0.0,1.0,0.0,0.0,0.0,1.0,68.0,0.0,1.0,26.9,26.9,26.9,26.6,3716.0,2400.0,2.0,0.0,1.0,45.4833,12.2163,250.0,0.0,0.01,0.0,0.01,0.0,0.0,0.0,0.0,0.0,0.0,0.0,0.01,0.0,0.0,0.0,0.0,0.01,4.95,9.24,True
2022-03-13 11:42:32.143,ETR700,e700_4801,158014,_DCPantoSts_,Pantografo DC alto in T7,N,2022-03-13 13:57:26.542,8095.0,Venezia,VEHICLE,VEHICLE,45.4833,12.2163,1,2022-03-13 11:42:32.143,1.0,0.0,1.0,0.0,0.0,0.0,1.0,68.0,0.0,1.0,26.9,26.9,26.9,26.6,3716.0,2400.0,2.0,0.0,1.0,45.4833,12.2163,250.0,0.0,0.01,0.0,0.01,0.0,0.0,0.0,0.0,0.0,0.0,0.0,0.01,0.0,0.0,0.0,0.0,0.01,4.95,9.24,False
2022-03-13 11:42:32.143,ETR700,e700_4801,150006,_Running_,Stato RUNNING attivo,N,2022-03-13 12:10:18.348,1667.0,Venezia,VEHICLE,VEHICLE,45.4833,12.2163,1,2022-03-13 11:42:32.143,1.0,0.0,1.0,0.0,0.0,0.0,1.0,68.0,0.0,1.0,26.9,26.9,26.9,26.6,3716.0,2400.0,2.0,0.0,1.0,45.4833,12.2163,250.0,0.0,0.01,0.0,0.01,0.0,0.0,0.0,0.0,0.0,0.0,0.0,0.01,0.0,0.0,0.0,0.0,0.01,4.95,9.24,False
2022-03-13 07:41:26.517,ETR700,e700_4801,150009,_Parking_,Stato PARKING attivo,N,2022-03-13 09:18:41.314,5835.0,Venezia,VEHICLE,VEHICLE,45.4832,12.2163,0,2022-03-13 07:41:21.915,0.0,0.0,0.0,0.0,0.0,1.0,0.0,60.0,1.0,0.0,29.0,29.2,29.2,29.1,3646.0,2400.0,2.0,0.0,2.0,45.4832,12.2163,0.0,0.0,2.8,2.59,2.71,2.65,2.41,2.11,2.15,2.56,2.79,2.57,2.69,2.64,2.39,2.11,2.14,2.57,0.0,8.65,False
2022-03-13 07:41:23.316,ETR700,e700_4801,158014,_DCPantoSts_,Pantografo DC alto in T7,N,2022-03-13 09:28:51.316,6448.0,Venezia,VEHICLE,VEHICLE,45.4832,12.2163,0,2022-03-13 07:41:18.516,0.0,1.0,0.0,0.0,0.0,1.0,0.0,64.0,1.0,0.0,29.0,29.2,29.2,29.1,3639.0,2400.0,2.0,0.0,1.0,45.4832,12.2164,250.0,0.0,2.8,2.57,2.7,2.66,2.41,2.11,2.14,2.56,2.79,2.55,2.68,2.64,2.39,2.11,2.13,2.57,0.0,8.65,False
2022-03-13 07:41:19.315,ETR700,e700_4801,150007,_Standby_,Stato STANDBY attivo,N,2022-03-13 07:41:26.517,8.0,Venezia,VEHICLE,VEHICLE,45.4832,12.2163,0,2022-03-13 07:41:18.516,0.0,1.0,0.0,0.0,0.0,1.0,0.0,64.0,1.0,0.0,29.0,29.2,29.2,29.1,3639.0,2400.0,2.0,0.0,1.0,45.4832,12.2164,250.0,0.0,2.8,2.57,2.7,2.66,2.41,2.11,2.14,2.56,2.79,2.55,2.68,2.64,2.39,2.11,2.13,2.57,0.0,8.65,False
2022-03-13 07:41:18.725,ETR700,e700_4801,011202,CCU_FltWtbComm,Mancata comunicazione WTB in CCU M1,N,2022-03-13 07:41:20.716,2.0,Venezia,VEHICLE,VEHICLE,45.4832,12.2164,0,2022-03-13 07:41:18.516,0.0,1.0,0.0,0.0,0.0,1.0,0.0,64.0,1.0,0.0,29.0,29.2,29.2,29.1,3639.0,2400.0,2.0,0.0,1.0,45.4832,12.2164,250.0,0.0,2.8,2.57,2.7,2.66,2.41,2.11,2.14,2.56,2.79,2.55,2.68,2.64,2.39,2.11,2.13,2.57,0.0,8.65,False
2022-03-13 07:41:18.725,ETR700,e700_4801,011201,CCU_FltWtbR2,Mancata ricezione R2 in CCU M1,N,2022-03-13 07:41:20.716,2.0,Venezia,VEHICLE,VEHICLE,45.4832,12.2164,0,2022-03-13 07:41:18.516,0.0,1.0,0.0,0.0,0.0,1.0,0.0,64.0,1.0,0.0,29.0,29.2,29.2,29.1,3639.0,2400.0,2.0,0.0,1.0,45.4832,12.2164,250.0,0.0,2.8,2.57,2.7,2.66,2.41,2.11,2.14,2.56,2.79,2.55,2.68,2.64,2.39,2.11,2.13,2.57,0.0,8.65,False
2022-03-13 07:41:04.916,ETR700,e700_4801,ILCK_PROP_11M8,ILCK_PROP_11M8,Cod. 11 Rilascio Porte Destre Attivo,N,2022-03-13 07:41:18.725,14.0,Venezia,MDS,MDS,45.4833,12.2164,0,2022-03-13 07:40:59.917,0.0,1.0,0.0,0.0,0.0,1.0,0.0,72.0,1.0,0.0,29.1,29.2,29.2,29.1,3669.0,2400.0,2.0,0.0,1.0,45.4833,12.2164,250.0,0.0,2.8,2.58,2.7,2.65,2.41,2.11,2.14,2.55,2.79,2.56,2.69,2.64,2.39,2.11,2.13,2.57,0.0,8.75,False
2022-03-13 07:40:40.835,ETR700,e700_4801,152019,_1Q21_,IR chiuso in cassa T2,N,2022-03-13 09:18:41.126,5881.0,Venezia,AT,T2_1Q2_IR,45.4833,12.2164,0,2022-03-13 07:40:36.317,0.0,0.0,0.0,0.0,0.0,1.0,1.0,36.0,0.0,1.0,29.1,29.2,29.2,29.1,3627.0,2400.0,2.0,0.0,4.0,45.4833,12.2163,0.0,0.0,2.79,2.59,2.69,2.65,2.41,2.11,2.14,2.56,2.79,2.56,2.69,2.64,2.39,2.11,2.14,2.57,0.0,8.89,False
2022-03-13 07:40:36.724,ETR700,e700_4801,150006,_Running_,Stato RUNNING attivo,N,2022-03-13 07:41:19.315,43.0,Venezia,VEHICLE,VEHICLE,45.4833,12.2163,0,2022-03-13 07:40:36.317,0.0,0.0,0.0,0.0,0.0,1.0,1.0,36.0,0.0,1.0,29.1,29.2,29.2,29.1,3627.0,2400.0,2.0,0.0,4.0,45.4833,12.2163,0.0,0.0,2.79,2.59,2.69,2.65,2.41,2.11,2.14,2.56,2.79,2.56,2.69,2.64,2.39,2.11,2.14,2.57,0.0,8.89,False
2022-03-13 07:40:36.519,ETR700,e700_4801,ILCK_PROP_11M8,ILCK_PROP_11M8,Cod. 11 Rilascio Porte Destre Attivo,N,2022-03-13 07:40:55.515,19.0,Venezia,MDS,MDS,45.4833,12.2163,0,2022-03-13 07:40:36.317,0.0,0.0,0.0,0.0,0.0,1.0,1.0,36.0,0.0,1.0,29.1,29.2,29.2,29.1,3627.0,2400.0,2.0,0.0,4.0,45.4833,12.2163,0.0,0.0,2.79,2.59,2.69,2.65,2.41,2.11,2.14,2.56,2.79,2.56,2.69,2.64,2.39,2.11,2.14,2.57,0.0,8.89,False
2022-03-13 07:40:36.317,ETR700,e700_4801,011202,CCU_FltWtbComm,Mancata comunicazione WTB in CCU M1,N,2022-03-13 07:40:39.66,4.0,Venezia,VEHICLE,VEHICLE,45.4833,12.2163,1,2022-03-13 07:40:36.317,0.0,0.0,0.0,0.0,0.0,1.0,1.0,36.0,0.0,1.0,29.1,29.2,29.2,29.1,3627.0,2400.0,2.0,0.0,4.0,45.4833,12.2163,0.0,0.0,2.79,2.59,2.69,2.65,2.41,2.11,2.14,2.56,2.79,2.56,2.69,2.64,2.39,2.11,2.14,2.57,0.0,8.89,False
2022-03-13 07:40:36.317,ETR700,e700_4801,011200,CCU_FltWtbR1,Mancata ricezione R1 in CCU M1,N,2022-03-13 07:40:39.66,4.0,Venezia,VEHICLE,VEHICLE,45.4833,12.2163,1,2022-03-13 07:40:36.317,0.0,0.0,0.0,0.0,0.0,1.0,1.0,36.0,0.0,1.0,29.1,29.2,29.2,29.1,3627.0,2400.0,2.0,0.0,4.0,45.4833,12.2163,0.0,0.0,2.79,2.59,2.69,2.65,2.41,2.11,2.14,2.56,2.79,2.56,2.69,2.64,2.39,2.11,2.14,2.57,0.0,8.89,False
2022-03-13 00:06:07.715,ETR700,e700_4801,150009,_Parking_,Stato PARKING attivo,N,2022-03-13 07:40:36.724,27270.0,Venezia,VEHICLE,VEHICLE,45.4833,12.2166,0,2022-03-13 00:06:02.718,0.0,0.0,0.0,0.0,0.0,0.0,1.0,52.0,0.0,1.0,28.7,28.8,28.9,28.3,3599.0,2400.0,2.0,0.0,2.0,45.4833,12.2166,0.0,0.0,2.76,2.58,2.68,2.62,2.41,2.11,2.12,2.62,2.75,2.55,2.67,2.62,2.39,2.11,2.12,2.62,0.14,8.47,False
2022-03-13 00:06:03.916,ETR700,e700_4801,151014,_DCPantoSts_,Pantografo DC alto in T2,N,2022-03-13 09:28:52.717,33769.0,Venezia,VEHICLE,VEHICLE,45.4833,12.2166,0,2022-03-13 00:05:59.717,0.0,0.0,0.0,0.0,0.0,0.0,1.0,56.0,0.0,1.0,28.7,28.8,28.8,28.3,3593.0,2400.0,2.0,0.0,1.0,45.4833,12.2166,250.0,0.0,2.76,2.56,2.68,2.62,2.41,2.1,2.1,2.61,2.75,2.55,2.66,2.62,2.37,2.1,2.12,2.62,0.14,8.49,False
2022-03-13 00:06:00.122,ETR700,e700_4801,150007,_Standby_,Stato STANDBY attivo,N,2022-03-13 00:06:07.715,8.0,Venezia,VEHICLE,VEHICLE,45.4833,12.2166,0,2022-03-13 00:05:55.715,1.0,0.0,0.0,0.0,0.0,0.0,1.0,52.0,0.0,1.0,28.7,28.8,28.8,28.2,3596.0,2400.0,2.0,0.0,1.0,45.4833,12.2166,250.0,0.0,2.76,2.56,2.68,2.62,2.41,2.1,2.1,2.61,2.74,2.55,2.66,2.62,2.37,2.1,2.11,2.62,0.14,8.53,False
2022-03-13 00:05:59.717,ETR700,e700_4801,018202,CCU_FltWtbComm,Mancata comunicazione WTB in CCU M8,N,2022-03-13 00:06:01.517,2.0,Venezia,VEHICLE,VEHICLE,45.4833,12.2166,0,2022-03-13 00:05:55.715,1.0,0.0,0.0,0.0,0.0,0.0,1.0,52.0,0.0,1.0,28.7,28.8,28.8,28.2,3596.0,2400.0,2.0,0.0,1.0,45.4833,12.2166,250.0,0.0,2.76,2.56,2.68,2.62,2.41,2.1,2.1,2.61,2.74,2.55,2.66,2.62,2.37,2.1,2.11,2.62,0.14,8.53,False
2022-03-13 00:05:59.717,ETR700,e700_4801,018201,CCU_FltWtbR2,Mancata ricezione R2 in CCU M8,N,2022-03-13 00:06:01.517,2.0,Venezia,VEHICLE,VEHICLE,45.4833,12.2166,0,2022-03-13 00:05:55.715,1.0,0.0,0.0,0.0,0.0,0.0,1.0,52.0,0.0,1.0,28.7,28.8,28.8,28.2,3596.0,2400.0,2.0,0.0,1.0,45.4833,12.2166,250.0,0.0,2.76,2.56,2.68,2.62,2.41,2.1,2.1,2.61,2.74,2.55,2.66,2.62,2.37,2.1,2.11,2.62,0.14,8.53,False
2022-03-13 00:05:59.717,ETR700,e700_4801,ILCK_PROP_15,ILCK_PROP_15,Cod. 15 Nessun banco abilitato,N,2022-03-13 07:40:36.519,27277.0,Venezia,MDS,MDS,45.4833,12.2166,0,2022-03-13 00:05:55.715,1.0,0.0,0.0,0.0,0.0,0.0,1.0,52.0,0.0,1.0,28.7,28.8,28.8,28.2,3596.0,2400.0,2.0,0.0,1.0,45.4833,12.2166,250.0,0.0,2.76,2.56,2.68,2.62,2.41,2.1,2.1,2.61,2.74,2.55,2.66,2.62,2.37,2.1,2.11,2.62,0.14,8.53,False
2022-03-13 00:05:53.717,ETR700,e700_4801,ILCK_PROP_11M1,ILCK_PROP_11M1,Cod. 11 Rilascio Porte Destre Attivo,N,2022-03-13 00:05:59.717,6.0,Venezia,MDS,MDS,45.4833,12.2166,0,2022-03-13 00:05:48.719,1.0,0.0,0.0,0.0,0.0,0.0,1.0,52.0,0.0,1.0,28.7,28.8,28.8,28.2,3596.0,2400.0,2.0,0.0,1.0,45.4833,12.2166,250.0,0.0,2.75,2.57,2.68,2.62,2.42,2.1,2.1,2.61,2.74,2.55,2.65,2.62,2.37,2.1,2.12,2.62,0.14,8.62,False
2022-03-13 00:05:36.717,ETR700,e700_4801,ILCK_PROP_11M1,ILCK_PROP_11M1,Cod. 11 Rilascio Porte Destre Attivo,N,2022-03-13 00:05:44.517,8.0,Venezia,MDS,MDS,45.4833,12.2166,0,2022-03-13 00:05:33.719,1.0,0.0,0.0,0.0,0.0,0.0,1.0,48.0,0.0,1.0,28.7,28.7,28.8,28.2,3617.0,2400.0,2.0,0.0,1.0,45.4833,12.2166,250.0,0.0,2.75,2.58,2.68,2.59,2.39,2.08,1.98,2.62,2.74,2.56,2.62,2.62,2.37,2.08,1.99,2.62,0.1,8.85,False
2022-03-13 00:02:32.115,ETR700,e700_4801,150025,_9S13_,Pressione CP sotto 7.5 bar in M1 (press. 9S13),N,2022-03-13 00:04:49.717,138.0,Venezia,VEHICLE,VEHICLE,45.4834,12.2165,1,2022-03-13 00:02:32.115,1.0,0.0,0.0,0.0,0.0,0.0,1.0,3.0,0.0,0.0,23.7,24.0,24.1,24.0,3679.0,2400.0,2.0,0.0,1.0,45.4834,12.2165,250.0,0.0,2.62,2.61,2.65,2.66,2.43,2.15,2.17,2.57,2.61,2.58,2.64,2.66,2.42,2.14,2.16,2.59,0.0,4.36,True
2022-03-13 00:02:32.115,ETR700,e700_4801,150017,_CmdCloseIR_,Comando chiusura IR/IP da banco,N,2022-03-13 00:02:33.916,2.0,Venezia,VEHICLE,VEHICLE,45.4834,12.2165,1,2022-03-13 00:02:32.115,1.0,0.0,0.0,0.0,0.0,0.0,1.0,3.0,0.0,0.0,23.7,24.0,24.1,24.0,3679.0,2400.0,2.0,0.0,1.0,45.4834,12.2165,250.0,0.0,2.62,2.61,2.65,2.66,2.43,2.15,2.17,2.57,2.61,2.58,2.64,2.66,2.42,2.14,2.16,2.59,0.0,4.36,False
2022-03-13 00:02:32.115,ETR700,e700_4801,158014,_DCPantoSts_,Pantografo DC alto in T7,N,2022-03-13 07:40:49.516,27498.0,Venezia,VEHICLE,VEHICLE,45.4834,12.2165,1,2022-03-13 00:02:32.115,1.0,0.0,0.0,0.0,0.0,0.0,1.0,3.0,0.0,0.0,23.7,24.0,24.1,24.0,3679.0,2400.0,2.0,0.0,1.0,45.4834,12.2165,250.0,0.0,2.62,2.61,2.65,2.66,2.43,2.15,2.17,2.57,2.61,2.58,2.64,2.66,2.42,2.14,2.16,2.59,0.0,4.36,False
2022-03-13 00:02:32.115,ETR700,e700_4801,ILCK_PROP_21M1,ILCK_PROP_21M1,Cod. 21 AT non presente,N,2022-03-13 00:02:33.115,1.0,Venezia,MDS,MDS,45.4834,12.2165,1,2022-03-13 00:02:32.115,1.0,0.0,0.0,0.0,0.0,0.0,1.0,3.0,0.0,0.0,23.7,24.0,24.1,24.0,3679.0,2400.0,2.0,0.0,1.0,45.4834,12.2165,250.0,0.0,2.62,2.61,2.65,2.66,2.43,2.15,2.17,2.57,2.61,2.58,2.64,2.66,2.42,2.14,2.16,2.59,0.0,4.36,False
2022-03-13 00:02:32.115,ETR700,e700_4801,150016,_IRIP_OpenSts_,Nessun IR o IP chiuso,N,2022-03-13 00:02:32.918,1.0,Venezia,VEHICLE,VEHICLE,45.4834,12.2165,1,2022-03-13 00:02:32.115,1.0,0.0,0.0,0.0,0.0,0.0,1.0,3.0,0.0,0.0,23.7,24.0,24.1,24.0,3679.0,2400.0,2.0,0.0,1.0,45.4834,12.2165,250.0,0.0,2.62,2.61,2.65,2.66,2.43,2.15,2.17,2.57,2.61,2.58,2.64,2.66,2.42,2.14,2.16,2.59,0.0,4.36,False
2022-03-13 00:02:32.115,ETR700,e700_4801,150006,_Running_,Stato RUNNING attivo,N,2022-03-13 00:06:00.122,209.0,Venezia,VEHICLE,VEHICLE,45.4834,12.2165,1,2022-03-13 00:02:32.115,1.0,0.0,0.0,0.0,0.0,0.0,1.0,3.0,0.0,0.0,23.7,24.0,24.1,24.0,3679.0,2400.0,2.0,0.0,1.0,45.4834,12.2165,250.0,0.0,2.62,2.61,2.65,2.66,2.43,2.15,2.17,2.57,2.61,2.58,2.64,2.66,2.42,2.14,2.16,2.59,0.0,4.36,False
2022-03-12 23:12:34.710,ETR700,e700_4801,150013,_CmdPantoDw_,Comando abbassamento panto da banco,N,2022-03-12 23:12:37.427,3.0,Venezia,VEHICLE,VEHICLE,45.4833,12.2163,0,2022-03-12 23:12:31.105,0.0,1.0,0.0,0.0,0.0,1.0,0.0,44.0,1.0,0.0,29.0,29.2,29.2,29.1,3592.0,1600.0,2.0,0.0,1.0,45.4832,12.2163,250.0,0.0,2.63,2.59,2.62,2.65,2.42,2.13,2.12,2.53,2.61,2.57,2.62,2.63,2.39,2.11,2.14,2.53,0.0,8.57,True
2022-03-12 23:12:34.107,ETR700,e700_4801,150018,_CmdOpenIR_,Comando apertura IR/IP da banco,N,2022-03-12 23:12:34.71,1.0,Venezia,VEHICLE,VEHICLE,45.4833,12.2163,0,2022-03-12 23:12:31.105,0.0,1.0,0.0,0.0,0.0,1.0,0.0,44.0,1.0,0.0,29.0,29.2,29.2,29.1,3592.0,1600.0,2.0,0.0,1.0,45.4832,12.2163,250.0,0.0,2.63,2.59,2.62,2.65,2.42,2.13,2.12,2.53,2.61,2.57,2.62,2.63,2.39,2.11,2.14,2.53,0.0,8.57,False
2022-03-12 22:53:13.505,ETR700,e700_4801,152019,_1Q21_,IR chiuso in cassa T2,N,2022-03-12 23:12:35.113,1162.0,Venezia,AT,T2_1Q2_IR,45.4834,12.2163,0,2022-03-12 22:53:11.706,0.0,1.0,0.0,0.0,0.0,1.0,0.0,8.0,0.0,0.0,22.8,23.2,23.3,23.3,3619.0,1600.0,2.0,0.0,1.0,45.4834,12.2163,250.0,0.0,2.63,2.59,2.62,2.65,2.42,2.13,2.14,2.53,2.61,2.57,2.62,2.63,2.41,2.11,2.13,2.53,0.0,8.45,False
2022-03-12 22:53:11.706,ETR700,e700_4801,150017,_CmdCloseIR_,Comando chiusura IR/IP da banco,N,2022-03-12 22:53:13.505,2.0,Venezia,VEHICLE,VEHICLE,45.4834,12.2163,1,2022-03-12 22:53:11.706,0.0,1.0,0.0,0.0,0.0,1.0,0.0,8.0,0.0,0.0,22.8,23.2,23.3,23.3,3619.0,1600.0,2.0,0.0,1.0,45.4834,12.2163,250.0,0.0,2.63,2.59,2.62,2.65,2.42,2.13,2.14,2.53,2.61,2.57,2.62,2.63,2.41,2.11,2.13,2.53,0.0,8.45,False
2022-03-12 22:53:01.308,ETR700,e700_4801,150017,_CmdCloseIR_,Comando chiusura IR/IP da banco,N,2022-03-12 22:53:01.903,1.0,Venezia,VEHICLE,VEHICLE,45.4834,12.2163,0,2022-03-12 22:53:00.105,0.0,1.0,0.0,0.0,0.0,1.0,0.0,8.0,0.0,0.0,22.9,23.3,23.4,23.4,0.0,1600.0,2.0,0.0,1.0,45.4834,12.2163,250.0,0.0,2.63,2.58,2.62,2.65,2.42,2.13,2.13,2.53,2.61,2.57,2.62,2.64,2.4,2.11,2.14,2.53,0.0,8.48,False
2022-03-12 22:53:00.105,ETR700,e700_4801,150017,_CmdCloseIR_,Comando chiusura IR/IP da banco,N,2022-03-12 22:53:00.704,1.0,Venezia,VEHICLE,VEHICLE,45.4834,12.2163,0,2022-03-12 22:52:55.908,0.0,1.0,0.0,0.0,0.0,1.0,0.0,8.0,0.0,0.0,22.9,23.3,23.4,23.4,0.0,1600.0,2.0,0.0,1.0,45.4834,12.2163,250.0,0.0,2.63,2.58,2.62,2.65,2.42,2.13,2.14,2.53,2.61,2.57,2.62,2.64,2.4,2.11,2.14,2.53,0.0,8.5,False
2022-03-12 22:52:55.908,ETR700,e700_4801,151014,_DCPantoSts_,Pantografo DC alto in T2,N,2022-03-12 23:12:43.081,1188.0,Venezia,VEHICLE,VEHICLE,45.4834,12.2163,1,2022-03-12 22:52:55.908,0.0,1.0,0.0,0.0,0.0,1.0,0.0,8.0,0.0,0.0,22.9,23.3,23.4,23.4,0.0,1600.0,2.0,0.0,1.0,45.4834,12.2163,250.0,0.0,2.63,2.58,2.62,2.65,2.42,2.13,2.14,2.53,2.61,2.57,2.62,2.64,2.4,2.11,2.14,2.53,0.0,8.5,False
2022-03-12 22:52:48.906,ETR700,e700_4801,150012,_CmdPantoUp_,Comando alzamento panto da banco,N,2022-03-12 22:52:50.504,2.0,Venezia,VEHICLE,VEHICLE,45.4834,12.2162,1,2022-03-12 22:52:48.906,0.0,1.0,0.0,0.0,0.0,0.0,0.0,8.0,0.0,0.0,22.9,23.3,23.4,23.5,0.0,1600.0,2.0,0.0,1.0,45.4834,12.2162,250.0,0.0,2.63,2.58,2.62,2.65,2.42,2.13,2.14,2.53,2.61,2.57,2.62,2.63,2.41,2.11,2.14,2.53,0.0,8.53,False
2022-03-12 22:52:25.107,ETR700,e700_4801,ILCK_IR_T7_42,ILCK_IR_T7_42,Cod 42. Pantografo DC non alto,N,2022-03-12 22:52:55.908,31.0,Venezia,AT,T2_1Q2_IR,45.4833,12.2162,0,2022-03-12 22:52:24.907,0.0,1.0,0.0,0.0,0.0,0.0,0.0,8.0,0.0,0.0,23.1,23.5,23.7,23.7,0.0,1600.0,2.0,0.0,1.0,45.4833,12.2162,250.0,0.0,2.63,2.59,2.62,2.65,2.42,2.13,2.14,2.53,2.61,2.57,2.62,2.63,2.41,2.11,2.14,2.53,0.0,8.58,True
2022-03-12 22:52:24.907,ETR700,e700_4801,150011,_PantoLowSts_,Nessun pantografo alto,N,2022-03-12 22:52:55.908,32.0,Venezia,VEHICLE,VEHICLE,45.4833,12.2162,1,2022-03-12 22:52:24.907,0.0,1.0,0.0,0.0,0.0,0.0,0.0,8.0,0.0,0.0,23.1,23.5,23.7,23.7,0.0,1600.0,2.0,0.0,1.0,45.4833,12.2162,250.0,0.0,2.63,2.59,2.62,2.65,2.42,2.13,2.14,2.53,2.61,2.57,2.62,2.63,2.41,2.11,2.14,2.53,0.0,8.58,False
2022-03-12 22:52:16.911,ETR700,e700_4801,150016,_IRIP_OpenSts_,Nessun IR o IP chiuso,N,2022-03-12 22:53:13.505,57.0,Venezia,VEHICLE,VEHICLE,45.4833,12.2162,0,2022-03-12 22:52:12.906,0.0,1.0,0.0,0.0,0.0,1.0,0.0,57.0,1.0,0.0,28.9,29.0,29.0,28.9,3616.0,1600.0,2.0,0.0,1.0,45.4833,12.2162,250.0,0.0,2.63,2.59,2.62,2.65,2.42,2.13,2.14,2.53,2.61,2.57,2.62,2.64,2.41,2.11,2.14,2.53,0.0,8.61,False
2022-03-12 22:52:16.707,ETR700,e700_4801,ILCK_PROP_21M8,ILCK_PROP_21M8,Cod. 21 AT non presente,N,2022-03-12 22:53:13.701,57.0,Venezia,MDS,MDS,45.4833,12.2162,0,2022-03-12 22:52:11.906,0.0,1.0,0.0,0.0,0.0,1.0,0.0,57.0,1.0,0.0,28.9,29.0,29.0,28.9,3617.0,1600.0,2.0,0.0,1.0,45.4833,12.2162,250.0,0.0,2.63,2.59,2.62,2.65,2.42,2.13,2.14,2.53,2.61,2.57,2.62,2.64,2.41,2.11,2.14,2.53,0.0,8.61,False
2022-03-12 22:51:11.905,ETR700,e700_4801,151024,_Rear_,Direzione indietro in M1,N,2022-03-12 22:51:22.706,11.0,Venezia,VEHICLE,VEHICLE,45.4833,12.2163,0,2022-03-12 22:51:07.707,0.0,1.0,0.0,0.0,0.0,1.0,0.0,36.0,1.0,0.0,28.4,28.3,28.3,27.8,3591.0,1600.0,2.0,0.0,1.0,45.4833,12.2163,250.0,0.0,2.62,2.58,2.63,2.65,2.42,2.13,2.14,2.53,2.61,2.57,2.62,2.63,2.41,2.11,2.14,2.53,0.0,8.75,False
2022-03-12 22:51:11.707,ETR700,e700_4801,158023,_Front_,Direzione avanti in M8,N,2022-03-12 22:51:22.505,11.0,Venezia,VEHICLE,VEHICLE,45.4833,12.2163,0,2022-03-12 22:51:07.707,0.0,1.0,0.0,0.0,0.0,1.0,0.0,36.0,1.0,0.0,28.4,28.3,28.3,27.8,3591.0,1600.0,2.0,0.0,1.0,45.4833,12.2163,250.0,0.0,2.62,2.58,2.63,2.65,2.42,2.13,2.14,2.53,2.61,2.57,2.62,2.63,2.41,2.11,2.14,2.53,0.0,8.75,False
2022-03-12 22:50:19.906,ETR700,e700_4801,152019,_1Q21_,IR chiuso in cassa T2,N,2022-03-12 22:52:16.911,118.0,Venezia,AT,T2_1Q2_IR,45.4833,12.2163,0,2022-03-12 22:50:15.909,0.0,1.0,0.0,0.0,0.0,1.0,0.0,8.0,0.0,0.0,23.0,23.4,23.5,23.5,3644.0,1600.0,2.0,0.0,1.0,45.4833,12.2163,250.0,0.0,2.62,2.58,2.63,2.65,2.42,2.12,2.14,2.53,2.61,2.57,2.62,2.64,2.41,2.12,2.14,2.54,0.0,8.89,False
2022-03-12 22:50:18.107,ETR700,e700_4801,150017,_CmdCloseIR_,Comando chiusura IR/IP da banco,N,2022-03-12 22:50:20.106,2.0,Venezia,VEHICLE,VEHICLE,45.4833,12.2163,0,2022-03-12 22:50:14.507,0.0,1.0,0.0,0.0,0.0,1.0,0.0,8.0,0.0,0.0,23.0,23.4,23.5,23.5,3299.0,1600.0,2.0,0.0,1.0,45.4833,12.2163,250.0,0.0,2.63,2.58,2.63,2.65,2.42,2.13,2.14,2.53,2.61,2.57,2.62,2.64,2.41,2.12,2.14,2.54,0.0,8.89,False
2022-03-12 22:50:09.305,ETR700,e700_4801,151014,_DCPantoSts_,Pantografo DC alto in T2,N,2022-03-12 22:52:24.907,136.0,Venezia,VEHICLE,VEHICLE,45.4833,12.2164,0,2022-03-12 22:50:06.505,0.0,1.0,0.0,0.0,0.0,0.0,0.0,8.0,0.0,0.0,23.0,23.4,23.5,23.6,0.0,1600.0,2.0,0.0,1.0,45.4833,12.2164,250.0,0.0,2.63,2.59,2.64,2.65,2.42,2.13,2.14,2.53,2.61,2.57,2.62,2.64,2.41,2.12,2.14,2.54,0.0,8.94,False
2022-03-12 22:50:03.107,ETR700,e700_4801,150012,_CmdPantoUp_,Comando alzamento panto da banco,N,2022-03-12 22:50:04.307,2.0,Venezia,VEHICLE,VEHICLE,45.4833,12.2164,0,2022-03-12 22:49:59.023,0.0,1.0,0.0,0.0,0.0,0.0,0.0,8.0,0.0,0.0,23.1,23.5,23.6,23.6,0.0,1600.0,2.0,0.0,1.0,45.4833,12.2164,250.0,0.0,2.62,2.58,2.64,2.65,2.42,2.13,2.14,2.53,2.61,2.57,2.62,2.64,2.41,2.13,2.13,2.54,0.0,8.97,False
2022-03-12 22:49:59.023,ETR700,e700_4801,ILCK_IR_T7_42,ILCK_IR_T7_42,Cod 42. Pantografo DC non alto,N,2022-03-12 22:50:09.305,11.0,Venezia,AT,T2_1Q2_IR,45.4833,12.2164,0,2022-03-12 22:49:57.423,0.0,1.0,0.0,0.0,0.0,0.0,0.0,8.0,0.0,0.0,23.1,23.5,23.6,23.7,0.0,1600.0,2.0,0.0,1.0,45.4833,12.2164,250.0,0.0,2.63,2.58,2.64,2.65,2.42,2.13,2.14,2.53,2.61,2.57,2.62,2.64,2.41,2.13,2.14,2.54,0.0,8.97,True
2022-03-12 22:49:57.423,ETR700,e700_4801,150011,_PantoLowSts_,Nessun pantografo alto,N,2022-03-12 22:50:09.305,12.0,Venezia,VEHICLE,VEHICLE,45.4833,12.2164,0,2022-03-12 22:49:53.229,0.0,1.0,0.0,0.0,0.0,1.0,0.0,8.0,0.0,0.0,23.1,23.5,23.6,23.6,0.0,1600.0,2.0,0.0,1.0,45.4833,12.2164,250.0,0.0,2.63,2.58,2.63,2.65,2.42,2.13,2.14,2.53,2.61,2.57,2.62,2.64,2.41,2.13,2.14,2.54,0.0,8.99,False
2022-03-12 22:49:47.115,ETR700,e700_4801,ILCK_PROP_21M8,ILCK_PROP_21M8,Cod. 21 AT non presente,N,2022-03-12 22:50:20.307,34.0,Venezia,MDS,MDS,45.4833,12.2164,0,2022-03-12 22:49:46.107,0.0,1.0,0.0,0.0,0.0,1.0,0.0,130.0,1.0,0.0,29.1,29.2,29.3,29.1,3618.0,1600.0,2.0,0.0,1.0,45.4833,12.2164,250.0,0.0,2.62,2.59,2.64,2.65,2.42,2.13,2.14,2.53,2.61,2.57,2.62,2.64,2.41,2.13,2.14,2.54,0.0,8.96,False
2022-03-12 22:49:47.115,ETR700,e700_4801,150016,_IRIP_OpenSts_,Nessun IR o IP chiuso,N,2022-03-12 22:50:19.906,33.0,Venezia,VEHICLE,VEHICLE,45.4833,12.2164,0,2022-03-12 22:49:46.107,0.0,1.0,0.0,0.0,0.0,1.0,0.0,130.0,1.0,0.0,29.1,29.2,29.3,29.1,3618.0,1600.0,2.0,0.0,1.0,45.4833,12.2164,250.0,0.0,2.62,2.59,2.64,2.65,2.42,2.13,2.14,2.53,2.61,2.57,2.62,2.64,2.41,2.13,2.14,2.54,0.0,8.96,False
2022-03-12 22:49:46.107,ETR700,e700_4801,150018,_CmdOpenIR_,Comando apertura IR/IP da banco,N,2022-03-12 22:49:46.507,1.0,Venezia,VEHICLE,VEHICLE,45.4833,12.2164,1,2022-03-12 22:49:46.107,0.0,1.0,0.0,0.0,0.0,1.0,0.0,130.0,1.0,0.0,29.1,29.2,29.3,29.1,3618.0,1600.0,2.0,0.0,1.0,45.4833,12.2164,250.0,0.0,2.62,2.59,2.64,2.65,2.42,2.13,2.14,2.53,2.61,2.57,2.62,2.64,2.41,2.13,2.14,2.54,0.0,8.96,False
2022-03-12 22:49:16.906,ETR700,e700_4801,152019,_1Q21_,IR chiuso in cassa T2,N,2022-03-12 22:49:47.115,31.0,Venezia,AT,T2_1Q2_IR,45.4833,12.2162,0,2022-03-12 22:49:12.312,0.0,1.0,0.0,0.0,0.0,1.0,1.0,40.0,0.0,1.0,29.1,29.2,29.3,29.1,3636.0,1600.0,2.0,0.0,4.0,45.4833,12.2162,0.0,0.0,2.62,2.6,2.64,2.64,2.41,2.13,2.14,2.53,2.62,2.58,2.62,2.64,2.4,2.13,2.14,2.54,0.0,8.46,False
2022-03-12 22:49:12.514,ETR700,e700_4801,150006,_Running_,Stato RUNNING attivo,N,2022-03-12 23:12:43.001,1411.0,Venezia,VEHICLE,VEHICLE,45.4833,12.2162,0,2022-03-12 22:49:07.905,0.0,0.0,0.0,0.0,0.0,1.0,1.0,40.0,0.0,1.0,29.1,29.2,29.3,29.1,3630.0,1600.0,2.0,0.0,4.0,45.4833,12.2162,0.0,0.0,2.62,2.6,2.64,2.64,2.42,2.13,2.14,2.53,2.62,2.58,2.62,2.64,2.4,2.13,2.14,2.54,0.0,8.47,False
2022-03-12 22:49:12.312,ETR700,e700_4801,011202,CCU_FltWtbComm,Mancata comunicazione WTB in CCU M1,N,2022-03-12 22:49:14.424,3.0,Venezia,VEHICLE,VEHICLE,45.4833,12.2162,0,2022-03-12 22:49:07.905,0.0,0.0,0.0,0.0,0.0,1.0,1.0,40.0,0.0,1.0,29.1,29.2,29.3,29.1,3630.0,1600.0,2.0,0.0,4.0,45.4833,12.2162,0.0,0.0,2.62,2.6,2.64,2.64,2.42,2.13,2.14,2.53,2.62,2.58,2.62,2.64,2.4,2.13,2.14,2.54,0.0,8.47,False
2022-03-12 22:49:12.312,ETR700,e700_4801,011200,CCU_FltWtbR1,Mancata ricezione R1 in CCU M1,N,2022-03-12 22:49:14.424,3.0,Venezia,VEHICLE,VEHICLE,45.4833,12.2162,0,2022-03-12 22:49:07.905,0.0,0.0,0.0,0.0,0.0,1.0,1.0,40.0,0.0,1.0,29.1,29.2,29.3,29.1,3630.0,1600.0,2.0,0.0,4.0,45.4833,12.2162,0.0,0.0,2.62,2.6,2.64,2.64,2.42,2.13,2.14,2.53,2.62,2.58,2.62,2.64,2.4,2.13,2.14,2.54,0.0,8.47,False
2022-03-12 22:49:12.312,ETR700,e700_4801,ILCK_PROP_11M8,ILCK_PROP_11M8,Cod. 11 Rilascio Porte Destre Attivo,N,2022-03-12 23:12:23.707,1392.0,Venezia,MDS,MDS,45.4833,12.2162,0,2022-03-12 22:49:07.905,0.0,0.0,0.0,0.0,0.0,1.0,1.0,40.0,0.0,1.0,29.1,29.2,29.3,29.1,3630.0,1600.0,2.0,0.0,4.0,45.4833,12.2162,0.0,0.0,2.62,2.6,2.64,2.64,2.42,2.13,2.14,2.53,2.62,2.58,2.62,2.64,2.4,2.13,2.14,2.54,0.0,8.47,False
2022-03-12 20:52:10.105,ETR700,e700_4801,011201,CCU_FltWtbR2,Mancata ricezione R2 in CCU M1,N,2022-03-12 20:52:12.309,3.0,Venezia,VEHICLE,VEHICLE,45.4834,12.2164,0,2022-03-12 20:52:05.505,0.0,0.0,0.0,0.0,0.0,1.0,1.0,36.0,0.0,1.0,29.1,29.2,29.3,29.1,3566.0,1600.0,2.0,0.0,4.0,45.4834,12.2164,0.0,0.0,2.61,2.59,2.62,2.62,2.41,2.11,2.14,2.55,2.6,2.57,2.6,2.63,2.39,2.11,2.13,2.56,0.0,8.92,False
2022-03-12 20:52:07.107,ETR700,e700_4801,011202,CCU_FltWtbComm,Mancata comunicazione WTB in CCU M1,N,2022-03-12 20:52:12.309,6.0,Venezia,VEHICLE,VEHICLE,45.4834,12.2164,0,2022-03-12 20:52:02.502,0.0,0.0,0.0,0.0,0.0,1.0,1.0,40.0,0.0,1.0,29.1,29.2,29.3,29.1,3595.0,1600.0,2.0,0.0,4.0,45.4834,12.2164,0.0,0.0,2.62,2.59,2.62,2.62,2.41,2.11,2.13,2.55,2.6,2.57,2.6,2.63,2.39,2.11,2.13,2.56,0.0,8.92,False
2022-03-12 20:52:07.107,ETR700,e700_4801,018202,CCU_FltWtbComm,Mancata comunicazione WTB in CCU M8,N,2022-03-12 20:52:11.907,5.0,Venezia,VEHICLE,VEHICLE,45.4834,12.2164,0,2022-03-12 20:52:02.502,0.0,0.0,0.0,0.0,0.0,1.0,1.0,40.0,0.0,1.0,29.1,29.2,29.3,29.1,3595.0,1600.0,2.0,0.0,4.0,45.4834,12.2164,0.0,0.0,2.62,2.59,2.62,2.62,2.41,2.11,2.13,2.55,2.6,2.57,2.6,2.63,2.39,2.11,2.13,2.56,0.0,8.92,False
2022-03-12 20:52:07.107,ETR700,e700_4801,018201,CCU_FltWtbR2,Mancata ricezione R2 in CCU M8,N,2022-03-12 20:52:11.907,5.0,Venezia,VEHICLE,VEHICLE,45.4834,12.2164,0,2022-03-12 20:52:02.502,0.0,0.0,0.0,0.0,0.0,1.0,1.0,40.0,0.0,1.0,29.1,29.2,29.3,29.1,3595.0,1600.0,2.0,0.0,4.0,45.4834,12.2164,0.0,0.0,2.62,2.59,2.62,2.62,2.41,2.11,2.13,2.55,2.6,2.57,2.6,2.63,2.39,2.11,2.13,2.56,0.0,8.92,False
2022-03-12 20:52:07.107,ETR700,e700_4801,011203,CCU_GtwFlt ,Guasto GTW semitreno M1-T4,N,2022-03-12 20:52:10.105,3.0,Venezia,VEHICLE,VEHICLE,45.4834,12.2164,0,2022-03-12 20:52:02.502,0.0,0.0,0.0,0.0,0.0,1.0,1.0,40.0,0.0,1.0,29.1,29.2,29.3,29.1,3595.0,1600.0,2.0,0.0,4.0,45.4834,12.2164,0.0,0.0,2.62,2.59,2.62,2.62,2.41,2.11,2.13,2.55,2.6,2.57,2.6,2.63,2.39,2.11,2.13,2.56,0.0,8.92,True
2022-03-12 19:47:38.921,ETR700,e700_4801,150009,_Parking_,Stato PARKING attivo,N,2022-03-12 22:49:12.514,10894.0,Venezia,VEHICLE,VEHICLE,45.4832,12.2164,0,2022-03-12 19:47:34.102,0.0,0.0,2.0,0.0,0.0,1.0,1.0,32.0,0.0,1.0,29.1,29.2,29.3,29.1,3534.0,1600.0,2.0,0.0,2.0,45.4832,12.2164,0.0,0.0,2.58,2.59,2.63,2.62,2.41,2.1,2.12,2.61,2.57,2.59,2.6,2.65,2.4,2.1,2.11,2.65,0.47,9.43,False
2022-03-12 19:47:34.102,ETR700,e700_4801,151014,_DCPantoSts_,Pantografo DC alto in T2,N,2022-03-12 22:49:57.423,10944.0,Venezia,VEHICLE,VEHICLE,45.4832,12.2164,0,2022-03-12 19:47:29.508,0.0,1.0,2.0,0.0,0.0,0.0,1.0,32.0,0.0,1.0,29.1,29.2,29.3,29.1,3520.0,1600.0,2.0,0.0,1.0,45.4832,12.2164,30.0,0.0,2.57,2.6,2.63,2.62,2.41,2.1,2.1,2.62,2.56,2.59,2.6,2.65,2.38,2.09,2.11,2.65,0.48,9.46,False
2022-03-12 19:47:30.110,ETR700,e700_4801,150007,_Standby_,Stato STANDBY attivo,N,2022-03-12 19:47:38.921,9.0,Venezia,VEHICLE,VEHICLE,45.4832,12.2164,0,2022-03-12 19:47:25.308,0.0,1.0,2.0,0.0,0.0,0.0,1.0,32.0,0.0,1.0,29.1,29.2,29.3,29.1,3516.0,1600.0,2.0,0.0,1.0,45.4832,12.2164,30.0,0.0,2.57,2.6,2.63,2.62,2.41,2.1,2.1,2.62,2.56,2.6,2.6,2.65,2.38,2.09,2.1,2.65,0.48,9.49,False
2022-03-12 19:47:29.709,ETR700,e700_4801,ILCK_PROP_15,ILCK_PROP_15,Cod. 15 Nessun banco abilitato,N,2022-03-12 22:49:12.312,10903.0,Venezia,MDS,MDS,45.4832,12.2164,0,2022-03-12 19:47:25.108,0.0,1.0,2.0,0.0,0.0,0.0,1.0,32.0,0.0,1.0,29.1,29.2,29.3,29.1,3514.0,1600.0,2.0,0.0,1.0,45.4832,12.2164,30.0,0.0,2.56,2.6,2.63,2.62,2.41,2.1,2.1,2.62,2.56,2.6,2.6,2.65,2.39,2.09,2.11,2.65,0.48,9.49,False
2022-03-12 19:47:29.508,ETR700,e700_4801,011202,CCU_FltWtbComm,Mancata comunicazione WTB in CCU M1,N,2022-03-12 19:47:32.263,3.0,Venezia,VEHICLE,VEHICLE,45.4832,12.2164,0,2022-03-12 19:47:25.108,0.0,1.0,2.0,0.0,0.0,0.0,1.0,32.0,0.0,1.0,29.1,29.2,29.3,29.1,3514.0,1600.0,2.0,0.0,1.0,45.4832,12.2164,30.0,0.0,2.56,2.6,2.63,2.62,2.41,2.1,2.1,2.62,2.56,2.6,2.6,2.65,2.39,2.09,2.11,2.65,0.48,9.49,False
2022-03-12 19:47:29.508,ETR700,e700_4801,011201,CCU_FltWtbR2,Mancata ricezione R2 in CCU M1,N,2022-03-12 19:47:32.263,3.0,Venezia,VEHICLE,VEHICLE,45.4832,12.2164,0,2022-03-12 19:47:25.108,0.0,1.0,2.0,0.0,0.0,0.0,1.0,32.0,0.0,1.0,29.1,29.2,29.3,29.1,3514.0,1600.0,2.0,0.0,1.0,45.4832,12.2164,30.0,0.0,2.56,2.6,2.63,2.62,2.41,2.1,2.1,2.62,2.56,2.6,2.6,2.65,2.39,2.09,2.11,2.65,0.48,9.49,False
2022-03-12 19:47:07.710,ETR700,e700_4801,ILCK_PROP_11M8,ILCK_PROP_11M8,Cod. 11 Rilascio Porte Destre Attivo,N,2022-03-12 19:47:29.709,22.0,Venezia,MDS,MDS,45.4832,12.2164,0,2022-03-12 19:47:04.509,0.0,1.0,2.0,0.0,0.0,0.0,1.0,44.0,0.0,1.0,29.1,29.2,29.3,29.1,3554.0,1600.0,2.0,0.0,1.0,45.4832,12.2164,30.0,0.0,2.63,2.59,2.63,2.64,2.46,2.12,2.1,2.62,2.6,2.58,2.61,2.65,2.44,2.13,2.1,2.64,1.23,9.29,False
2022-03-12 19:44:34.310,ETR700,e700_4801,ILCK_PROP_21M8,ILCK_PROP_21M8,Cod. 21 AT non presente,N,2022-03-12 19:44:48.708,15.0,Venezia,MDS,MDS,45.4836,12.2194,0,2022-03-12 19:44:31.711,0.0,1.0,2.0,0.0,0.0,0.0,1.0,84.0,0.0,1.0,29.1,29.2,29.3,29.1,3591.0,1600.0,2.0,0.0,1.0,45.4836,12.2194,30.0,10.0,0.01,0.0,0.0,0.0,0.0,0.0,0.0,0.0,0.0,0.0,0.0,0.0,0.0,0.0,0.0,0.0,4.97,8.24,False
2022-03-12 19:44:34.106,ETR700,e700_4801,150016,_IRIP_OpenSts_,Nessun IR o IP chiuso,N,2022-03-12 19:44:48.507,15.0,Venezia,VEHICLE,VEHICLE,45.4836,12.2194,0,2022-03-12 19:44:31.711,0.0,1.0,2.0,0.0,0.0,0.0,1.0,84.0,0.0,1.0,29.1,29.2,29.3,29.1,3591.0,1600.0,2.0,0.0,1.0,45.4836,12.2194,30.0,10.0,0.01,0.0,0.0,0.0,0.0,0.0,0.0,0.0,0.0,0.0,0.0,0.0,0.0,0.0,0.0,0.0,4.97,8.24,False
2022-03-12 19:44:32.510,ETR700,e700_4801,150018,_CmdOpenIR_,Comando apertura IR/IP da banco,N,2022-03-12 19:44:33.309,1.0,Venezia,VEHICLE,VEHICLE,45.4836,12.2194,0,2022-03-12 19:44:27.511,0.0,1.0,2.0,0.0,0.0,0.0,1.0,154.0,0.0,1.0,29.1,29.2,29.3,29.1,3568.0,1600.0,2.0,0.0,1.0,45.4836,12.2196,30.0,6.0,0.01,0.0,0.0,0.0,0.0,0.0,0.0,0.01,0.0,0.0,0.0,0.0,0.0,0.0,0.0,0.01,4.97,8.14,False
2022-03-12 19:27:23.508,ETR700,e700_4801,151024,_Rear_,Direzione indietro in M1,N,2022-03-12 19:47:25.308,1202.0,Venezia,VEHICLE,VEHICLE,45.4829,12.2257,0,2022-03-12 19:27:19.708,0.0,1.0,2.0,0.0,0.0,0.0,1.0,68.0,0.0,1.0,29.1,29.2,29.3,29.1,3581.0,1600.0,2.0,0.0,1.0,45.4829,12.2257,30.0,0.0,1.67,1.58,1.65,1.74,1.61,1.32,1.35,1.54,1.64,1.59,1.64,1.65,1.58,1.32,1.35,1.64,4.09,9.1,False
2022-03-12 19:27:23.307,ETR700,e700_4801,158023,_Front_,Direzione avanti in M8,N,2022-03-12 19:47:25.108,1202.0,Venezia,VEHICLE,VEHICLE,45.4829,12.2257,0,2022-03-12 19:27:19.708,0.0,1.0,2.0,0.0,0.0,0.0,1.0,68.0,0.0,1.0,29.1,29.2,29.3,29.1,3581.0,1600.0,2.0,0.0,1.0,45.4829,12.2257,30.0,0.0,1.67,1.58,1.65,1.74,1.61,1.32,1.35,1.54,1.64,1.59,1.64,1.65,1.58,1.32,1.35,1.64,4.09,9.1,False
2022-03-12 19:24:29.307,ETR700,e700_4801,ILCK_PROP_10,ILCK_PROP_10,Cod. 10 Nessuna velocita' impostata,N,2022-03-12 19:24:30.506,2.0,Venezia,VEHICLE,VEHICLE,45.4829,12.2257,0,2022-03-12 19:24:25.106,0.0,1.0,0.0,0.0,0.0,0.0,1.0,68.0,0.0,1.0,29.1,29.2,29.2,29.1,3636.0,1600.0,2.0,0.0,1.0,45.4829,12.2257,250.0,0.0,2.66,2.58,2.64,2.63,2.41,2.11,2.12,2.63,2.64,2.57,2.62,2.62,2.4,2.1,2.12,2.66,0.03,9.13,False
2022-03-12 19:24:23.308,ETR700,e700_4801,150006,_Running_,Stato RUNNING attivo,N,2022-03-12 19:47:30.11,1387.0,Venezia,VEHICLE,VEHICLE,45.4829,12.2257,0,2022-03-12 19:24:23.109,0.0,1.0,0.0,0.0,0.0,0.0,1.0,68.0,0.0,1.0,29.1,29.1,29.2,29.1,3643.0,1600.0,2.0,0.0,2.0,45.4829,12.2257,0.0,0.0,2.65,2.59,2.63,2.62,2.41,2.11,2.12,2.63,2.64,2.57,2.62,2.62,2.39,2.11,2.11,2.66,0.04,9.13,False
2022-03-12 19:24:23.109,ETR700,e700_4801,011202,CCU_FltWtbComm,Mancata comunicazione WTB in CCU M1,N,2022-03-12 19:24:24.907,2.0,Venezia,VEHICLE,VEHICLE,45.4829,12.2257,1,2022-03-12 19:24:23.109,0.0,1.0,0.0,0.0,0.0,0.0,1.0,68.0,0.0,1.0,29.1,29.1,29.2,29.1,3643.0,1600.0,2.0,0.0,2.0,45.4829,12.2257,0.0,0.0,2.65,2.59,2.63,2.62,2.41,2.11,2.12,2.63,2.64,2.57,2.62,2.62,2.39,2.11,2.11,2.66,0.04,9.13,False
2022-03-12 19:24:23.109,ETR700,e700_4801,011200,CCU_FltWtbR1,Mancata ricezione R1 in CCU M1,N,2022-03-12 19:24:24.907,2.0,Venezia,VEHICLE,VEHICLE,45.4829,12.2257,1,2022-03-12 19:24:23.109,0.0,1.0,0.0,0.0,0.0,0.0,1.0,68.0,0.0,1.0,29.1,29.1,29.2,29.1,3643.0,1600.0,2.0,0.0,2.0,45.4829,12.2257,0.0,0.0,2.65,2.59,2.63,2.62,2.41,2.11,2.12,2.63,2.64,2.57,2.62,2.62,2.39,2.11,2.11,2.66,0.04,9.13,False
2022-03-12 19:19:53.509,ETR700,e700_4801,011202,CCU_FltWtbComm,Mancata comunicazione WTB in CCU M1,N,2022-03-12 19:19:53.908,1.0,Venezia,VEHICLE,VEHICLE,45.4829,12.2257,0,2022-03-12 19:19:50.308,1.0,0.0,1.0,0.0,0.0,0.0,1.0,72.0,0.0,1.0,28.9,29.1,29.2,29.1,3553.0,1600.0,2.0,0.0,1.0,45.4829,12.2257,30.0,0.0,2.61,2.45,2.61,2.63,2.4,2.09,2.08,2.58,2.6,2.43,2.61,2.6,2.38,2.09,2.09,2.6,0.38,8.61,False
2022-03-12 19:19:53.509,ETR700,e700_4801,011201,CCU_FltWtbR2,Mancata ricezione R2 in CCU M1,N,2022-03-12 19:19:53.908,1.0,Venezia,VEHICLE,VEHICLE,45.4829,12.2257,0,2022-03-12 19:19:50.308,1.0,0.0,1.0,0.0,0.0,0.0,1.0,72.0,0.0,1.0,28.9,29.1,29.2,29.1,3553.0,1600.0,2.0,0.0,1.0,45.4829,12.2257,30.0,0.0,2.61,2.45,2.61,2.63,2.4,2.09,2.08,2.58,2.6,2.43,2.61,2.6,2.38,2.09,2.09,2.6,0.38,8.61,False
2022-03-12 19:19:52.112,ETR700,e700_4801,018202,CCU_FltWtbComm,Mancata comunicazione WTB in CCU M8,N,2022-03-12 19:19:53.509,2.0,Venezia,VEHICLE,VEHICLE,45.4829,12.2257,0,2022-03-12 19:19:47.71,1.0,0.0,1.0,0.0,0.0,0.0,1.0,72.0,0.0,1.0,28.9,29.2,29.2,29.1,3564.0,1600.0,2.0,0.0,1.0,45.4829,12.2257,30.0,0.0,2.43,2.47,2.47,2.62,2.18,2.2,2.03,2.62,2.39,2.47,2.47,2.66,2.17,2.07,2.06,2.5,0.33,8.63,False
2022-03-12 19:19:52.112,ETR700,e700_4801,018201,CCU_FltWtbR2,Mancata ricezione R2 in CCU M8,N,2022-03-12 19:19:53.509,2.0,Venezia,VEHICLE,VEHICLE,45.4829,12.2257,0,2022-03-12 19:19:47.71,1.0,0.0,1.0,0.0,0.0,0.0,1.0,72.0,0.0,1.0,28.9,29.2,29.2,29.1,3564.0,1600.0,2.0,0.0,1.0,45.4829,12.2257,30.0,0.0,2.43,2.47,2.47,2.62,2.18,2.2,2.03,2.62,2.39,2.47,2.47,2.66,2.17,2.07,2.06,2.5,0.33,8.63,False
2022-03-12 19:19:52.112,ETR700,e700_4801,ILCK_PROP_15,ILCK_PROP_15,Cod. 15 Nessun banco abilitato,N,2022-03-12 19:24:23.109,271.0,Venezia,MDS,MDS,45.4829,12.2257,0,2022-03-12 19:19:47.71,1.0,0.0,1.0,0.0,0.0,0.0,1.0,72.0,0.0,1.0,28.9,29.2,29.2,29.1,3564.0,1600.0,2.0,0.0,1.0,45.4829,12.2257,30.0,0.0,2.43,2.47,2.47,2.62,2.18,2.2,2.03,2.62,2.39,2.47,2.47,2.66,2.17,2.07,2.06,2.5,0.33,8.63,False
2022-03-12 19:19:52.112,ETR700,e700_4801,150007,_Standby_,Stato STANDBY attivo,N,2022-03-12 19:24:23.308,272.0,Venezia,VEHICLE,VEHICLE,45.4829,12.2257,0,2022-03-12 19:19:47.71,1.0,0.0,1.0,0.0,0.0,0.0,1.0,72.0,0.0,1.0,28.9,29.2,29.2,29.1,3564.0,1600.0,2.0,0.0,1.0,45.4829,12.2257,30.0,0.0,2.43,2.47,2.47,2.62,2.18,2.2,2.03,2.62,2.39,2.47,2.47,2.66,2.17,2.07,2.06,2.5,0.33,8.63,False
2022-03-12 19:19:42.906,ETR700,e700_4801,ILCK_PROP_02,ILCK_PROP_02,Cod. 02 Taglio trazione comandato da RCEC,N,2022-03-12 19:24:41.298,299.0,Venezia,VEHICLE,VEHICLE,45.4829,12.2257,0,2022-03-12 19:19:40.113,1.0,0.0,1.0,0.0,0.0,0.0,1.0,72.0,0.0,1.0,28.9,29.2,29.2,29.1,3620.0,1600.0,2.0,0.0,1.0,45.4829,12.2257,30.0,0.0,2.37,2.28,2.36,2.38,2.33,1.95,1.93,2.36,2.37,2.28,2.34,2.4,2.26,1.93,2.04,2.32,3.1,8.67,False
2022-03-12 19:16:01.909,ETR700,e700_4801,150017,_CmdCloseIR_,Comando chiusura IR/IP da banco,N,2022-03-12 19:16:04.709,3.0,Venezia,VEHICLE,VEHICLE,45.4835,12.218,0,2022-03-12 19:15:57.11,1.0,0.0,1.0,0.0,0.0,0.0,1.0,8.0,0.0,0.0,22.8,23.3,23.5,23.6,72.0,1600.0,2.0,0.0,1.0,45.4835,12.2178,30.0,14.0,0.01,0.0,0.0,0.0,0.0,0.0,0.0,0.0,0.01,0.0,0.0,0.0,0.0,0.0,0.0,0.0,4.95,8.88,False
2022-03-12 19:15:33.234,ETR700,e700_4801,ILCK_PROP_21M1,ILCK_PROP_21M1,Cod. 21 AT non presente,N,2022-03-12 19:16:05.509,33.0,Venezia,MDS,MDS,45.4834,12.2166,0,2022-03-12 19:15:29.113,1.0,0.0,1.0,0.0,0.0,0.0,1.0,80.0,0.0,1.0,28.9,29.2,29.3,29.1,3571.0,1600.0,2.0,0.0,1.0,45.4833,12.2163,30.0,15.0,0.01,0.0,0.0,0.0,0.01,0.0,0.0,0.01,0.01,0.0,0.0,0.0,0.0,0.0,0.0,0.0,4.95,8.95,False
2022-03-12 19:15:33.234,ETR700,e700_4801,150016,_IRIP_OpenSts_,Nessun IR o IP chiuso,N,2022-03-12 19:16:05.108,32.0,Venezia,VEHICLE,VEHICLE,45.4834,12.2166,0,2022-03-12 19:15:29.113,1.0,0.0,1.0,0.0,0.0,0.0,1.0,80.0,0.0,1.0,28.9,29.2,29.3,29.1,3571.0,1600.0,2.0,0.0,1.0,45.4833,12.2163,30.0,15.0,0.01,0.0,0.0,0.0,0.01,0.0,0.0,0.01,0.01,0.0,0.0,0.0,0.0,0.0,0.0,0.0,4.95,8.95,False
2022-03-12 19:15:30.506,ETR700,e700_4801,150018,_CmdOpenIR_,Comando apertura IR/IP da banco,N,2022-03-12 19:15:31.708,2.0,Venezia,VEHICLE,VEHICLE,45.4833,12.2163,0,2022-03-12 19:15:29.113,1.0,0.0,1.0,0.0,0.0,0.0,1.0,80.0,0.0,1.0,28.9,29.2,29.3,29.1,3571.0,1600.0,2.0,0.0,1.0,45.4833,12.2163,30.0,15.0,0.01,0.0,0.0,0.0,0.01,0.0,0.0,0.01,0.01,0.0,0.0,0.0,0.0,0.0,0.0,0.0,4.95,8.95,False
2022-03-12 19:13:02.911,ETR700,e700_4801,151023,_Front_,Direzione avanti in M1,N,2022-03-12 19:19:50.308,408.0,Venezia,VEHICLE,VEHICLE,45.4829,12.2138,0,2022-03-12 19:12:58.514,1.0,0.0,1.0,0.0,0.0,0.0,1.0,40.0,0.0,1.0,29.0,29.2,29.3,29.1,3591.0,1600.0,2.0,0.0,1.0,45.4829,12.2138,30.0,0.0,0.91,0.79,0.61,0.7,0.91,0.73,0.66,0.7,0.87,0.72,0.68,0.65,0.88,0.73,0.77,0.69,4.07,8.25,False
2022-03-12 19:13:02.709,ETR700,e700_4801,158024,_Rear_,Direzione indietro in M8,N,2022-03-12 19:19:50.107,408.0,Venezia,VEHICLE,VEHICLE,45.4829,12.2138,0,2022-03-12 19:12:58.514,1.0,0.0,1.0,0.0,0.0,0.0,1.0,40.0,0.0,1.0,29.0,29.2,29.3,29.1,3591.0,1600.0,2.0,0.0,1.0,45.4829,12.2138,30.0,0.0,0.91,0.79,0.61,0.7,0.91,0.73,0.66,0.7,0.87,0.72,0.68,0.65,0.88,0.73,0.77,0.69,4.07,8.25,False
2022-03-12 19:11:31.707,ETR700,e700_4801,ILCK_PROP_10,ILCK_PROP_10,Cod. 10 Nessuna velocita' impostata,N,2022-03-12 19:11:33.308,2.0,Venezia,VEHICLE,VEHICLE,45.483,12.2139,0,2022-03-12 19:11:27.307,1.0,0.0,1.0,0.0,0.0,0.0,1.0,44.0,0.0,1.0,29.0,29.2,29.3,29.1,3650.0,1600.0,2.0,0.0,1.0,45.483,12.214,250.0,0.0,0.01,0.0,0.0,0.0,0.01,0.0,0.0,0.01,0.01,0.0,0.0,0.0,0.0,0.0,0.0,0.01,4.96,9.0,False
2022-03-12 19:09:08.310,ETR700,e700_4801,ILCK_PROP_02,ILCK_PROP_02,Cod. 02 Taglio trazione comandato da RCEC,N,2022-03-12 19:09:49.109,41.0,Venezia,VEHICLE,VEHICLE,45.4829,12.214,0,2022-03-12 19:09:05.105,0.0,0.0,0.0,0.0,0.0,1.0,1.0,36.0,1.0,0.0,29.1,29.2,29.3,29.1,3635.0,1600.0,2.0,0.0,4.0,45.4829,12.214,0.0,0.0,2.63,2.59,2.64,2.63,2.41,2.12,2.15,2.59,2.62,2.57,2.63,2.63,2.39,2.12,2.14,2.6,0.0,9.01,False
2022-03-12 19:09:08.108,ETR700,e700_4801,150006,_Running_,Stato RUNNING attivo,N,2022-03-12 19:19:52.112,645.0,Venezia,VEHICLE,VEHICLE,45.4829,12.214,0,2022-03-12 19:09:05.105,0.0,0.0,0.0,0.0,0.0,1.0,1.0,36.0,1.0,0.0,29.1,29.2,29.3,29.1,3635.0,1600.0,2.0,0.0,4.0,45.4829,12.214,0.0,0.0,2.63,2.59,2.64,2.63,2.41,2.12,2.15,2.59,2.62,2.57,2.63,2.63,2.39,2.12,2.14,2.6,0.0,9.01,False
2022-03-12 19:09:07.909,ETR700,e700_4801,ILCK_PROP_10,ILCK_PROP_10,Cod. 10 Nessuna velocita' impostata,N,2022-03-12 19:09:08.31,1.0,Venezia,VEHICLE,VEHICLE,45.4829,12.214,0,2022-03-12 19:09:05.105,0.0,0.0,0.0,0.0,0.0,1.0,1.0,36.0,1.0,0.0,29.1,29.2,29.3,29.1,3635.0,1600.0,2.0,0.0,4.0,45.4829,12.214,0.0,0.0,2.63,2.59,2.64,2.63,2.41,2.12,2.15,2.59,2.62,2.57,2.63,2.63,2.39,2.12,2.14,2.6,0.0,9.01,False
2022-03-12 19:09:07.909,ETR700,e700_4801,ILCK_PROP_11M1,ILCK_PROP_11M1,Cod. 11 Rilascio Porte Destre Attivo,N,2022-03-12 19:09:28.506,21.0,Venezia,MDS,MDS,45.4829,12.214,0,2022-03-12 19:09:05.105,0.0,0.0,0.0,0.0,0.0,1.0,1.0,36.0,1.0,0.0,29.1,29.2,29.3,29.1,3635.0,1600.0,2.0,0.0,4.0,45.4829,12.214,0.0,0.0,2.63,2.59,2.64,2.63,2.41,2.12,2.15,2.59,2.62,2.57,2.63,2.63,2.39,2.12,2.14,2.6,0.0,9.01,False
2022-03-12 19:09:07.109,ETR700,e700_4801,150007,_Standby_,Stato STANDBY attivo,N,2022-03-12 19:09:08.108,1.0,Venezia,VEHICLE,VEHICLE,45.4829,12.214,0,2022-03-12 19:09:05.105,0.0,0.0,0.0,0.0,0.0,1.0,1.0,36.0,1.0,0.0,29.1,29.2,29.3,29.1,3635.0,1600.0,2.0,0.0,4.0,45.4829,12.214,0.0,0.0,2.63,2.59,2.64,2.63,2.41,2.12,2.15,2.59,2.62,2.57,2.63,2.63,2.39,2.12,2.14,2.6,0.0,9.01,False
2022-03-12 18:06:07.510,ETR700,e700_4801,ILCK_PROP_15,ILCK_PROP_15,Cod. 15 Nessun banco abilitato,N,2022-03-12 19:09:07.909,3781.0,Venezia,MDS,MDS,45.4829,12.214,0,2022-03-12 18:06:03.107,0.0,1.0,0.0,0.0,0.0,1.0,0.0,52.0,1.0,0.0,28.9,29.1,29.1,29.0,3640.0,1600.0,2.0,0.0,1.0,45.4829,12.214,250.0,0.0,2.57,2.58,2.64,2.63,2.41,2.1,2.11,2.6,2.56,2.58,2.63,2.64,2.39,2.1,2.12,2.61,0.15,9.08,False
2022-03-12 18:06:07.308,ETR700,e700_4801,011202,CCU_FltWtbComm,Mancata comunicazione WTB in CCU M1,N,2022-03-12 18:06:09.11,2.0,Venezia,VEHICLE,VEHICLE,45.4829,12.214,0,2022-03-12 18:06:03.107,0.0,1.0,0.0,0.0,0.0,1.0,0.0,52.0,1.0,0.0,28.9,29.1,29.1,29.0,3640.0,1600.0,2.0,0.0,1.0,45.4829,12.214,250.0,0.0,2.57,2.58,2.64,2.63,2.41,2.1,2.11,2.6,2.56,2.58,2.63,2.64,2.39,2.1,2.12,2.61,0.15,9.08,False
2022-03-12 18:06:07.308,ETR700,e700_4801,011201,CCU_FltWtbR2,Mancata ricezione R2 in CCU M1,N,2022-03-12 18:06:09.11,2.0,Venezia,VEHICLE,VEHICLE,45.4829,12.214,0,2022-03-12 18:06:03.107,0.0,1.0,0.0,0.0,0.0,1.0,0.0,52.0,1.0,0.0,28.9,29.1,29.1,29.0,3640.0,1600.0,2.0,0.0,1.0,45.4829,12.214,250.0,0.0,2.57,2.58,2.64,2.63,2.41,2.1,2.11,2.6,2.56,2.58,2.63,2.64,2.39,2.1,2.12,2.61,0.15,9.08,False
2022-03-12 18:06:07.308,ETR700,e700_4801,150007,_Standby_,Stato STANDBY attivo,N,2022-03-12 18:06:16.907,10.0,Venezia,VEHICLE,VEHICLE,45.4829,12.214,0,2022-03-12 18:06:03.107,0.0,1.0,0.0,0.0,0.0,1.0,0.0,52.0,1.0,0.0,28.9,29.1,29.1,29.0,3640.0,1600.0,2.0,0.0,1.0,45.4829,12.214,250.0,0.0,2.57,2.58,2.64,2.63,2.41,2.1,2.11,2.6,2.56,2.58,2.63,2.64,2.39,2.1,2.12,2.61,0.15,9.08,False
2022-03-12 18:05:50.907,ETR700,e700_4801,ILCK_PROP_11M8,ILCK_PROP_11M8,Cod. 11 Rilascio Porte Destre Attivo,N,2022-03-12 18:06:07.51,17.0,Venezia,MDS,MDS,45.4829,12.214,0,2022-03-12 18:05:47.306,0.0,1.0,0.0,0.0,0.0,1.0,0.0,60.0,1.0,0.0,28.9,29.0,29.1,28.9,3691.0,1600.0,2.0,0.0,1.0,45.4829,12.214,250.0,0.0,2.7,2.56,2.63,2.65,2.5,2.11,2.17,2.59,2.68,2.54,2.62,2.65,2.49,2.12,2.17,2.59,0.36,8.79,False
2022-03-12 18:05:49.507,ETR700,e700_4801,ILCK_PROP_02,ILCK_PROP_02,Cod. 02 Taglio trazione comandato da RCEC,N,2022-03-12 18:06:07.711,19.0,Venezia,VEHICLE,VEHICLE,45.4829,12.214,0,2022-03-12 18:05:47.306,0.0,1.0,0.0,0.0,0.0,1.0,0.0,60.0,1.0,0.0,28.9,29.0,29.1,28.9,3691.0,1600.0,2.0,0.0,1.0,45.4829,12.214,250.0,0.0,2.7,2.56,2.63,2.65,2.5,2.11,2.17,2.59,2.68,2.54,2.62,2.65,2.49,2.12,2.17,2.59,0.36,8.79,False
2022-03-12 18:04:01.908,ETR700,e700_4801,152019,_1Q21_,IR chiuso in cassa T2,N,2022-03-12 19:09:13.533,3912.0,Venezia,AT,T2_1Q2_IR,45.4833,12.2161,0,2022-03-12 18:03:56.908,0.0,1.0,2.0,0.0,0.0,1.0,0.0,8.0,0.0,0.0,23.1,23.5,23.5,23.5,3662.0,1600.0,2.0,0.0,1.0,45.4833,12.2162,250.0,8.0,0.01,0.0,0.0,0.0,0.0,0.0,0.0,0.0,0.0,0.0,0.0,0.0,0.0,0.0,0.0,0.0,4.96,8.5,False
2022-03-12 18:03:59.707,ETR700,e700_4801,150017,_CmdCloseIR_,Comando chiusura IR/IP da banco,N,2022-03-12 18:04:01.507,2.0,Venezia,VEHICLE,VEHICLE,45.4833,12.2162,0,2022-03-12 18:03:54.707,0.0,1.0,2.0,0.0,0.0,1.0,0.0,8.0,0.0,0.0,23.1,23.5,23.6,23.5,0.0,1600.0,2.0,0.0,1.0,45.4833,12.2163,250.0,8.0,0.01,0.0,0.0,0.0,0.0,0.0,0.0,0.0,0.0,0.0,0.0,0.0,0.0,0.0,0.0,0.0,4.96,8.5,False
2022-03-12 18:03:32.509,ETR700,e700_4801,150018,_CmdOpenIR_,Comando apertura IR/IP da banco,N,2022-03-12 18:03:33.908,2.0,Venezia,VEHICLE,VEHICLE,45.4834,12.2169,0,2022-03-12 18:03:28.708,0.0,1.0,2.0,0.0,0.0,1.0,0.0,64.0,1.0,0.0,29.1,29.2,29.3,29.1,3704.0,1600.0,2.0,0.0,1.0,45.4834,12.217,250.0,9.0,0.01,0.0,0.0,0.0,0.0,0.0,0.0,0.0,0.0,0.0,0.0,0.0,0.0,0.0,0.0,0.0,4.96,8.56,False
2022-03-12 17:43:06.106,ETR700,e700_4801,151024,_Rear_,Direzione indietro in M1,N,2022-03-12 18:06:04.908,1379.0,Venezia,VEHICLE,VEHICLE,45.4414,12.3205,0,2022-03-12 17:43:02.906,0.0,1.0,2.0,0.0,0.0,1.0,0.0,60.0,1.0,0.0,29.1,29.2,29.3,29.1,3606.0,1600.0,2.0,0.0,1.0,45.4414,12.3205,250.0,0.0,2.54,2.59,2.65,2.65,2.42,2.13,2.17,2.61,2.53,2.58,2.66,2.63,2.4,2.12,2.16,2.63,1.66,9.04,False
2022-03-12 17:43:05.907,ETR700,e700_4801,158023,_Front_,Direzione avanti in M8,N,2022-03-12 18:06:04.708,1379.0,Venezia,VEHICLE,VEHICLE,45.4414,12.3205,0,2022-03-12 17:43:02.906,0.0,1.0,2.0,0.0,0.0,1.0,0.0,60.0,1.0,0.0,29.1,29.2,29.3,29.1,3606.0,1600.0,2.0,0.0,1.0,45.4414,12.3205,250.0,0.0,2.54,2.59,2.65,2.65,2.42,2.13,2.17,2.61,2.53,2.58,2.66,2.63,2.4,2.12,2.16,2.63,1.66,9.04,False
2022-03-12 17:34:54.312,ETR700,e700_4801,ILCK_PROP_02,ILCK_PROP_02,Cod. 02 Taglio trazione comandato da RCEC,N,2022-03-12 17:35:18.712,25.0,Venezia,VEHICLE,VEHICLE,45.4414,12.3204,0,2022-03-12 17:34:49.908,0.0,0.0,0.0,0.0,0.0,1.0,1.0,36.0,0.0,1.0,29.2,29.2,29.3,29.1,3614.0,1600.0,2.0,0.0,4.0,45.4414,12.3204,0.0,0.0,2.64,2.58,2.65,2.62,2.41,2.15,2.19,2.65,2.62,2.56,2.65,2.63,2.4,2.15,2.19,2.66,0.0,8.92,False
2022-03-12 17:34:54.312,ETR700,e700_4801,150006,_Running_,Stato RUNNING attivo,N,2022-03-12 18:06:07.308,1873.0,Venezia,VEHICLE,VEHICLE,45.4414,12.3204,0,2022-03-12 17:34:49.908,0.0,0.0,0.0,0.0,0.0,1.0,1.0,36.0,0.0,1.0,29.2,29.2,29.3,29.1,3614.0,1600.0,2.0,0.0,4.0,45.4414,12.3204,0.0,0.0,2.64,2.58,2.65,2.62,2.41,2.15,2.19,2.65,2.62,2.56,2.65,2.63,2.4,2.15,2.19,2.66,0.0,8.92,False
2022-03-12 17:34:54.111,ETR700,e700_4801,011202,CCU_FltWtbComm,Mancata comunicazione WTB in CCU M1,N,2022-03-12 17:34:55.908,2.0,Venezia,VEHICLE,VEHICLE,45.4414,12.3204,0,2022-03-12 17:34:49.908,0.0,0.0,0.0,0.0,0.0,1.0,1.0,36.0,0.0,1.0,29.2,29.2,29.3,29.1,3614.0,1600.0,2.0,0.0,4.0,45.4414,12.3204,0.0,0.0,2.64,2.58,2.65,2.62,2.41,2.15,2.19,2.65,2.62,2.56,2.65,2.63,2.4,2.15,2.19,2.66,0.0,8.92,False
2022-03-12 17:34:54.111,ETR700,e700_4801,011200,CCU_FltWtbR1,Mancata ricezione R1 in CCU M1,N,2022-03-12 17:34:55.908,2.0,Venezia,VEHICLE,VEHICLE,45.4414,12.3204,0,2022-03-12 17:34:49.908,0.0,0.0,0.0,0.0,0.0,1.0,1.0,36.0,0.0,1.0,29.2,29.2,29.3,29.1,3614.0,1600.0,2.0,0.0,4.0,45.4414,12.3204,0.0,0.0,2.64,2.58,2.65,2.62,2.41,2.15,2.19,2.65,2.62,2.56,2.65,2.63,2.4,2.15,2.19,2.66,0.0,8.92,False
2022-03-12 17:34:54.111,ETR700,e700_4801,ILCK_PROP_11M8,ILCK_PROP_11M8,Cod. 11 Rilascio Porte Destre Attivo,N,2022-03-12 17:38:41.708,228.0,Venezia,MDS,MDS,45.4414,12.3204,0,2022-03-12 17:34:49.908,0.0,0.0,0.0,0.0,0.0,1.0,1.0,36.0,0.0,1.0,29.2,29.2,29.3,29.1,3614.0,1600.0,2.0,0.0,4.0,45.4414,12.3204,0.0,0.0,2.64,2.58,2.65,2.62,2.41,2.15,2.19,2.65,2.62,2.56,2.65,2.63,2.4,2.15,2.19,2.66,0.0,8.92,False
2022-03-12 17:15:48.706,ETR700,e700_4801,150009,_Parking_,Stato PARKING attivo,N,2022-03-12 17:34:54.312,1146.0,Venezia,VEHICLE,VEHICLE,45.4414,12.3204,0,2022-03-12 17:15:44.107,0.0,0.0,0.0,0.0,0.0,1.0,1.0,76.0,0.0,1.0,29.1,29.2,29.2,29.1,3606.0,1600.0,2.0,0.0,2.0,45.4414,12.3204,0.0,0.0,2.61,2.56,2.65,2.63,2.4,2.15,2.19,2.7,2.61,2.53,2.67,2.65,2.4,2.14,2.18,2.7,0.37,8.6,False
2022-03-12 17:15:44.107,ETR700,e700_4801,151014,_DCPantoSts_,Pantografo DC alto in T2,N,2022-03-12 19:09:22.307,6819.0,Venezia,VEHICLE,VEHICLE,45.4414,12.3204,0,2022-03-12 17:15:39.507,1.0,0.0,0.0,0.0,0.0,0.0,1.0,76.0,0.0,1.0,29.1,29.2,29.2,29.1,3605.0,1600.0,2.0,0.0,1.0,45.4414,12.3204,220.0,0.0,2.61,2.54,2.65,2.65,2.4,2.14,2.16,2.7,2.6,2.52,2.67,2.65,2.38,2.13,2.18,2.69,0.38,8.55,False
2022-03-12 17:15:39.911,ETR700,e700_4801,018202,CCU_FltWtbComm,Mancata comunicazione WTB in CCU M8,N,2022-03-12 17:15:41.305,2.0,Venezia,VEHICLE,VEHICLE,45.4414,12.3204,0,2022-03-12 17:15:37.507,1.0,0.0,0.0,0.0,0.0,0.0,1.0,68.0,0.0,1.0,29.1,29.2,29.2,29.1,3604.0,1600.0,2.0,0.0,1.0,45.4414,12.3204,220.0,0.0,2.61,2.54,2.65,2.65,2.39,2.13,2.15,2.7,2.6,2.52,2.67,2.65,2.37,2.12,2.17,2.69,0.38,8.5,False
2022-03-12 17:15:39.911,ETR700,e700_4801,018201,CCU_FltWtbR2,Mancata ricezione R2 in CCU M8,N,2022-03-12 17:15:41.305,2.0,Venezia,VEHICLE,VEHICLE,45.4414,12.3204,0,2022-03-12 17:15:37.507,1.0,0.0,0.0,0.0,0.0,0.0,1.0,68.0,0.0,1.0,29.1,29.2,29.2,29.1,3604.0,1600.0,2.0,0.0,1.0,45.4414,12.3204,220.0,0.0,2.61,2.54,2.65,2.65,2.39,2.13,2.15,2.7,2.6,2.52,2.67,2.65,2.37,2.12,2.17,2.69,0.38,8.5,False
2022-03-12 17:15:39.911,ETR700,e700_4801,150007,_Standby_,Stato STANDBY attivo,N,2022-03-12 17:15:48.706,9.0,Venezia,VEHICLE,VEHICLE,45.4414,12.3204,0,2022-03-12 17:15:37.507,1.0,0.0,0.0,0.0,0.0,0.0,1.0,68.0,0.0,1.0,29.1,29.2,29.2,29.1,3604.0,1600.0,2.0,0.0,1.0,45.4414,12.3204,220.0,0.0,2.61,2.54,2.65,2.65,2.39,2.13,2.15,2.7,2.6,2.52,2.67,2.65,2.37,2.12,2.17,2.69,0.38,8.5,False
2022-03-12 17:15:39.706,ETR700,e700_4801,ILCK_PROP_15,ILCK_PROP_15,Cod. 15 Nessun banco abilitato,N,2022-03-12 17:34:54.111,1155.0,Venezia,MDS,MDS,45.4414,12.3204,0,2022-03-12 17:15:37.507,1.0,0.0,0.0,0.0,0.0,0.0,1.0,68.0,0.0,1.0,29.1,29.2,29.2,29.1,3604.0,1600.0,2.0,0.0,1.0,45.4414,12.3204,220.0,0.0,2.61,2.54,2.65,2.65,2.39,2.13,2.15,2.7,2.6,2.52,2.67,2.65,2.37,2.12,2.17,2.69,0.38,8.5,False
2022-03-12 15:24:20.711,ETR700,e700_4801,ILCK_PROP_11M1,ILCK_PROP_11M1,Cod. 11 Rilascio Porte Destre Attivo,N,2022-03-12 15:27:25.106,185.0,Brescia,MDS,MDS,45.531,10.2158,0,2022-03-12 15:24:15.913,1.0,0.0,1.0,0.0,0.0,0.0,1.0,64.0,0.0,1.0,28.9,29.1,29.2,29.0,3536.0,1600.0,2.0,0.0,1.0,45.5311,10.2157,160.0,5.0,0.78,0.72,0.75,0.67,0.86,0.79,0.76,0.8,0.76,0.71,0.72,0.72,0.8,0.78,0.77,0.78,4.36,8.35,False
2022-03-12 15:15:45.108,ETR700,e700_4801,158014,_DCPantoSts_,Pantografo DC alto in T7,N,2022-03-12 17:35:06.307,8362.0,Rovato,VEHICLE,VEHICLE,45.5279,10.0438,0,2022-03-12 15:15:42.108,1.0,0.0,1.0,0.0,0.0,0.0,0.0,0.0,0.0,0.0,22.8,23.4,23.6,23.7,0.0,1600.0,2.0,0.0,1.0,45.5274,10.0417,160.0,156.0,0.01,0.0,0.01,0.0,0.0,0.0,0.0,0.0,0.01,0.0,0.01,0.0,0.0,0.0,0.0,0.01,4.94,8.5,False
2022-03-12 15:15:36.510,ETR700,e700_4801,150006,_Running_,Stato RUNNING attivo,N,2022-03-12 17:15:39.911,7204.0,Rovato,VEHICLE,VEHICLE,45.5266,10.0386,0,2022-03-12 15:15:31.916,1.0,0.0,1.0,0.0,0.0,0.0,0.0,0.0,0.0,0.0,22.9,23.5,23.7,23.8,0.0,1600.0,2.0,0.0,5.0,45.5261,10.0364,160.0,158.0,0.01,0.0,0.0,0.0,0.0,0.0,0.0,0.0,0.01,0.0,0.0,0.0,0.0,0.0,0.0,0.01,4.94,8.57,False
2022-03-12 15:15:25.303,ETR700,e700_4801,150011,_PantoLowSts_,Nessun pantografo alto,N,2022-03-12 15:15:45.108,20.0,Rovato,VEHICLE,VEHICLE,45.5253,10.0333,0,2022-03-12 15:15:20.912,1.0,0.0,1.0,0.0,1.0,0.0,0.0,7.0,0.0,1.0,28.9,29.2,29.2,29.1,27010.0,1600.0,4.0,0.0,1.0,45.5245,10.0301,160.0,160.0,0.01,0.0,0.0,0.0,0.0,0.0,0.0,0.0,0.01,0.0,0.0,0.0,0.0,0.0,0.0,0.01,4.94,8.61,False
2022-03-12 15:15:22.914,ETR700,e700_4801,150010,_Poc_,Ingresso in POC,N,2022-03-12 15:15:36.51,14.0,Rovato,VEHICLE,VEHICLE,45.5247,10.0311,0,2022-03-12 15:15:18.712,1.0,0.0,1.0,0.0,1.0,0.0,0.0,35.0,0.0,1.0,28.9,29.2,29.2,29.1,26970.0,1600.0,4.0,0.0,1.0,45.5242,10.029,160.0,160.0,0.01,0.0,0.0,0.0,0.0,0.0,0.0,0.0,0.01,0.0,0.0,0.0,0.0,0.0,0.0,0.01,4.94,8.62,False
2022-03-12 15:15:22.712,ETR700,e700_4801,ILCK_PROP_21M1,ILCK_PROP_21M1,Cod. 21 AT non presente,N,2022-03-12 15:15:53.709,31.0,Rovato,MDS,MDS,45.5247,10.0311,0,2022-03-12 15:15:18.712,1.0,0.0,1.0,0.0,1.0,0.0,0.0,35.0,0.0,1.0,28.9,29.2,29.2,29.1,26970.0,1600.0,4.0,0.0,1.0,45.5242,10.029,160.0,160.0,0.01,0.0,0.0,0.0,0.0,0.0,0.0,0.0,0.01,0.0,0.0,0.0,0.0,0.0,0.0,0.01,4.94,8.62,False
2022-03-12 15:15:22.511,ETR700,e700_4801,150016,_IRIP_OpenSts_,Nessun IR o IP chiuso,N,2022-03-12 15:15:53.508,31.0,Rovato,VEHICLE,VEHICLE,45.5247,10.0311,0,2022-03-12 15:15:18.712,1.0,0.0,1.0,0.0,1.0,0.0,0.0,35.0,0.0,1.0,28.9,29.2,29.2,29.1,26970.0,1600.0,4.0,0.0,1.0,45.5242,10.029,160.0,160.0,0.01,0.0,0.0,0.0,0.0,0.0,0.0,0.0,0.01,0.0,0.0,0.0,0.0,0.0,0.0,0.01,4.94,8.62,False
2022-03-12 15:15:20.912,ETR700,e700_4801,ILCK_IRIP_T2_09,ILCK_IRIP_T2_09,Cod 09. Apertura Interruttore principale da ETCS ,N,2022-03-12 15:15:26.139,6.0,Rovato,AT,T2_1Q2_IR,45.5245,10.0301,0,2022-03-12 15:15:16.912,1.0,0.0,1.0,0.0,1.0,0.0,0.0,72.0,0.0,1.0,28.9,29.2,29.2,29.1,26968.0,1600.0,4.0,0.0,1.0,45.5241,10.0284,160.0,160.0,0.01,0.0,0.0,0.0,0.01,0.0,0.0,0.0,0.01,0.0,0.0,0.0,0.0,0.0,0.0,0.01,4.94,8.62,False
2022-03-12 15:03:52.699,ETR700,e700_4801,ILCK_IR_T2_41,ILCK_IR_T2_41,Cod 41. Line Voltage Type non 3KV,N,2022-03-12 15:15:29.902,698.0,Treviglio,AT,T2_1Q2_IR,45.5113,9.5384,0,2022-03-12 15:03:47.836,1.0,0.0,1.0,0.0,0.0,0.0,1.0,8.0,0.0,0.0,23.1,23.6,23.7,23.9,3723.0,1600.0,2.0,0.0,5.0,45.5114,9.5365,200.0,131.0,0.01,0.0,0.0,0.0,0.0,0.0,0.0,0.01,0.01,0.0,0.0,0.0,0.0,0.0,0.0,0.01,4.94,8.91,True
2022-03-12 15:03:52.699,ETR700,e700_4801,150005,_LineVoltType_,Selezionata tensione 25 kV,N,2022-03-12 15:15:29.902,698.0,Treviglio,VEHICLE,VEHICLE,45.5113,9.5384,0,2022-03-12 15:03:47.836,1.0,0.0,1.0,0.0,0.0,0.0,1.0,8.0,0.0,0.0,23.1,23.6,23.7,23.9,3723.0,1600.0,2.0,0.0,5.0,45.5114,9.5365,200.0,131.0,0.01,0.0,0.0,0.0,0.0,0.0,0.0,0.01,0.01,0.0,0.0,0.0,0.0,0.0,0.0,0.01,4.94,8.91,True
2022-03-12 15:03:46.779,ETR700,e700_4801,150010,_Poc_,Ingresso in POC,N,2022-03-12 15:04:05.502,19.0,Treviglio,VEHICLE,VEHICLE,45.5114,9.5361,0,2022-03-12 15:03:42.51,1.0,0.0,1.0,0.0,0.0,0.0,1.0,68.0,0.0,1.0,28.9,29.2,29.3,29.1,3715.0,1600.0,2.0,0.0,1.0,45.5115,9.5342,200.0,132.0,0.01,0.0,0.01,0.0,0.0,0.0,0.0,0.01,0.01,0.0,0.0,0.0,0.0,0.0,0.0,0.01,4.94,8.86,False
2022-03-12 15:03:46.512,ETR700,e700_4801,ILCK_PROP_21M1,ILCK_PROP_21M1,Cod. 21 AT non presente,N,2022-03-12 15:04:17.909,32.0,Treviglio,MDS,MDS,45.5114,9.5361,0,2022-03-12 15:03:42.51,1.0,0.0,1.0,0.0,0.0,0.0,1.0,68.0,0.0,1.0,28.9,29.2,29.3,29.1,3715.0,1600.0,2.0,0.0,1.0,45.5115,9.5342,200.0,132.0,0.01,0.0,0.01,0.0,0.0,0.0,0.0,0.01,0.01,0.0,0.0,0.0,0.0,0.0,0.0,0.01,4.94,8.86,False
2022-03-12 15:03:46.308,ETR700,e700_4801,150016,_IRIP_OpenSts_,Nessun IR o IP chiuso,N,2022-03-12 15:04:17.712,32.0,Treviglio,VEHICLE,VEHICLE,45.5114,9.5361,0,2022-03-12 15:03:41.312,1.0,0.0,1.0,0.0,0.0,0.0,1.0,814.0,0.0,1.0,28.9,29.2,29.3,29.1,3627.0,1600.0,2.0,0.0,1.0,45.5115,9.5337,200.0,132.0,0.01,0.0,0.0,0.0,0.01,0.0,0.0,0.01,0.01,0.0,0.0,0.0,0.0,0.0,0.01,0.01,4.94,8.84,False
2022-03-12 15:03:44.312,ETR700,e700_4801,ILCK_IRIP_T2_09,ILCK_IRIP_T2_09,Cod 09. Apertura Interruttore principale da ETCS ,N,2022-03-12 15:03:49.108,5.0,Treviglio,AT,T2_1Q2_IR,45.5115,9.5351,0,2022-03-12 15:03:41.312,1.0,0.0,1.0,0.0,0.0,0.0,1.0,814.0,0.0,1.0,28.9,29.2,29.3,29.1,3627.0,1600.0,2.0,0.0,1.0,45.5115,9.5337,200.0,132.0,0.01,0.0,0.0,0.0,0.01,0.0,0.0,0.01,0.01,0.0,0.0,0.0,0.0,0.0,0.01,0.01,4.94,8.84,False
2022-03-12 14:51:12.304,ETR700,e700_4801,ILCK_PROP_10,ILCK_PROP_10,Cod. 10 Nessuna velocita' impostata,N,2022-03-12 14:51:13.51,2.0,Milano,VEHICLE,VEHICLE,45.4925,9.2304,1,2022-03-12 14:51:12.304,1.0,0.0,1.0,0.0,0.0,0.0,1.0,44.0,0.0,1.0,28.9,29.2,29.3,29.2,3609.0,2000.0,2.0,0.0,1.0,45.4925,9.2304,0.0,32.0,0.01,0.0,0.0,0.0,0.01,0.0,0.0,0.0,0.0,0.0,0.01,0.0,0.0,0.0,0.0,0.01,4.94,9.0,False
2022-03-12 14:44:35.507,ETR700,e700_4801,158024,_Rear_,Direzione indietro in M8,N,2022-03-12 17:15:15.506,9040.0,Milano,VEHICLE,VEHICLE,45.4875,9.2062,0,2022-03-12 14:44:30.706,1.0,0.0,1.0,0.0,0.0,0.0,1.0,44.0,0.0,1.0,28.9,29.2,29.3,29.2,3542.0,2000.0,2.0,0.0,1.0,45.4875,9.2062,250.0,0.0,1.18,1.1,1.14,1.19,1.12,1.01,0.95,1.13,1.17,1.11,1.14,1.2,1.1,1.02,0.94,1.14,4.2,8.72,False
2022-03-12 14:44:35.308,ETR700,e700_4801,151023,_Front_,Direzione avanti in M1,N,2022-03-12 17:15:14.909,9040.0,Milano,VEHICLE,VEHICLE,45.4875,9.2062,0,2022-03-12 14:44:30.706,1.0,0.0,1.0,0.0,0.0,0.0,1.0,44.0,0.0,1.0,28.9,29.2,29.3,29.2,3542.0,2000.0,2.0,0.0,1.0,45.4875,9.2062,250.0,0.0,1.18,1.1,1.14,1.19,1.12,1.01,0.95,1.13,1.17,1.11,1.14,1.2,1.1,1.02,0.94,1.14,4.2,8.72,False
2022-03-12 14:32:47.110,ETR700,e700_4801,150006,_Running_,Stato RUNNING attivo,N,2022-03-12 15:03:46.779,1860.0,Milano,VEHICLE,VEHICLE,45.4877,9.2062,0,2022-03-12 14:32:42.907,0.0,0.0,0.0,0.0,0.0,1.0,1.0,40.0,1.0,0.0,29.1,29.2,29.3,29.2,3540.0,2000.0,2.0,0.0,4.0,45.4877,9.2062,0.0,0.0,2.56,2.55,2.74,2.53,2.41,2.29,2.32,2.7,2.55,2.53,2.74,2.54,2.39,2.28,2.32,2.71,0.0,8.51,False
2022-03-12 14:32:46.709,ETR700,e700_4801,018202,CCU_FltWtbComm,Mancata comunicazione WTB in CCU M8,N,2022-03-12 14:32:48.904,3.0,Milano,VEHICLE,VEHICLE,45.4877,9.2062,0,2022-03-12 14:32:42.907,0.0,0.0,0.0,0.0,0.0,1.0,1.0,40.0,1.0,0.0,29.1,29.2,29.3,29.2,3540.0,2000.0,2.0,0.0,4.0,45.4877,9.2062,0.0,0.0,2.56,2.55,2.74,2.53,2.41,2.29,2.32,2.7,2.55,2.53,2.74,2.54,2.39,2.28,2.32,2.71,0.0,8.51,False
2022-03-12 14:32:46.709,ETR700,e700_4801,018200,CCU_FltWtbR1,Mancata ricezione R1 in CCU M8,N,2022-03-12 14:32:48.904,3.0,Milano,VEHICLE,VEHICLE,45.4877,9.2062,0,2022-03-12 14:32:42.907,0.0,0.0,0.0,0.0,0.0,1.0,1.0,40.0,1.0,0.0,29.1,29.2,29.3,29.2,3540.0,2000.0,2.0,0.0,4.0,45.4877,9.2062,0.0,0.0,2.56,2.55,2.74,2.53,2.41,2.29,2.32,2.7,2.55,2.53,2.74,2.54,2.39,2.28,2.32,2.71,0.0,8.51,True
2022-03-12 14:32:46.709,ETR700,e700_4801,ILCK_PROP_19M1,ILCK_PROP_19M1,Cod. 19 Maniglia Allarme Passeggeri Attivata,N,2022-03-12 14:32:47.11,1.0,Milano,MDS,MDS,45.4877,9.2062,0,2022-03-12 14:32:42.907,0.0,0.0,0.0,0.0,0.0,1.0,1.0,40.0,1.0,0.0,29.1,29.2,29.3,29.2,3540.0,2000.0,2.0,0.0,4.0,45.4877,9.2062,0.0,0.0,2.56,2.55,2.74,2.53,2.41,2.29,2.32,2.7,2.55,2.53,2.74,2.54,2.39,2.28,2.32,2.71,0.0,8.51,True
2022-03-12 14:32:43.306,ETR700,e700_4801,150007,_Standby_,Stato STANDBY attivo,N,2022-03-12 14:32:47.11,4.0,Milano,VEHICLE,VEHICLE,45.4877,9.2062,0,2022-03-12 14:32:42.907,0.0,0.0,0.0,0.0,0.0,1.0,1.0,40.0,1.0,0.0,29.1,29.2,29.3,29.2,3540.0,2000.0,2.0,0.0,4.0,45.4877,9.2062,0.0,0.0,2.56,2.55,2.74,2.53,2.41,2.29,2.32,2.7,2.55,2.53,2.74,2.54,2.39,2.28,2.32,2.71,0.0,8.51,False
2022-03-12 14:21:42.513,ETR700,e700_4801,150009,_Parking_,Stato PARKING attivo,N,2022-03-12 14:32:43.306,661.0,Milano,VEHICLE,VEHICLE,45.4877,9.2062,0,2022-03-12 14:21:38.309,0.0,0.0,2.0,0.0,0.0,1.0,1.0,64.0,1.0,0.0,29.0,29.2,29.2,29.1,3489.0,2000.0,2.0,0.0,2.0,45.4877,9.2061,0.0,0.0,2.54,2.52,2.75,2.54,2.4,2.28,2.31,2.73,2.52,2.5,2.74,2.54,2.4,2.27,2.31,2.72,0.32,9.15,False
2022-03-12 14:21:38.309,ETR700,e700_4801,158014,_DCPantoSts_,Pantografo DC alto in T7,N,2022-03-12 15:03:52.503,2535.0,Milano,VEHICLE,VEHICLE,45.4877,9.2061,0,2022-03-12 14:21:33.709,0.0,1.0,2.0,0.0,0.0,1.0,0.0,60.0,1.0,0.0,29.0,29.2,29.3,29.1,3473.0,2000.0,2.0,0.0,1.0,45.4877,9.2061,30.0,0.0,2.52,2.49,2.71,2.53,2.4,2.28,2.29,2.72,2.52,2.47,2.74,2.53,2.37,2.26,2.31,2.7,0.33,8.99,False
2022-03-12 14:21:34.306,ETR700,e700_4801,150007,_Standby_,Stato STANDBY attivo,N,2022-03-12 14:21:42.513,9.0,Milano,VEHICLE,VEHICLE,45.4877,9.2061,0,2022-03-12 14:21:33.709,0.0,1.0,2.0,0.0,0.0,1.0,0.0,60.0,1.0,0.0,29.0,29.2,29.3,29.1,3473.0,2000.0,2.0,0.0,1.0,45.4877,9.2061,30.0,0.0,2.52,2.49,2.71,2.53,2.4,2.28,2.29,2.72,2.52,2.47,2.74,2.53,2.37,2.26,2.31,2.7,0.33,8.99,False
2022-03-12 14:21:34.114,ETR700,e700_4801,ILCK_PROP_02,ILCK_PROP_02,Cod. 02 Taglio trazione comandato da RCEC,N,2022-03-12 14:33:28.306,715.0,Milano,VEHICLE,VEHICLE,45.4877,9.2061,0,2022-03-12 14:21:33.709,0.0,1.0,2.0,0.0,0.0,1.0,0.0,60.0,1.0,0.0,29.0,29.2,29.3,29.1,3473.0,2000.0,2.0,0.0,1.0,45.4877,9.2061,30.0,0.0,2.52,2.49,2.71,2.53,2.4,2.28,2.29,2.72,2.52,2.47,2.74,2.53,2.37,2.26,2.31,2.7,0.33,8.99,False
2022-03-12 14:21:33.910,ETR700,e700_4801,ILCK_PROP_15,ILCK_PROP_15,Cod. 15 Nessun banco abilitato,N,2022-03-12 14:32:46.709,673.0,Milano,MDS,MDS,45.4877,9.2061,0,2022-03-12 14:21:33.709,0.0,1.0,2.0,0.0,0.0,1.0,0.0,60.0,1.0,0.0,29.0,29.2,29.3,29.1,3473.0,2000.0,2.0,0.0,1.0,45.4877,9.2061,30.0,0.0,2.52,2.49,2.71,2.53,2.4,2.28,2.29,2.72,2.52,2.47,2.74,2.53,2.37,2.26,2.31,2.7,0.33,8.99,False
2022-03-12 14:21:33.709,ETR700,e700_4801,011202,CCU_FltWtbComm,Mancata comunicazione WTB in CCU M1,N,2022-03-12 14:21:35.309,2.0,Milano,VEHICLE,VEHICLE,45.4877,9.2061,1,2022-03-12 14:21:33.709,0.0,1.0,2.0,0.0,0.0,1.0,0.0,60.0,1.0,0.0,29.0,29.2,29.3,29.1,3473.0,2000.0,2.0,0.0,1.0,45.4877,9.2061,30.0,0.0,2.52,2.49,2.71,2.53,2.4,2.28,2.29,2.72,2.52,2.47,2.74,2.53,2.37,2.26,2.31,2.7,0.33,8.99,False
2022-03-12 14:21:33.709,ETR700,e700_4801,011201,CCU_FltWtbR2,Mancata ricezione R2 in CCU M1,N,2022-03-12 14:21:35.309,2.0,Milano,VEHICLE,VEHICLE,45.4877,9.2061,1,2022-03-12 14:21:33.709,0.0,1.0,2.0,0.0,0.0,1.0,0.0,60.0,1.0,0.0,29.0,29.2,29.3,29.1,3473.0,2000.0,2.0,0.0,1.0,45.4877,9.2061,30.0,0.0,2.52,2.49,2.71,2.53,2.4,2.28,2.29,2.72,2.52,2.47,2.74,2.53,2.37,2.26,2.31,2.7,0.33,8.99,False
2022-03-12 14:20:49.355,ETR700,e700_4801,ILCK_PROP_11M8,ILCK_PROP_11M8,Cod. 11 Rilascio Porte Destre Attivo,N,2022-03-12 14:21:33.91,45.0,Milano,MDS,MDS,45.4878,9.2062,0,2022-03-12 14:20:45.515,0.0,1.0,2.0,0.0,0.0,1.0,0.0,48.0,1.0,0.0,29.0,29.2,29.3,29.1,3543.0,2000.0,2.0,0.0,1.0,45.4878,9.2062,30.0,5.0,0.09,0.06,0.04,0.1,0.07,0.08,0.06,0.08,0.06,0.07,0.05,0.09,0.09,0.08,0.09,0.1,4.75,7.89,False
2022-03-12 14:20:47.916,ETR700,e700_4801,150025,_9S13_,Pressione CP sotto 7.5 bar in M1 (press. 9S13),N,2022-03-12 14:21:46.924,60.0,Milano,VEHICLE,VEHICLE,45.4878,9.2062,0,2022-03-12 14:20:43.515,0.0,1.0,2.0,0.0,0.0,1.0,0.0,56.0,1.0,0.0,29.0,29.2,29.3,29.1,3538.0,2000.0,2.0,0.0,1.0,45.4879,9.2062,30.0,5.0,0.09,0.04,0.04,0.1,0.07,0.08,0.09,0.09,0.06,0.07,0.1,0.09,0.09,0.09,0.08,0.1,4.73,7.96,True
2022-03-12 13:58:03.511,ETR700,e700_4801,152019,_1Q21_,IR chiuso in cassa T2,N,2022-03-12 14:32:52.308,2089.0,Treviglio,AT,T2_1Q2_IR,45.5113,9.5286,0,2022-03-12 13:57:58.705,0.0,1.0,2.0,0.0,0.0,1.0,0.0,8.0,0.0,0.0,23.1,23.5,23.6,23.6,3714.0,2000.0,2.0,0.0,1.0,45.5114,9.5326,200.0,192.0,0.01,0.0,0.0,0.0,0.0,0.0,0.0,0.0,0.01,0.0,0.0,0.0,0.0,0.0,0.0,0.01,4.96,8.76,False
2022-03-12 13:57:53.910,ETR700,e700_4801,151014,_DCPantoSts_,Pantografo DC alto in T2,N,2022-03-12 14:32:59.499,2106.0,Treviglio,VEHICLE,VEHICLE,45.5114,9.5354,0,2022-03-12 13:57:52.505,0.0,1.0,2.0,0.0,0.0,0.0,0.0,0.0,0.0,0.0,23.2,23.5,23.7,23.6,0.0,2000.0,2.0,0.0,1.0,45.5113,9.5367,200.0,193.0,0.01,0.0,0.0,0.0,0.0,0.0,0.0,0.0,0.01,0.0,0.0,0.0,0.0,0.0,0.0,0.02,4.96,8.8,False
2022-03-12 13:57:32.315,ETR700,e700_4801,ILCK_PROP_21M8,ILCK_PROP_21M8,Cod. 21 AT non presente,N,2022-03-12 13:58:03.307,31.0,Treviglio,MDS,MDS,45.5095,9.5503,0,2022-03-12 13:57:28.311,0.0,1.0,2.0,1.0,0.0,0.0,0.0,10.0,1.0,0.0,29.1,29.2,29.2,29.1,27030.0,2000.0,4.0,0.0,1.0,45.509,9.5531,200.0,198.0,0.01,0.0,0.0,0.0,0.0,0.0,0.0,0.0,0.01,0.0,0.01,0.0,0.0,0.0,0.0,0.01,4.96,8.79,False
2022-03-12 13:57:32.315,ETR700,e700_4801,150016,_IRIP_OpenSts_,Nessun IR o IP chiuso,N,2022-03-12 13:58:03.511,32.0,Treviglio,VEHICLE,VEHICLE,45.5095,9.5503,0,2022-03-12 13:57:28.311,0.0,1.0,2.0,1.0,0.0,0.0,0.0,10.0,1.0,0.0,29.1,29.2,29.2,29.1,27030.0,2000.0,4.0,0.0,1.0,45.509,9.5531,200.0,198.0,0.01,0.0,0.0,0.0,0.0,0.0,0.0,0.0,0.01,0.0,0.01,0.0,0.0,0.0,0.0,0.01,4.96,8.79,False
2022-03-12 13:57:32.315,ETR700,e700_4801,150010,_Poc_,Ingresso in POC,N,2022-03-12 13:57:46.9,15.0,Treviglio,VEHICLE,VEHICLE,45.5095,9.5503,0,2022-03-12 13:57:28.311,0.0,1.0,2.0,1.0,0.0,0.0,0.0,10.0,1.0,0.0,29.1,29.2,29.2,29.1,27030.0,2000.0,4.0,0.0,1.0,45.509,9.5531,200.0,198.0,0.01,0.0,0.0,0.0,0.0,0.0,0.0,0.0,0.01,0.0,0.01,0.0,0.0,0.0,0.0,0.01,4.96,8.79,False
2022-03-12 13:57:30.512,ETR700,e700_4801,ILCK_IRIP_T7_09,ILCK_IRIP_T7_09,Cod 09. Apertura Interruttore principale da ETCS ,N,2022-03-12 13:57:35.143,5.0,Treviglio,AT,T2_1Q2_IR,45.5094,9.551,0,2022-03-12 13:57:28.311,0.0,1.0,2.0,1.0,0.0,0.0,0.0,10.0,1.0,0.0,29.1,29.2,29.2,29.1,27030.0,2000.0,4.0,0.0,1.0,45.509,9.5531,200.0,198.0,0.01,0.0,0.0,0.0,0.0,0.0,0.0,0.0,0.01,0.0,0.01,0.0,0.0,0.0,0.0,0.01,4.96,8.79,False
2022-03-12 13:47:06.108,ETR700,e700_4801,151015,_ACPantoSts_,Pantografo AC alto in T2,N,2022-03-12 13:57:34.894,629.0,Rovato,VEHICLE,VEHICLE,45.5251,10.0324,0,2022-03-12 13:47:01.118,0.0,1.0,2.0,0.0,0.0,0.0,0.0,0.0,0.0,0.0,23.1,23.5,23.6,23.6,0.0,2000.0,4.0,0.0,1.0,45.5256,10.0346,160.0,159.0,0.01,0.0,0.0,0.0,0.0,0.0,0.0,0.0,0.0,0.0,0.0,0.0,0.0,0.0,0.0,0.0,4.96,8.39,True
2022-03-12 13:46:59.900,ETR700,e700_4801,150006,_Running_,Stato RUNNING attivo,N,2022-03-12 13:57:32.315,633.0,Rovato,VEHICLE,VEHICLE,45.5257,10.0351,0,2022-03-12 13:46:55.214,0.0,1.0,2.0,0.0,0.0,0.0,0.0,0.0,0.0,0.0,23.2,23.6,23.7,23.6,0.0,2000.0,4.0,0.0,5.0,45.5264,10.0377,160.0,159.0,0.01,0.0,0.0,0.0,0.0,0.0,0.0,0.0,0.0,0.0,0.0,0.0,0.0,0.0,0.0,0.0,4.96,8.42,False
2022-03-12 13:46:45.310,ETR700,e700_4801,150010,_Poc_,Ingresso in POC,N,2022-03-12 13:46:59.9,15.0,Rovato,VEHICLE,VEHICLE,45.5279,10.0436,0,2022-03-12 13:46:40.512,0.0,1.0,2.0,0.0,0.0,1.0,0.0,-166.0,1.0,0.0,29.0,29.2,29.3,29.1,3664.0,2000.0,2.0,0.0,1.0,45.5284,10.0458,160.0,161.0,0.01,0.0,0.0,0.0,0.0,0.0,0.0,0.0,0.0,0.0,0.0,0.0,0.0,0.0,0.0,0.0,4.96,8.49,False
2022-03-12 13:46:45.111,ETR700,e700_4801,150016,_IRIP_OpenSts_,Nessun IR o IP chiuso,N,2022-03-12 13:47:14.909,30.0,Rovato,VEHICLE,VEHICLE,45.5279,10.0436,0,2022-03-12 13:46:40.512,0.0,1.0,2.0,0.0,0.0,1.0,0.0,-166.0,1.0,0.0,29.0,29.2,29.3,29.1,3664.0,2000.0,2.0,0.0,1.0,45.5284,10.0458,160.0,161.0,0.01,0.0,0.0,0.0,0.0,0.0,0.0,0.0,0.0,0.0,0.0,0.0,0.0,0.0,0.0,0.0,4.96,8.49,False
2022-03-12 13:46:43.510,ETR700,e700_4801,ILCK_IRIP_T7_09,ILCK_IRIP_T7_09,Cod 09. Apertura Interruttore principale da ETCS ,N,2022-03-12 13:46:49.853,7.0,Rovato,AT,T2_1Q2_IR,45.528,10.0442,0,2022-03-12 13:46:40.512,0.0,1.0,2.0,0.0,0.0,1.0,0.0,-166.0,1.0,0.0,29.0,29.2,29.3,29.1,3664.0,2000.0,2.0,0.0,1.0,45.5284,10.0458,160.0,161.0,0.01,0.0,0.0,0.0,0.0,0.0,0.0,0.0,0.0,0.0,0.0,0.0,0.0,0.0,0.0,0.0,4.96,8.49,False
2022-03-12 13:37:27.306,ETR700,e700_4801,ILCK_PROP_11M8,ILCK_PROP_11M8,Cod. 11 Rilascio Porte Destre Attivo,N,2022-03-12 13:38:24.906,58.0,Brescia,MDS,MDS,45.5311,10.2153,0,2022-03-12 13:37:24.911,0.0,1.0,2.0,0.0,0.0,1.0,0.0,68.0,1.0,0.0,28.9,29.1,29.2,28.9,3626.0,2000.0,2.0,0.0,1.0,45.531,10.2154,60.0,3.0,0.67,0.85,0.67,0.81,0.69,0.77,0.64,0.67,0.65,0.83,0.69,0.85,0.68,0.77,0.64,0.69,4.37,8.34,False
2022-03-12 13:16:06.711,ETR700,e700_4801,ILCK_PROP_11M8,ILCK_PROP_11M8,Cod. 11 Rilascio Porte Destre Attivo,N,2022-03-12 13:17:19.308,73.0,Peschiera del Garda,MDS,MDS,45.4389,10.7033,0,2022-03-12 13:16:04.511,0.0,1.0,2.0,0.0,0.0,1.0,0.0,68.0,1.0,0.0,29.1,29.2,29.2,29.1,3580.0,2000.0,2.0,0.0,1.0,45.4389,10.7033,115.0,4.0,1.05,1.1,1.08,1.31,1.05,1.03,1.0,1.21,1.02,1.09,1.08,1.19,1.0,0.99,1.03,1.16,4.24,8.37,False
2022-03-12 11:43:22.309,ETR700,e700_4801,151024,_Rear_,Direzione indietro in M1,N,2022-03-12 14:21:27.108,9485.0,Venezia,VEHICLE,VEHICLE,45.4417,12.3203,0,2022-03-12 11:43:21.907,0.0,1.0,2.0,0.0,0.0,1.0,0.0,81.0,1.0,0.0,29.2,29.3,29.4,29.1,3537.0,2000.0,2.0,0.0,1.0,45.4417,12.3203,30.0,0.0,0.8,0.8,0.79,0.87,0.77,0.7,0.7,0.82,0.81,0.79,0.8,0.88,0.79,0.7,0.71,0.81,4.33,9.27,False
2022-03-12 11:43:21.907,ETR700,e700_4801,158023,_Front_,Direzione avanti in M8,N,2022-03-12 14:21:26.907,9485.0,Venezia,VEHICLE,VEHICLE,45.4417,12.3203,1,2022-03-12 11:43:21.907,0.0,1.0,2.0,0.0,0.0,1.0,0.0,81.0,1.0,0.0,29.2,29.3,29.4,29.1,3537.0,2000.0,2.0,0.0,1.0,45.4417,12.3203,30.0,0.0,0.8,0.8,0.79,0.87,0.77,0.7,0.7,0.82,0.81,0.79,0.8,0.88,0.79,0.7,0.71,0.81,4.33,9.27,False
2022-03-12 11:36:22.306,ETR700,e700_4801,ILCK_PROP_10,ILCK_PROP_10,Cod. 10 Nessuna velocita' impostata,N,2022-03-12 11:36:22.907,1.0,Venezia,VEHICLE,VEHICLE,45.4417,12.3203,1,2022-03-12 11:36:22.306,0.0,1.0,2.0,0.0,0.0,1.0,0.0,81.0,1.0,0.0,29.2,29.3,29.3,29.2,3549.0,2000.0,2.0,0.0,1.0,45.4417,12.3203,0.0,0.0,0.01,0.0,0.01,0.0,0.0,0.0,0.0,0.0,0.01,0.0,0.0,0.0,0.0,0.0,0.0,0.0,4.95,9.41,False
2022-03-12 11:14:23.308,ETR700,e700_4801,152019,_1Q21_,IR chiuso in cassa T2,N,2022-03-12 13:46:45.512,9143.0,Venezia,AT,T2_1Q2_IR,45.4417,12.3203,0,2022-03-12 11:14:18.505,0.0,1.0,0.0,0.0,0.0,1.0,1.0,44.0,0.0,1.0,29.2,29.3,29.4,29.2,3469.0,2400.0,2.0,0.0,4.0,45.4417,12.3203,0.0,0.0,2.69,2.69,2.79,2.72,2.43,2.25,2.26,2.75,2.67,2.66,2.78,2.72,2.41,2.24,2.25,2.75,0.0,8.73,False
2022-03-12 11:14:18.710,ETR700,e700_4801,011202,CCU_FltWtbComm,Mancata comunicazione WTB in CCU M1,N,2022-03-12 11:14:20.507,2.0,Venezia,VEHICLE,VEHICLE,45.4417,12.3203,0,2022-03-12 11:14:18.505,0.0,1.0,0.0,0.0,0.0,1.0,1.0,44.0,0.0,1.0,29.2,29.3,29.4,29.2,3469.0,2400.0,2.0,0.0,4.0,45.4417,12.3203,0.0,0.0,2.69,2.69,2.79,2.72,2.43,2.25,2.26,2.75,2.67,2.66,2.78,2.72,2.41,2.24,2.25,2.75,0.0,8.73,False
2022-03-12 11:14:18.710,ETR700,e700_4801,011200,CCU_FltWtbR1,Mancata ricezione R1 in CCU M1,N,2022-03-12 11:14:20.507,2.0,Venezia,VEHICLE,VEHICLE,45.4417,12.3203,0,2022-03-12 11:14:18.505,0.0,1.0,0.0,0.0,0.0,1.0,1.0,44.0,0.0,1.0,29.2,29.3,29.4,29.2,3469.0,2400.0,2.0,0.0,4.0,45.4417,12.3203,0.0,0.0,2.69,2.69,2.79,2.72,2.43,2.25,2.26,2.75,2.67,2.66,2.78,2.72,2.41,2.24,2.25,2.75,0.0,8.73,False
2022-03-12 11:14:18.710,ETR700,e700_4801,150006,_Running_,Stato RUNNING attivo,N,2022-03-12 13:46:45.31,9147.0,Venezia,VEHICLE,VEHICLE,45.4417,12.3203,0,2022-03-12 11:14:18.505,0.0,1.0,0.0,0.0,0.0,1.0,1.0,44.0,0.0,1.0,29.2,29.3,29.4,29.2,3469.0,2400.0,2.0,0.0,4.0,45.4417,12.3203,0.0,0.0,2.69,2.69,2.79,2.72,2.43,2.25,2.26,2.75,2.67,2.66,2.78,2.72,2.41,2.24,2.25,2.75,0.0,8.73,False
2022-03-12 10:39:55.907,ETR700,e700_4801,150009,_Parking_,Stato PARKING attivo,N,2022-03-12 11:14:18.71,2063.0,Venezia,VEHICLE,VEHICLE,45.4417,12.3203,0,2022-03-12 10:39:50.907,0.0,0.0,1.0,0.0,0.0,0.0,1.0,52.0,0.0,1.0,29.0,29.2,29.3,29.1,3562.0,2400.0,2.0,0.0,2.0,45.4417,12.3203,0.0,0.0,2.64,2.67,2.76,2.71,2.42,2.23,2.25,2.81,2.62,2.64,2.76,2.71,2.4,2.22,2.25,2.81,0.56,9.13,False
2022-03-12 10:39:52.705,ETR700,e700_4801,151014,_DCPantoSts_,Pantografo DC alto in T2,N,2022-03-12 13:46:52.009,11220.0,Venezia,VEHICLE,VEHICLE,45.4417,12.3203,0,2022-03-12 10:39:48.313,0.0,0.0,1.0,0.0,0.0,0.0,1.0,60.0,0.0,1.0,28.9,29.2,29.3,29.1,3545.0,2400.0,2.0,0.0,2.0,45.4417,12.3203,0.0,0.0,2.62,2.65,2.74,2.7,2.41,2.22,2.22,2.81,2.62,2.62,2.76,2.7,2.38,2.21,2.24,2.79,0.59,9.12,False
2022-03-12 10:39:48.313,ETR700,e700_4801,018202,CCU_FltWtbComm,Mancata comunicazione WTB in CCU M8,N,2022-03-12 10:39:49.909,2.0,Venezia,VEHICLE,VEHICLE,45.4417,12.3203,0,2022-03-12 10:39:44.712,1.0,0.0,1.0,0.0,0.0,0.0,1.0,60.0,0.0,1.0,29.0,29.2,29.3,29.1,3546.0,2400.0,2.0,0.0,1.0,45.4417,12.3203,120.0,0.0,2.6,2.62,2.73,2.69,2.39,2.21,2.14,2.77,2.6,2.61,2.75,2.68,2.36,2.19,2.16,2.74,0.49,9.07,False
2022-03-12 10:39:48.313,ETR700,e700_4801,018201,CCU_FltWtbR2,Mancata ricezione R2 in CCU M8,N,2022-03-12 10:39:49.909,2.0,Venezia,VEHICLE,VEHICLE,45.4417,12.3203,0,2022-03-12 10:39:44.712,1.0,0.0,1.0,0.0,0.0,0.0,1.0,60.0,0.0,1.0,29.0,29.2,29.3,29.1,3546.0,2400.0,2.0,0.0,1.0,45.4417,12.3203,120.0,0.0,2.6,2.62,2.73,2.69,2.39,2.21,2.14,2.77,2.6,2.61,2.75,2.68,2.36,2.19,2.16,2.74,0.49,9.07,False
2022-03-12 10:39:48.313,ETR700,e700_4801,ILCK_PROP_15,ILCK_PROP_15,Cod. 15 Nessun banco abilitato,N,2022-03-12 11:14:18.505,2071.0,Venezia,MDS,MDS,45.4417,12.3203,0,2022-03-12 10:39:44.712,1.0,0.0,1.0,0.0,0.0,0.0,1.0,60.0,0.0,1.0,29.0,29.2,29.3,29.1,3546.0,2400.0,2.0,0.0,1.0,45.4417,12.3203,120.0,0.0,2.6,2.62,2.73,2.69,2.39,2.21,2.14,2.77,2.6,2.61,2.75,2.68,2.36,2.19,2.16,2.74,0.49,9.07,False
2022-03-12 10:39:48.313,ETR700,e700_4801,150007,_Standby_,Stato STANDBY attivo,N,2022-03-12 10:39:55.907,8.0,Venezia,VEHICLE,VEHICLE,45.4417,12.3203,0,2022-03-12 10:39:44.712,1.0,0.0,1.0,0.0,0.0,0.0,1.0,60.0,0.0,1.0,29.0,29.2,29.3,29.1,3546.0,2400.0,2.0,0.0,1.0,45.4417,12.3203,120.0,0.0,2.6,2.62,2.73,2.69,2.39,2.21,2.14,2.77,2.6,2.61,2.75,2.68,2.36,2.19,2.16,2.74,0.49,9.07,False
2022-03-12 10:39:40.708,ETR700,e700_4801,ILCK_PROP_02,ILCK_PROP_02,Cod. 02 Taglio trazione comandato da RCEC,N,2022-03-12 11:32:01.908,3142.0,Venezia,VEHICLE,VEHICLE,45.4417,12.3203,0,2022-03-12 10:39:35.91,1.0,0.0,1.0,0.0,0.0,0.0,1.0,72.0,0.0,1.0,29.0,29.2,29.3,29.1,3561.0,2400.0,2.0,0.0,1.0,45.4417,12.3203,120.0,0.0,0.96,0.91,0.9,0.97,0.91,0.76,0.8,0.89,0.95,0.86,0.9,0.99,0.9,0.82,0.79,0.93,4.32,9.19,False
2022-03-12 10:39:34.514,ETR700,e700_4801,ILCK_PROP_11M1,ILCK_PROP_11M1,Cod. 11 Rilascio Porte Destre Attivo,N,2022-03-12 10:39:48.313,14.0,Venezia,MDS,MDS,45.4417,12.3203,0,2022-03-12 10:39:31.314,1.0,0.0,1.0,0.0,0.0,0.0,1.0,68.0,0.0,1.0,29.0,29.2,29.3,29.1,3601.0,2400.0,2.0,0.0,1.0,45.4417,12.3202,120.0,4.0,0.84,0.78,0.82,0.77,0.74,0.72,0.65,0.77,0.78,0.79,0.79,0.72,0.74,0.67,0.71,0.79,4.3,9.22,False
2022-03-12 08:56:45.314,ETR700,e700_4801,ILCK_PROP_11M1,ILCK_PROP_11M1,Cod. 11 Rilascio Porte Destre Attivo,N,2022-03-12 08:57:56.705,72.0,Brescia,MDS,MDS,45.5311,10.2157,0,2022-03-12 08:56:41.511,1.0,0.0,1.0,0.0,0.0,0.0,1.0,64.0,0.0,1.0,29.0,29.3,29.3,29.2,3519.0,2400.0,2.0,0.0,1.0,45.5311,10.2157,60.0,4.0,0.89,0.85,0.92,0.8,0.9,0.74,0.77,0.87,0.88,0.82,0.91,0.8,0.83,0.77,0.8,0.9,4.28,8.55,False
2022-03-12 08:55:04.908,ETR700,e700_4801,ILCK_PROP_10,ILCK_PROP_10,Cod. 10 Nessuna velocita' impostata,N,2022-03-12 08:55:05.71,1.0,Brescia,VEHICLE,VEHICLE,45.5341,10.1996,1,2022-03-12 08:55:04.908,1.0,0.0,1.0,0.0,0.0,0.0,1.0,72.0,0.0,1.0,29.0,29.2,29.3,29.2,3604.0,2400.0,2.0,0.0,1.0,45.5341,10.1996,0.0,55.0,0.01,0.0,0.0,0.0,0.0,0.0,0.0,0.0,0.0,0.0,0.0,0.0,0.0,0.0,0.0,0.01,4.92,8.76,False
2022-03-12 08:48:20.310,ETR700,e700_4801,ILCK_PROP_21M1,ILCK_PROP_21M1,Cod. 21 AT non presente,N,2022-03-12 08:48:50.305,30.0,Rovato,MDS,MDS,45.5249,10.0318,0,2022-03-12 08:48:15.913,1.0,0.0,1.0,0.0,1.0,0.0,0.0,50.0,0.0,1.0,29.1,29.3,29.3,29.2,26914.0,2400.0,4.0,0.0,1.0,45.5243,10.0291,160.0,160.0,0.01,0.0,0.0,0.0,0.0,0.0,0.0,0.0,0.0,0.0,0.0,0.0,0.0,0.0,0.0,0.01,4.93,9.15,False
2022-03-12 08:48:20.112,ETR700,e700_4801,150016,_IRIP_OpenSts_,Nessun IR o IP chiuso,N,2022-03-12 08:48:50.108,30.0,Rovato,VEHICLE,VEHICLE,45.5249,10.0318,0,2022-03-12 08:48:15.913,1.0,0.0,1.0,0.0,1.0,0.0,0.0,50.0,0.0,1.0,29.1,29.3,29.3,29.2,26914.0,2400.0,4.0,0.0,1.0,45.5243,10.0291,160.0,160.0,0.01,0.0,0.0,0.0,0.0,0.0,0.0,0.0,0.0,0.0,0.0,0.0,0.0,0.0,0.0,0.01,4.93,9.15,False
2022-03-12 08:48:20.112,ETR700,e700_4801,150010,_Poc_,Ingresso in POC,N,2022-03-12 08:48:33.5,14.0,Rovato,VEHICLE,VEHICLE,45.5249,10.0318,0,2022-03-12 08:48:15.913,1.0,0.0,1.0,0.0,1.0,0.0,0.0,50.0,0.0,1.0,29.1,29.3,29.3,29.2,26914.0,2400.0,4.0,0.0,1.0,45.5243,10.0291,160.0,160.0,0.01,0.0,0.0,0.0,0.0,0.0,0.0,0.0,0.0,0.0,0.0,0.0,0.0,0.0,0.0,0.01,4.93,9.15,False
2022-03-12 08:48:18.505,ETR700,e700_4801,ILCK_IRIP_T2_09,ILCK_IRIP_T2_09,Cod 09. Apertura Interruttore principale da ETCS ,N,2022-03-12 08:48:23.875,6.0,Rovato,AT,T2_1Q2_IR,45.5246,10.0308,0,2022-03-12 08:48:15.913,1.0,0.0,1.0,0.0,1.0,0.0,0.0,50.0,0.0,1.0,29.1,29.3,29.3,29.2,26914.0,2400.0,4.0,0.0,1.0,45.5243,10.0291,160.0,160.0,0.01,0.0,0.0,0.0,0.0,0.0,0.0,0.0,0.0,0.0,0.0,0.0,0.0,0.0,0.0,0.01,4.93,9.15,False
2022-03-12 08:37:33.710,ETR700,e700_4801,158015,_ACPantoSts_,Pantografo AC alto in T7,N,2022-03-12 08:48:22.503,649.0,Treviglio,VEHICLE,VEHICLE,45.5101,9.5473,0,2022-03-12 08:37:29.111,1.0,0.0,1.0,0.0,0.0,0.0,0.0,0.0,0.0,0.0,23.3,23.9,24.0,24.2,1624.0,2400.0,4.0,0.0,5.0,45.5107,9.5438,250.0,172.0,0.01,0.0,0.0,0.0,0.0,0.0,0.0,0.0,0.0,0.0,0.0,0.0,0.0,0.0,0.0,0.0,4.93,9.19,True
2022-03-12 08:37:29.508,ETR700,e700_4801,150006,_Running_,Stato RUNNING attivo,N,2022-03-12 08:48:20.112,651.0,Treviglio,VEHICLE,VEHICLE,45.5105,9.545,0,2022-03-12 08:37:24.784,1.0,0.0,1.0,0.0,0.0,0.0,0.0,0.0,0.0,0.0,23.4,23.9,24.0,24.2,1918.0,2400.0,4.0,0.0,5.0,45.511,9.5414,250.0,173.0,0.01,0.0,0.0,0.0,0.01,0.0,0.0,0.0,0.0,0.0,0.0,0.0,0.0,0.0,0.0,0.01,4.92,9.21,False
2022-03-12 08:37:20.611,ETR700,e700_4801,ILCK_IR_T2_41,ILCK_IR_T2_41,Cod 41. Line Voltage Type non 3KV,N,2022-03-12 08:48:27.302,667.0,Treviglio,AT,T2_1Q2_IR,45.5112,9.5389,0,2022-03-12 08:37:17.311,1.0,0.0,1.0,0.0,0.0,0.0,1.0,8.0,0.0,0.0,23.4,24.0,24.1,24.2,66.0,2400.0,2.0,0.0,5.0,45.5114,9.5371,235.0,174.0,0.01,0.0,0.0,0.0,0.0,0.0,0.0,0.0,0.0,0.0,0.01,0.0,0.0,0.0,0.0,0.0,4.93,9.27,True
2022-03-12 08:37:20.611,ETR700,e700_4801,150005,_LineVoltType_,Selezionata tensione 25 kV,N,2022-03-12 08:48:27.302,667.0,Treviglio,VEHICLE,VEHICLE,45.5112,9.5389,0,2022-03-12 08:37:17.311,1.0,0.0,1.0,0.0,0.0,0.0,1.0,8.0,0.0,0.0,23.4,24.0,24.1,24.2,66.0,2400.0,2.0,0.0,5.0,45.5114,9.5371,235.0,174.0,0.01,0.0,0.0,0.0,0.0,0.0,0.0,0.0,0.0,0.0,0.01,0.0,0.0,0.0,0.0,0.0,4.93,9.27,True
2022-03-12 08:37:20.611,ETR700,e700_4801,150011,_PantoLowSts_,Nessun pantografo alto,N,2022-03-12 08:37:33.71,14.0,Treviglio,VEHICLE,VEHICLE,45.5112,9.5389,0,2022-03-12 08:37:17.311,1.0,0.0,1.0,0.0,0.0,0.0,1.0,8.0,0.0,0.0,23.4,24.0,24.1,24.2,66.0,2400.0,2.0,0.0,5.0,45.5114,9.5371,235.0,174.0,0.01,0.0,0.0,0.0,0.0,0.0,0.0,0.0,0.0,0.0,0.01,0.0,0.0,0.0,0.0,0.0,4.93,9.27,False
2022-03-12 08:37:14.304,ETR700,e700_4801,ILCK_PROP_21M1,ILCK_PROP_21M1,Cod. 21 AT non presente,N,2022-03-12 08:37:39.906,26.0,Treviglio,MDS,MDS,45.5114,9.5352,0,2022-03-12 08:37:09.714,1.0,0.0,1.0,0.0,0.0,0.0,1.0,84.0,0.0,1.0,29.0,29.2,29.3,29.2,3636.0,2400.0,2.0,0.0,1.0,45.5115,9.5327,200.0,176.0,0.01,0.0,0.0,0.0,0.01,0.0,0.0,0.0,0.0,0.0,0.0,0.01,0.0,0.0,0.0,0.0,4.92,9.33,False
2022-03-12 08:37:14.107,ETR700,e700_4801,150016,_IRIP_OpenSts_,Nessun IR o IP chiuso,N,2022-03-12 08:37:39.712,26.0,Treviglio,VEHICLE,VEHICLE,45.5114,9.5352,0,2022-03-12 08:37:09.714,1.0,0.0,1.0,0.0,0.0,0.0,1.0,84.0,0.0,1.0,29.0,29.2,29.3,29.2,3636.0,2400.0,2.0,0.0,1.0,45.5115,9.5327,200.0,176.0,0.01,0.0,0.0,0.0,0.01,0.0,0.0,0.0,0.0,0.0,0.0,0.01,0.0,0.0,0.0,0.0,4.92,9.33,False
2022-03-12 08:37:13.911,ETR700,e700_4801,150010,_Poc_,Ingresso in POC,N,2022-03-12 08:37:29.508,16.0,Treviglio,VEHICLE,VEHICLE,45.5114,9.5352,0,2022-03-12 08:37:09.714,1.0,0.0,1.0,0.0,0.0,0.0,1.0,84.0,0.0,1.0,29.0,29.2,29.3,29.2,3636.0,2400.0,2.0,0.0,1.0,45.5115,9.5327,200.0,176.0,0.01,0.0,0.0,0.0,0.01,0.0,0.0,0.0,0.0,0.0,0.0,0.01,0.0,0.0,0.0,0.0,4.92,9.33,False
2022-03-12 08:37:12.308,ETR700,e700_4801,ILCK_IRIP_T2_09,ILCK_IRIP_T2_09,Cod 09. Apertura Interruttore principale da ETCS ,N,2022-03-12 08:37:17.709,6.0,Treviglio,AT,T2_1Q2_IR,45.5115,9.534,0,2022-03-12 08:37:09.714,1.0,0.0,1.0,0.0,0.0,0.0,1.0,84.0,0.0,1.0,29.0,29.2,29.3,29.2,3636.0,2400.0,2.0,0.0,1.0,45.5115,9.5327,200.0,176.0,0.01,0.0,0.0,0.0,0.01,0.0,0.0,0.0,0.0,0.0,0.0,0.01,0.0,0.0,0.0,0.0,4.92,9.33,False
2022-03-12 08:14:51.908,ETR700,e700_4801,ILCK_PROP_10,ILCK_PROP_10,Cod. 10 Nessuna velocita' impostata,N,2022-03-12 08:14:52.909,2.0,Milano,VEHICLE,VEHICLE,45.4878,9.206,0,2022-03-12 08:14:47.105,1.0,0.0,1.0,0.0,0.0,0.0,1.0,60.0,0.0,1.0,28.9,29.2,29.3,29.2,3405.0,2400.0,2.0,0.0,1.0,45.4878,9.206,250.0,0.0,2.37,2.25,2.44,2.4,2.28,1.99,2.06,2.42,2.38,2.25,2.46,2.38,2.25,1.99,2.05,2.44,3.27,9.46,False
2022-03-12 08:14:50.508,ETR700,e700_4801,151023,_Front_,Direzione avanti in M1,N,2022-03-12 10:39:39.108,8689.0,Milano,VEHICLE,VEHICLE,45.4878,9.206,0,2022-03-12 08:14:45.508,1.0,0.0,1.0,0.0,0.0,0.0,1.0,60.0,0.0,1.0,28.9,29.2,29.3,29.2,3409.0,2400.0,2.0,0.0,1.0,45.4878,9.206,250.0,0.0,2.37,2.25,2.44,2.39,2.28,1.99,2.06,2.42,2.38,2.25,2.46,2.39,2.25,1.98,2.05,2.44,3.27,9.42,False
2022-03-12 08:14:50.508,ETR700,e700_4801,158024,_Rear_,Direzione indietro in M8,N,2022-03-12 10:39:38.909,8689.0,Milano,VEHICLE,VEHICLE,45.4878,9.206,0,2022-03-12 08:14:45.508,1.0,0.0,1.0,0.0,0.0,0.0,1.0,60.0,0.0,1.0,28.9,29.2,29.3,29.2,3409.0,2400.0,2.0,0.0,1.0,45.4878,9.206,250.0,0.0,2.37,2.25,2.44,2.39,2.28,1.99,2.06,2.42,2.38,2.25,2.46,2.39,2.25,1.98,2.05,2.44,3.27,9.42,False
2022-03-12 08:00:58.909,ETR700,e700_4801,018202,CCU_FltWtbComm,Mancata comunicazione WTB in CCU M8,N,2022-03-12 08:01:00.644,2.0,Milano,VEHICLE,VEHICLE,45.4877,9.2062,0,2022-03-12 08:00:56.107,0.0,0.0,0.0,0.0,0.0,1.0,1.0,60.0,0.0,1.0,29.0,29.1,29.1,29.0,3498.0,2400.0,2.0,0.0,2.0,45.4877,9.2062,0.0,0.0,2.59,2.62,2.69,2.58,2.42,2.18,2.1,2.61,2.59,2.58,2.69,2.6,2.4,2.18,2.1,2.62,0.15,8.87,False
2022-03-12 08:00:58.909,ETR700,e700_4801,018200,CCU_FltWtbR1,Mancata ricezione R1 in CCU M8,N,2022-03-12 08:01:00.644,2.0,Milano,VEHICLE,VEHICLE,45.4877,9.2062,0,2022-03-12 08:00:56.107,0.0,0.0,0.0,0.0,0.0,1.0,1.0,60.0,0.0,1.0,29.0,29.1,29.1,29.0,3498.0,2400.0,2.0,0.0,2.0,45.4877,9.2062,0.0,0.0,2.59,2.62,2.69,2.58,2.42,2.18,2.1,2.61,2.59,2.58,2.69,2.6,2.4,2.18,2.1,2.62,0.15,8.87,True
2022-03-12 08:00:58.909,ETR700,e700_4801,150006,_Running_,Stato RUNNING attivo,N,2022-03-12 08:37:13.911,2176.0,Milano,VEHICLE,VEHICLE,45.4877,9.2062,0,2022-03-12 08:00:56.107,0.0,0.0,0.0,0.0,0.0,1.0,1.0,60.0,0.0,1.0,29.0,29.1,29.1,29.0,3498.0,2400.0,2.0,0.0,2.0,45.4877,9.2062,0.0,0.0,2.59,2.62,2.69,2.58,2.42,2.18,2.1,2.61,2.59,2.58,2.69,2.6,2.4,2.18,2.1,2.62,0.15,8.87,False
2022-03-12 08:00:58.707,ETR700,e700_4801,ILCK_PROP_10,ILCK_PROP_10,Cod. 10 Nessuna velocita' impostata,N,2022-03-12 08:00:59.309,1.0,Milano,VEHICLE,VEHICLE,45.4877,9.2062,0,2022-03-12 08:00:56.107,0.0,0.0,0.0,0.0,0.0,1.0,1.0,60.0,0.0,1.0,29.0,29.1,29.1,29.0,3498.0,2400.0,2.0,0.0,2.0,45.4877,9.2062,0.0,0.0,2.59,2.62,2.69,2.58,2.42,2.18,2.1,2.61,2.59,2.58,2.69,2.6,2.4,2.18,2.1,2.62,0.15,8.87,False
2022-03-12 08:00:56.107,ETR700,e700_4801,150007,_Standby_,Stato STANDBY attivo,N,2022-03-12 08:00:58.909,3.0,Milano,VEHICLE,VEHICLE,45.4877,9.2062,1,2022-03-12 08:00:56.107,0.0,0.0,0.0,0.0,0.0,1.0,1.0,60.0,0.0,1.0,29.0,29.1,29.1,29.0,3498.0,2400.0,2.0,0.0,2.0,45.4877,9.2062,0.0,0.0,2.59,2.62,2.69,2.58,2.42,2.18,2.1,2.61,2.59,2.58,2.69,2.6,2.4,2.18,2.1,2.62,0.15,8.87,False
2022-03-12 07:57:58.702,ETR700,e700_4801,150009,_Parking_,Stato PARKING attivo,N,2022-03-12 08:00:56.107,178.0,Milano,VEHICLE,VEHICLE,45.4879,9.2059,0,2022-03-12 07:57:55.107,0.0,0.0,0.0,0.0,0.0,1.0,1.0,85.0,0.0,1.0,29.1,29.2,29.2,29.1,3475.0,2400.0,2.0,0.0,2.0,45.4879,9.2059,0.0,0.0,2.59,2.6,2.69,2.58,2.43,2.18,2.1,2.62,2.59,2.58,2.69,2.61,2.4,2.17,2.1,2.63,0.52,9.37,False
2022-03-12 07:57:55.107,ETR700,e700_4801,151014,_DCPantoSts_,Pantografo DC alto in T2,N,2022-03-12 08:01:06.51,192.0,Milano,VEHICLE,VEHICLE,45.4879,9.2059,0,2022-03-12 07:57:50.108,0.0,1.0,0.0,0.0,0.0,0.0,1.0,93.0,0.0,1.0,29.1,29.2,29.2,29.0,3463.0,2400.0,2.0,0.0,1.0,45.4878,9.2059,250.0,0.0,2.58,2.58,2.69,2.59,2.43,2.18,2.1,2.61,2.59,2.54,2.69,2.61,2.39,2.17,2.09,2.62,0.96,9.28,False
2022-03-12 07:57:50.511,ETR700,e700_4801,ILCK_PROP_15,ILCK_PROP_15,Cod. 15 Nessun banco abilitato,N,2022-03-12 08:00:58.707,189.0,Milano,MDS,MDS,45.4878,9.2059,0,2022-03-12 07:57:45.908,0.0,1.0,0.0,0.0,0.0,0.0,1.0,93.0,0.0,1.0,29.1,29.2,29.2,29.0,3478.0,2400.0,2.0,0.0,1.0,45.4878,9.2059,250.0,0.0,2.58,2.57,2.69,2.59,2.43,2.18,2.1,2.61,2.59,2.54,2.69,2.61,2.39,2.17,2.09,2.62,0.96,9.2,False
2022-03-12 07:57:50.310,ETR700,e700_4801,011202,CCU_FltWtbComm,Mancata comunicazione WTB in CCU M1,N,2022-03-12 07:57:52.254,2.0,Milano,VEHICLE,VEHICLE,45.4878,9.2059,0,2022-03-12 07:57:45.508,0.0,1.0,0.0,0.0,0.0,0.0,1.0,97.0,0.0,1.0,29.1,29.2,29.2,29.0,3475.0,2400.0,2.0,0.0,1.0,45.4878,9.2059,250.0,0.0,2.58,2.57,2.69,2.59,2.44,2.18,2.1,2.62,2.59,2.55,2.69,2.61,2.39,2.17,2.09,2.62,0.96,9.18,False
2022-03-12 07:57:50.310,ETR700,e700_4801,011201,CCU_FltWtbR2,Mancata ricezione R2 in CCU M1,N,2022-03-12 07:57:52.254,2.0,Milano,VEHICLE,VEHICLE,45.4878,9.2059,0,2022-03-12 07:57:45.508,0.0,1.0,0.0,0.0,0.0,0.0,1.0,97.0,0.0,1.0,29.1,29.2,29.2,29.0,3475.0,2400.0,2.0,0.0,1.0,45.4878,9.2059,250.0,0.0,2.58,2.57,2.69,2.59,2.44,2.18,2.1,2.62,2.59,2.55,2.69,2.61,2.39,2.17,2.09,2.62,0.96,9.18,False
2022-03-12 07:57:50.310,ETR700,e700_4801,150007,_Standby_,Stato STANDBY attivo,N,2022-03-12 07:57:58.702,9.0,Milano,VEHICLE,VEHICLE,45.4878,9.2059,0,2022-03-12 07:57:45.508,0.0,1.0,0.0,0.0,0.0,0.0,1.0,97.0,0.0,1.0,29.1,29.2,29.2,29.0,3475.0,2400.0,2.0,0.0,1.0,45.4878,9.2059,250.0,0.0,2.58,2.57,2.69,2.59,2.44,2.18,2.1,2.62,2.59,2.55,2.69,2.61,2.39,2.17,2.09,2.62,0.96,9.18,False
2022-03-12 07:57:50.108,ETR700,e700_4801,018202,CCU_FltWtbComm,Mancata comunicazione WTB in CCU M8,N,2022-03-12 07:57:50.511,1.0,Milano,VEHICLE,VEHICLE,45.4878,9.2059,0,2022-03-12 07:57:45.508,0.0,1.0,0.0,0.0,0.0,0.0,1.0,97.0,0.0,1.0,29.1,29.2,29.2,29.0,3475.0,2400.0,2.0,0.0,1.0,45.4878,9.2059,250.0,0.0,2.58,2.57,2.69,2.59,2.44,2.18,2.1,2.62,2.59,2.55,2.69,2.61,2.39,2.17,2.09,2.62,0.96,9.18,False
2022-03-12 07:57:50.108,ETR700,e700_4801,018200,CCU_FltWtbR1,Mancata ricezione R1 in CCU M8,N,2022-03-12 07:57:50.511,1.0,Milano,VEHICLE,VEHICLE,45.4878,9.2059,0,2022-03-12 07:57:45.508,0.0,1.0,0.0,0.0,0.0,0.0,1.0,97.0,0.0,1.0,29.1,29.2,29.2,29.0,3475.0,2400.0,2.0,0.0,1.0,45.4878,9.2059,250.0,0.0,2.58,2.57,2.69,2.59,2.44,2.18,2.1,2.62,2.59,2.55,2.69,2.61,2.39,2.17,2.09,2.62,0.96,9.18,True
2022-03-12 07:57:19.308,ETR700,e700_4801,ILCK_PROP_02,ILCK_PROP_02,Cod. 02 Taglio trazione comandato da RCEC,N,2022-03-12 08:01:40.711,262.0,Milano,VEHICLE,VEHICLE,45.4878,9.2059,1,2022-03-12 07:57:19.308,0.0,1.0,0.0,0.0,0.0,0.0,1.0,101.0,0.0,1.0,29.0,29.2,29.2,29.0,3454.0,2400.0,2.0,0.0,1.0,45.4878,9.2059,250.0,0.0,2.6,2.53,2.68,2.58,2.42,2.17,2.06,2.62,2.59,2.5,2.68,2.59,2.4,2.16,2.05,2.62,3.32,8.6,False
2022-03-12 07:57:02.708,ETR700,e700_4801,ILCK_PROP_11M8,ILCK_PROP_11M8,Cod. 11 Rilascio Porte Destre Attivo,N,2022-03-12 07:57:50.511,48.0,Milano,MDS,MDS,45.4878,9.2059,0,2022-03-12 07:57:01.307,0.0,1.0,2.0,0.0,0.0,0.0,1.0,101.0,0.0,1.0,29.1,29.2,29.2,29.0,3523.0,2400.0,2.0,0.0,1.0,45.4878,9.2059,250.0,0.0,2.37,2.24,2.43,2.46,2.31,1.94,1.93,2.31,2.4,2.27,2.42,2.41,2.27,1.99,1.94,2.3,3.33,8.19,False
2022-03-12 07:46:01.308,ETR700,e700_4801,151024,_Rear_,Direzione indietro in M1,N,2022-03-12 07:57:48.108,707.0,Milano,VEHICLE,VEHICLE,45.4988,9.2177,1,2022-03-12 07:46:01.308,0.0,1.0,2.0,0.0,0.0,0.0,1.0,138.0,0.0,1.0,28.9,29.0,29.0,28.8,3517.0,2400.0,2.0,0.0,1.0,45.4988,9.2177,250.0,0.0,0.01,0.0,0.0,0.0,0.0,0.0,0.0,0.0,0.01,0.0,0.0,0.0,0.0,0.0,0.0,0.0,4.93,8.73,False
2022-03-12 07:45:34.909,ETR700,e700_4801,151024,_Rear_,Direzione indietro in M1,N,2022-03-12 07:46:00.909,26.0,Milano,VEHICLE,VEHICLE,45.4987,9.2177,0,2022-03-12 07:45:34.706,0.0,1.0,2.0,0.0,0.0,0.0,1.0,146.0,0.0,1.0,28.8,29.0,29.0,28.8,3506.0,2400.0,2.0,0.0,1.0,45.4987,9.2177,250.0,0.0,0.01,0.0,0.0,0.0,0.01,0.0,0.0,0.0,0.01,0.0,0.0,0.0,0.0,0.0,0.0,0.0,4.93,8.84,False
2022-03-12 07:45:34.706,ETR700,e700_4801,158023,_Front_,Direzione avanti in M8,N,2022-03-12 07:57:47.908,734.0,Milano,VEHICLE,VEHICLE,45.4987,9.2177,1,2022-03-12 07:45:34.706,0.0,1.0,2.0,0.0,0.0,0.0,1.0,146.0,0.0,1.0,28.8,29.0,29.0,28.8,3506.0,2400.0,2.0,0.0,1.0,45.4987,9.2177,250.0,0.0,0.01,0.0,0.0,0.0,0.01,0.0,0.0,0.0,0.01,0.0,0.0,0.0,0.0,0.0,0.0,0.0,4.93,8.84,False
2022-03-12 07:40:48.541,ETR700,e700_4801,150006,_Running_,Stato RUNNING attivo,N,2022-03-12 07:57:50.31,1022.0,Milano,VEHICLE,VEHICLE,45.4988,9.2177,0,2022-03-12 07:40:47.307,0.0,1.0,0.0,0.0,0.0,0.0,1.0,146.0,0.0,1.0,28.9,29.0,29.0,28.7,3493.0,2400.0,2.0,0.0,2.0,45.4988,9.2177,0.0,0.0,2.69,2.62,2.74,2.54,2.41,2.11,2.09,2.59,2.68,2.59,2.73,2.54,2.4,2.1,2.08,2.61,0.08,9.1,False
2022-03-12 07:40:47.506,ETR700,e700_4801,011202,CCU_FltWtbComm,Mancata comunicazione WTB in CCU M1,N,2022-03-12 07:40:48.907,2.0,Milano,VEHICLE,VEHICLE,45.4988,9.2177,0,2022-03-12 07:40:47.307,0.0,1.0,0.0,0.0,0.0,0.0,1.0,146.0,0.0,1.0,28.9,29.0,29.0,28.7,3493.0,2400.0,2.0,0.0,2.0,45.4988,9.2177,0.0,0.0,2.69,2.62,2.74,2.54,2.41,2.11,2.09,2.59,2.68,2.59,2.73,2.54,2.4,2.1,2.08,2.61,0.08,9.1,False
2022-03-12 07:40:47.506,ETR700,e700_4801,011200,CCU_FltWtbR1,Mancata ricezione R1 in CCU M1,N,2022-03-12 07:40:48.907,2.0,Milano,VEHICLE,VEHICLE,45.4988,9.2177,0,2022-03-12 07:40:47.307,0.0,1.0,0.0,0.0,0.0,0.0,1.0,146.0,0.0,1.0,28.9,29.0,29.0,28.7,3493.0,2400.0,2.0,0.0,2.0,45.4988,9.2177,0.0,0.0,2.69,2.62,2.74,2.54,2.41,2.11,2.09,2.59,2.68,2.59,2.73,2.54,2.4,2.1,2.08,2.61,0.08,9.1,False
2022-03-12 07:40:47.307,ETR700,e700_4801,ILCK_PROP_19M8,ILCK_PROP_19M8,Cod. 19 Maniglia Allarme Passeggeri Attivata,N,2022-03-12 07:40:48.541,2.0,Milano,MDS,MDS,45.4988,9.2177,1,2022-03-12 07:40:47.307,0.0,1.0,0.0,0.0,0.0,0.0,1.0,146.0,0.0,1.0,28.9,29.0,29.0,28.7,3493.0,2400.0,2.0,0.0,2.0,45.4988,9.2177,0.0,0.0,2.69,2.62,2.74,2.54,2.41,2.11,2.09,2.59,2.68,2.59,2.73,2.54,2.4,2.1,2.08,2.61,0.08,9.1,True
2022-03-12 07:36:32.313,ETR700,e700_4801,018202,CCU_FltWtbComm,Mancata comunicazione WTB in CCU M8,N,2022-03-12 07:36:34.109,2.0,Milano,VEHICLE,VEHICLE,45.4987,9.2177,0,2022-03-12 07:36:28.11,1.0,0.0,0.0,0.0,0.0,0.0,1.0,150.0,0.0,1.0,28.8,28.9,28.9,28.4,3515.0,2400.0,2.0,0.0,1.0,45.4987,9.2177,250.0,0.0,2.74,2.56,2.81,2.75,2.61,2.18,2.17,2.63,2.73,2.58,2.81,2.68,2.58,2.14,2.21,2.69,0.52,8.8,False
2022-03-12 07:36:32.313,ETR700,e700_4801,018201,CCU_FltWtbR2,Mancata ricezione R2 in CCU M8,N,2022-03-12 07:36:34.109,2.0,Milano,VEHICLE,VEHICLE,45.4987,9.2177,0,2022-03-12 07:36:28.11,1.0,0.0,0.0,0.0,0.0,0.0,1.0,150.0,0.0,1.0,28.8,28.9,28.9,28.4,3515.0,2400.0,2.0,0.0,1.0,45.4987,9.2177,250.0,0.0,2.74,2.56,2.81,2.75,2.61,2.18,2.17,2.63,2.73,2.58,2.81,2.68,2.58,2.14,2.21,2.69,0.52,8.8,False
2022-03-12 07:36:32.313,ETR700,e700_4801,ILCK_PROP_15,ILCK_PROP_15,Cod. 15 Nessun banco abilitato,N,2022-03-12 07:40:47.307,255.0,Milano,MDS,MDS,45.4987,9.2177,0,2022-03-12 07:36:28.11,1.0,0.0,0.0,0.0,0.0,0.0,1.0,150.0,0.0,1.0,28.8,28.9,28.9,28.4,3515.0,2400.0,2.0,0.0,1.0,45.4987,9.2177,250.0,0.0,2.74,2.56,2.81,2.75,2.61,2.18,2.17,2.63,2.73,2.58,2.81,2.68,2.58,2.14,2.21,2.69,0.52,8.8,False
2022-03-12 07:36:26.110,ETR700,e700_4801,ILCK_PROP_02,ILCK_PROP_02,Cod. 02 Taglio trazione comandato da RCEC,N,2022-03-12 07:40:47.506,262.0,Milano,VEHICLE,VEHICLE,45.4987,9.2177,0,2022-03-12 07:36:21.51,1.0,0.0,1.0,0.0,0.0,0.0,1.0,161.0,0.0,1.0,28.7,28.8,28.9,28.4,3522.0,2400.0,2.0,0.0,1.0,45.4987,9.2177,250.0,0.0,0.01,0.0,0.0,0.0,0.0,0.0,0.0,0.0,0.0,0.0,0.0,0.0,0.0,0.0,0.0,0.0,4.93,8.95,False
2022-03-12 07:35:47.713,ETR700,e700_4801,158024,_Rear_,Direzione indietro in M8,N,2022-03-12 07:36:31.911,45.0,Milano,VEHICLE,VEHICLE,45.4987,9.2177,0,2022-03-12 07:35:45.906,1.0,0.0,1.0,0.0,0.0,0.0,1.0,150.0,0.0,1.0,28.7,28.8,28.8,28.3,3534.0,2400.0,2.0,0.0,1.0,45.4987,9.2177,250.0,0.0,2.4,2.27,2.44,2.46,2.28,1.91,1.95,2.29,2.38,2.28,2.46,2.37,2.27,1.9,1.94,2.21,3.4,8.31,False
2022-03-12 07:35:47.512,ETR700,e700_4801,151023,_Front_,Direzione avanti in M1,N,2022-03-12 07:36:31.711,45.0,Milano,VEHICLE,VEHICLE,45.4987,9.2177,0,2022-03-12 07:35:45.906,1.0,0.0,1.0,0.0,0.0,0.0,1.0,150.0,0.0,1.0,28.7,28.8,28.8,28.3,3534.0,2400.0,2.0,0.0,1.0,45.4987,9.2177,250.0,0.0,2.4,2.27,2.44,2.46,2.28,1.91,1.95,2.29,2.38,2.28,2.46,2.37,2.27,1.9,1.94,2.21,3.4,8.31,False
2022-03-12 07:19:34.311,ETR700,e700_4801,ILCK_PROP_11M1,ILCK_PROP_11M1,Cod. 11 Rilascio Porte Destre Attivo,N,2022-03-12 07:35:43.71,970.0,Milano,MDS,MDS,45.4987,9.2177,0,2022-03-12 07:19:30.306,1.0,0.0,1.0,0.0,0.0,0.0,1.0,48.0,0.0,1.0,27.1,27.1,27.1,26.7,3495.0,2400.0,2.0,0.0,1.0,45.4987,9.2177,250.0,0.0,0.01,0.0,0.0,0.0,0.01,0.0,0.0,0.0,0.0,0.0,0.0,0.0,0.0,0.0,0.0,0.0,4.93,7.91,False
2022-03-12 07:17:53.710,ETR700,e700_4801,150017,_CmdCloseIR_,Comando chiusura IR/IP da banco,N,2022-03-12 07:17:56.503,3.0,Milano,VEHICLE,VEHICLE,45.4987,9.2177,0,2022-03-12 07:17:49.307,1.0,0.0,0.0,0.0,0.0,0.0,1.0,0.0,0.0,0.0,21.7,22.1,22.1,22.1,0.0,2400.0,2.0,0.0,1.0,45.4987,9.2177,250.0,0.0,2.68,2.66,2.67,2.52,2.44,2.13,2.04,2.62,2.65,2.64,2.69,2.54,2.42,2.13,2.03,2.63,0.0,5.21,False
2022-03-12 07:17:49.307,ETR700,e700_4801,150017,_CmdCloseIR_,Comando chiusura IR/IP da banco,N,2022-03-12 07:17:53.108,4.0,Milano,VEHICLE,VEHICLE,45.4987,9.2177,0,2022-03-12 07:17:44.708,1.0,0.0,0.0,0.0,0.0,0.0,1.0,0.0,0.0,0.0,21.6,22.1,22.2,22.2,0.0,2400.0,2.0,0.0,1.0,45.4987,9.2177,250.0,0.0,2.68,2.66,2.67,2.52,2.44,2.13,2.04,2.62,2.65,2.64,2.68,2.54,2.42,2.13,2.03,2.63,0.0,5.22,False
2022-03-12 07:17:44.708,ETR700,e700_4801,158014,_DCPantoSts_,Pantografo DC alto in T7,N,2022-03-12 08:37:20.611,4776.0,Milano,VEHICLE,VEHICLE,45.4987,9.2177,0,2022-03-12 07:17:43.906,1.0,0.0,0.0,0.0,0.0,0.0,0.0,0.0,0.0,0.0,21.7,22.1,22.2,22.2,0.0,2400.0,2.0,0.0,1.0,45.4987,9.2177,250.0,0.0,2.68,2.66,2.67,2.52,2.44,2.13,2.04,2.62,2.65,2.64,2.68,2.54,2.42,2.13,2.03,2.63,0.0,5.22,False
2022-03-12 07:17:43.906,ETR700,e700_4801,150012,_CmdPantoUp_,Comando alzamento panto da banco,N,2022-03-12 07:17:46.307,3.0,Milano,VEHICLE,VEHICLE,45.4987,9.2177,1,2022-03-12 07:17:43.906,1.0,0.0,0.0,0.0,0.0,0.0,0.0,0.0,0.0,0.0,21.7,22.1,22.2,22.2,0.0,2400.0,2.0,0.0,1.0,45.4987,9.2177,250.0,0.0,2.68,2.66,2.67,2.52,2.44,2.13,2.04,2.62,2.65,2.64,2.68,2.54,2.42,2.13,2.03,2.63,0.0,5.22,False
2022-03-12 07:17:30.107,ETR700,e700_4801,150012,_CmdPantoUp_,Comando alzamento panto da banco,N,2022-03-12 07:17:33.698,4.0,Milano,VEHICLE,VEHICLE,45.4988,9.2177,1,2022-03-12 07:17:30.107,1.0,0.0,0.0,0.0,0.0,0.0,2.0,0.0,0.0,0.0,21.8,22.2,22.3,22.2,0.0,2400.0,2.0,0.0,1.0,45.4988,9.2177,250.0,0.0,2.68,2.66,2.68,2.52,2.44,2.13,2.04,2.62,2.65,2.64,2.68,2.54,2.42,2.12,2.03,2.63,0.0,5.27,False
2022-03-12 07:17:13.907,ETR700,e700_4801,150027,_CmdTCUFailReset_,Comando riconfigurazione e reset da banco,N,2022-03-12 07:17:16.108,3.0,Milano,VEHICLE,VEHICLE,45.4988,9.2177,0,2022-03-12 07:17:09.104,1.0,0.0,0.0,0.0,0.0,0.0,2.0,0.0,0.0,0.0,21.9,22.2,22.2,22.2,0.0,2400.0,2.0,0.0,1.0,45.4988,9.2177,250.0,0.0,2.68,2.66,2.68,2.52,2.44,2.13,2.04,2.62,2.65,2.64,2.69,2.54,2.42,2.13,2.03,2.63,0.0,5.34,True
2022-03-12 07:17:05.307,ETR700,e700_4801,ILCK_IR_T7_52,ILCK_IR_T7_52,Cod 52. Comando apertura DC per guasto Pantografo,N,2022-03-12 07:17:35.306,30.0,Milano,AT,T2_1Q2_IR,45.4988,9.2177,0,2022-03-12 07:17:02.106,1.0,0.0,0.0,0.0,0.0,0.0,2.0,0.0,0.0,0.0,21.9,22.2,22.2,22.2,0.0,2400.0,2.0,0.0,1.0,45.4988,9.2177,250.0,0.0,2.68,2.66,2.68,2.52,2.44,2.13,2.04,2.62,2.65,2.64,2.68,2.54,2.42,2.13,2.03,2.63,0.0,5.36,True
2022-03-12 07:17:02.905,ETR700,e700_4801,150027,_CmdTCUFailReset_,Comando riconfigurazione e reset da banco,N,2022-03-12 07:17:04.108,2.0,Milano,VEHICLE,VEHICLE,45.4988,9.2177,0,2022-03-12 07:16:58.105,1.0,0.0,0.0,0.0,0.0,0.0,2.0,0.0,0.0,0.0,21.9,22.2,22.2,22.2,0.0,2400.0,2.0,0.0,1.0,45.4987,9.2177,250.0,0.0,2.68,2.66,2.67,2.52,2.44,2.13,2.04,2.61,2.65,2.64,2.68,2.54,2.42,2.13,2.03,2.63,0.0,5.38,True
2022-03-12 07:16:58.105,ETR700,e700_4801,150018,_CmdOpenIR_,Comando apertura IR/IP da banco,N,2022-03-12 07:17:04.108,7.0,Milano,VEHICLE,VEHICLE,45.4987,9.2177,0,2022-03-12 07:16:53.708,1.0,0.0,0.0,0.0,0.0,0.0,2.0,0.0,0.0,0.0,21.9,22.2,22.3,22.2,0.0,2400.0,2.0,0.0,1.0,45.4987,9.2177,250.0,0.0,2.67,2.66,2.68,2.52,2.44,2.13,2.04,2.62,2.65,2.64,2.69,2.54,2.42,2.13,2.03,2.63,0.0,5.39,False
2022-03-12 07:16:57.306,ETR700,e700_4801,150013,_CmdPantoDw_,Comando abbassamento panto da banco,N,2022-03-12 07:17:04.108,7.0,Milano,VEHICLE,VEHICLE,45.4987,9.2177,0,2022-03-12 07:16:53.708,1.0,0.0,0.0,0.0,0.0,0.0,2.0,0.0,0.0,0.0,21.9,22.2,22.3,22.2,0.0,2400.0,2.0,0.0,1.0,45.4987,9.2177,250.0,0.0,2.67,2.66,2.68,2.52,2.44,2.13,2.04,2.62,2.65,2.64,2.69,2.54,2.42,2.13,2.03,2.63,0.0,5.39,True
2022-03-12 07:16:53.708,ETR700,e700_4801,150027,_CmdTCUFailReset_,Comando riconfigurazione e reset da banco,N,2022-03-12 07:16:56.507,3.0,Milano,VEHICLE,VEHICLE,45.4987,9.2177,0,2022-03-12 07:16:48.735,1.0,0.0,0.0,0.0,0.0,0.0,2.0,0.0,0.0,0.0,21.9,22.2,22.3,22.2,0.0,2400.0,2.0,0.0,1.0,45.4987,9.2177,250.0,0.0,2.68,2.66,2.68,2.52,2.45,2.13,2.04,2.61,2.65,2.64,2.69,2.54,2.42,2.13,2.03,2.63,0.0,5.41,True
2022-03-12 07:16:48.506,ETR700,e700_4801,150018,_CmdOpenIR_,Comando apertura IR/IP da banco,N,2022-03-12 07:16:56.308,8.0,Milano,VEHICLE,VEHICLE,45.4987,9.2177,1,2022-03-12 07:16:48.506,1.0,0.0,0.0,0.0,0.0,0.0,2.0,0.0,0.0,0.0,21.9,22.2,22.3,22.2,0.0,2400.0,2.0,0.0,1.0,45.4987,9.2177,250.0,0.0,2.68,2.66,2.68,2.52,2.44,2.13,2.04,2.62,2.65,2.64,2.68,2.54,2.42,2.13,2.03,2.63,0.0,5.41,False
2022-03-12 07:15:13.753,ETR700,e700_4801,ILCK_IR_T7_42,ILCK_IR_T7_42,Cod 42. Pantografo DC non alto,N,2022-03-12 07:17:44.708,151.0,Milano,AT,T2_1Q2_IR,45.4988,9.2177,0,2022-03-12 07:15:09.107,1.0,0.0,0.0,0.0,0.0,0.0,2.0,8.0,0.0,0.0,23.0,23.2,23.3,23.2,82.0,2400.0,2.0,0.0,1.0,45.4988,9.2177,250.0,0.0,2.68,2.66,2.68,2.52,2.45,2.13,2.04,2.61,2.65,2.64,2.69,2.54,2.43,2.12,2.04,2.64,0.0,6.12,True
2022-03-12 07:15:13.753,ETR700,e700_4801,150011,_PantoLowSts_,Nessun pantografo alto,N,2022-03-12 07:17:44.708,151.0,Milano,VEHICLE,VEHICLE,45.4988,9.2177,0,2022-03-12 07:15:09.107,1.0,0.0,0.0,0.0,0.0,0.0,2.0,8.0,0.0,0.0,23.0,23.2,23.3,23.2,82.0,2400.0,2.0,0.0,1.0,45.4988,9.2177,250.0,0.0,2.68,2.66,2.68,2.52,2.45,2.13,2.04,2.61,2.65,2.64,2.69,2.54,2.43,2.12,2.04,2.64,0.0,6.12,False
2022-03-12 07:15:06.592,ETR700,e700_4801,ILCK_IR_T7_52,ILCK_IR_T7_52,Cod 52. Comando apertura DC per guasto Pantografo,N,2022-03-12 07:17:03.506,117.0,Milano,AT,T2_1Q2_IR,45.4988,9.2177,0,2022-03-12 07:15:04.907,1.0,0.0,0.0,0.0,0.0,0.0,1.0,48.0,0.0,1.0,27.1,27.0,27.0,26.6,3544.0,2400.0,2.0,0.0,1.0,45.4988,9.2177,250.0,0.0,2.68,2.66,2.68,2.52,2.45,2.13,2.04,2.61,2.65,2.64,2.68,2.54,2.43,2.13,2.04,2.64,0.0,5.95,True
2022-03-12 07:15:06.592,ETR700,e700_4801,150016,_IRIP_OpenSts_,Nessun IR o IP chiuso,N,2022-03-12 07:17:58.104,172.0,Milano,VEHICLE,VEHICLE,45.4988,9.2177,0,2022-03-12 07:15:04.907,1.0,0.0,0.0,0.0,0.0,0.0,1.0,48.0,0.0,1.0,27.1,27.0,27.0,26.6,3544.0,2400.0,2.0,0.0,1.0,45.4988,9.2177,250.0,0.0,2.68,2.66,2.68,2.52,2.45,2.13,2.04,2.61,2.65,2.64,2.68,2.54,2.43,2.13,2.04,2.64,0.0,5.95,False
2022-03-12 07:15:06.310,ETR700,e700_4801,ILCK_PROP_21M1,ILCK_PROP_21M1,Cod. 21 AT non presente,N,2022-03-12 07:17:58.306,172.0,Milano,MDS,MDS,45.4988,9.2177,0,2022-03-12 07:15:04.907,1.0,0.0,0.0,0.0,0.0,0.0,1.0,48.0,0.0,1.0,27.1,27.0,27.0,26.6,3544.0,2400.0,2.0,0.0,1.0,45.4988,9.2177,250.0,0.0,2.68,2.66,2.68,2.52,2.45,2.13,2.04,2.61,2.65,2.64,2.68,2.54,2.43,2.13,2.04,2.64,0.0,5.95,False
2022-03-12 07:14:20.109,ETR700,e700_4801,150025,_9S13_,Pressione CP sotto 7.5 bar in M1 (press. 9S13),N,2022-03-12 07:20:20.708,361.0,Milano,VEHICLE,VEHICLE,45.4988,9.2177,1,2022-03-12 07:14:20.109,1.0,0.0,0.0,0.0,0.0,0.0,1.0,20.0,0.0,1.0,26.5,25.7,25.3,24.0,3484.0,2400.0,2.0,0.0,1.0,45.4988,9.2177,250.0,0.0,2.67,2.66,2.69,2.52,2.45,2.13,2.04,2.62,2.65,2.64,2.69,2.54,2.43,2.13,2.03,2.64,0.0,4.3,True
2022-03-12 07:14:20.109,ETR700,e700_4801,158014,_DCPantoSts_,Pantografo DC alto in T7,N,2022-03-12 07:15:06.106,46.0,Milano,VEHICLE,VEHICLE,45.4988,9.2177,1,2022-03-12 07:14:20.109,1.0,0.0,0.0,0.0,0.0,0.0,1.0,20.0,0.0,1.0,26.5,25.7,25.3,24.0,3484.0,2400.0,2.0,0.0,1.0,45.4988,9.2177,250.0,0.0,2.67,2.66,2.69,2.52,2.45,2.13,2.04,2.62,2.65,2.64,2.69,2.54,2.43,2.13,2.03,2.64,0.0,4.3,False
2022-03-12 07:14:20.109,ETR700,e700_4801,ILCK_PROP_02,ILCK_PROP_02,Cod. 02 Taglio trazione comandato da RCEC,N,2022-03-12 07:34:38.911,1219.0,Milano,VEHICLE,VEHICLE,45.4988,9.2177,1,2022-03-12 07:14:20.109,1.0,0.0,0.0,0.0,0.0,0.0,1.0,20.0,0.0,1.0,26.5,25.7,25.3,24.0,3484.0,2400.0,2.0,0.0,1.0,45.4988,9.2177,250.0,0.0,2.67,2.66,2.69,2.52,2.45,2.13,2.04,2.62,2.65,2.64,2.69,2.54,2.43,2.13,2.03,2.64,0.0,4.3,False
2022-03-12 07:14:20.109,ETR700,e700_4801,150004,_LineVoltType_,Selezionata tensione 3 kV,N,2022-03-12 08:37:20.611,4981.0,Milano,VEHICLE,VEHICLE,45.4988,9.2177,1,2022-03-12 07:14:20.109,1.0,0.0,0.0,0.0,0.0,0.0,1.0,20.0,0.0,1.0,26.5,25.7,25.3,24.0,3484.0,2400.0,2.0,0.0,1.0,45.4988,9.2177,250.0,0.0,2.67,2.66,2.69,2.52,2.45,2.13,2.04,2.62,2.65,2.64,2.69,2.54,2.43,2.13,2.03,2.64,0.0,4.3,True
2022-03-12 07:14:20.109,ETR700,e700_4801,150006,_Running_,Stato RUNNING attivo,N,2022-03-12 07:36:32.909,1333.0,Milano,VEHICLE,VEHICLE,45.4988,9.2177,1,2022-03-12 07:14:20.109,1.0,0.0,0.0,0.0,0.0,0.0,1.0,20.0,0.0,1.0,26.5,25.7,25.3,24.0,3484.0,2400.0,2.0,0.0,1.0,45.4988,9.2177,250.0,0.0,2.67,2.66,2.69,2.52,2.45,2.13,2.04,2.62,2.65,2.64,2.69,2.54,2.43,2.13,2.03,2.64,0.0,4.3,False
2022-03-12 07:08:38.800,ETR700,e700_4801,018202,CCU_FltWtbComm,Mancata comunicazione WTB in CCU M8,N,2022-03-12 07:08:40.593,2.0,Milano,VEHICLE,VEHICLE,45.4988,9.2177,1,2022-03-12 07:08:38.8,0.0,0.0,0.0,0.0,0.0,0.0,0.0,0.0,0.0,0.0,21.7,22.2,22.3,22.4,0.0,2400.0,2.0,0.0,1.0,45.4988,9.2177,250.0,0.0,2.63,2.67,2.67,2.52,2.44,2.13,2.06,2.65,2.62,2.64,2.67,2.55,2.43,2.12,2.04,2.68,0.0,4.8,False
2022-03-12 07:08:38.800,ETR700,e700_4801,018201,CCU_FltWtbR2,Mancata ricezione R2 in CCU M8,N,2022-03-12 07:08:40.593,2.0,Milano,VEHICLE,VEHICLE,45.4988,9.2177,1,2022-03-12 07:08:38.8,0.0,0.0,0.0,0.0,0.0,0.0,0.0,0.0,0.0,0.0,21.7,22.2,22.3,22.4,0.0,2400.0,2.0,0.0,1.0,45.4988,9.2177,250.0,0.0,2.63,2.67,2.67,2.52,2.44,2.13,2.06,2.65,2.62,2.64,2.67,2.55,2.43,2.12,2.04,2.68,0.0,4.8,False
2022-03-12 07:07:30.087,ETR700,e700_4801,ILCK_PROP_21M1,ILCK_PROP_21M1,Cod. 21 AT non presente,N,2022-03-12 07:08:38.8,69.0,Milano,MDS,MDS,45.4988,9.2178,0,2022-03-12 07:07:25.27,0.0,0.0,0.0,0.0,0.0,0.0,0.0,0.0,0.0,0.0,22.6,23.0,23.1,23.1,0.0,2400.0,2.0,0.0,2.0,45.4988,9.2177,0.0,0.0,2.63,2.67,2.68,2.52,2.44,2.12,2.05,2.65,2.62,2.65,2.69,2.55,2.43,2.13,2.04,2.69,0.0,4.89,False
2022-03-12 07:07:30.087,ETR700,e700_4801,150006,_Running_,Stato RUNNING attivo,N,2022-03-12 07:08:39.405,70.0,Milano,VEHICLE,VEHICLE,45.4988,9.2178,0,2022-03-12 07:07:25.27,0.0,0.0,0.0,0.0,0.0,0.0,0.0,0.0,0.0,0.0,22.6,23.0,23.1,23.1,0.0,2400.0,2.0,0.0,2.0,45.4988,9.2177,0.0,0.0,2.63,2.67,2.68,2.52,2.44,2.12,2.05,2.65,2.62,2.65,2.69,2.55,2.43,2.13,2.04,2.69,0.0,4.89,False
2022-03-12 07:07:21.996,ETR700,e700_4801,018202,CCU_FltWtbComm,Mancata comunicazione WTB in CCU M8,N,2022-03-12 07:07:25.27,4.0,Milano,VEHICLE,VEHICLE,45.4988,9.2177,0,2022-03-12 07:07:16.998,1.0,0.0,0.0,0.0,0.0,1.0,0.0,8.0,0.0,0.0,22.5,23.0,23.0,23.1,3530.0,2400.0,2.0,0.0,1.0,45.4988,9.2177,250.0,0.0,2.63,2.67,2.67,2.52,2.43,2.12,2.05,2.65,2.62,2.65,2.69,2.55,2.43,2.12,2.04,2.69,0.0,4.91,False
2022-03-12 07:07:21.996,ETR700,e700_4801,018201,CCU_FltWtbR2,Mancata ricezione R2 in CCU M8,N,2022-03-12 07:07:25.27,4.0,Milano,VEHICLE,VEHICLE,45.4988,9.2177,0,2022-03-12 07:07:16.998,1.0,0.0,0.0,0.0,0.0,1.0,0.0,8.0,0.0,0.0,22.5,23.0,23.0,23.1,3530.0,2400.0,2.0,0.0,1.0,45.4988,9.2177,250.0,0.0,2.63,2.67,2.67,2.52,2.43,2.12,2.05,2.65,2.62,2.65,2.69,2.55,2.43,2.12,2.04,2.69,0.0,4.91,False
2022-03-12 07:07:16.802,ETR700,e700_4801,150013,_CmdPantoDw_,Comando abbassamento panto da banco,N,2022-03-12 07:07:21.082,5.0,Milano,VEHICLE,VEHICLE,45.4988,9.2177,1,2022-03-12 07:07:16.802,1.0,0.0,0.0,0.0,0.0,1.0,0.0,8.0,0.0,0.0,22.5,23.0,23.0,23.1,3526.0,2400.0,2.0,0.0,1.0,45.4988,9.2177,250.0,0.0,2.63,2.67,2.67,2.52,2.44,2.12,2.05,2.65,2.62,2.65,2.69,2.55,2.43,2.12,2.04,2.69,0.0,4.91,True
2022-03-12 07:06:57.199,ETR700,e700_4801,151014,_DCPantoSts_,Pantografo DC alto in T2,N,2022-03-12 07:07:25.27,29.0,Milano,VEHICLE,VEHICLE,45.4988,9.2177,0,2022-03-12 07:06:52.944,1.0,0.0,0.0,0.0,0.0,0.0,0.0,0.0,0.0,0.0,22.7,23.1,23.2,23.3,0.0,2400.0,2.0,0.0,1.0,45.4988,9.2177,250.0,0.0,2.63,2.67,2.68,2.52,2.43,2.13,2.05,2.66,2.62,2.65,2.69,2.55,2.44,2.12,2.04,2.69,0.0,4.94,False
2022-03-12 07:06:49.400,ETR700,e700_4801,150012,_CmdPantoUp_,Comando alzamento panto da banco,N,2022-03-12 07:06:52.944,4.0,Milano,VEHICLE,VEHICLE,45.4988,9.2177,0,2022-03-12 07:06:45.001,1.0,0.0,0.0,0.0,0.0,0.0,0.0,0.0,0.0,0.0,22.6,23.0,23.1,23.2,0.0,2400.0,2.0,0.0,1.0,45.4988,9.2177,250.0,0.0,2.63,2.67,2.67,2.52,2.43,2.13,2.05,2.66,2.62,2.65,2.69,2.56,2.44,2.12,2.04,2.69,0.0,4.95,False
2022-03-12 07:06:28.395,ETR700,e700_4801,150018,_CmdOpenIR_,Comando apertura IR/IP da banco,N,2022-03-12 07:06:32.601,5.0,Milano,VEHICLE,VEHICLE,45.4988,9.2177,0,2022-03-12 07:06:25.4,1.0,0.0,0.0,0.0,0.0,0.0,0.0,0.0,0.0,0.0,21.6,22.1,22.2,22.4,0.0,2400.0,2.0,0.0,1.0,45.4988,9.2177,250.0,0.0,2.63,2.67,2.68,2.52,2.43,2.13,2.05,2.66,2.62,2.65,2.69,2.56,2.44,2.13,2.04,2.69,0.0,5.01,False
2022-03-12 07:06:25.400,ETR700,e700_4801,ILCK_IR_T7_42,ILCK_IR_T7_42,Cod 42. Pantografo DC non alto,N,2022-03-12 07:06:57.199,32.0,Milano,AT,T2_1Q2_IR,45.4988,9.2177,1,2022-03-12 07:06:25.4,1.0,0.0,0.0,0.0,0.0,0.0,0.0,0.0,0.0,0.0,21.6,22.1,22.2,22.4,0.0,2400.0,2.0,0.0,1.0,45.4988,9.2177,250.0,0.0,2.63,2.67,2.68,2.52,2.43,2.13,2.05,2.66,2.62,2.65,2.69,2.56,2.44,2.13,2.04,2.69,0.0,5.01,True
2022-03-12 07:06:25.400,ETR700,e700_4801,150011,_PantoLowSts_,Nessun pantografo alto,N,2022-03-12 07:06:57.199,32.0,Milano,VEHICLE,VEHICLE,45.4988,9.2177,1,2022-03-12 07:06:25.4,1.0,0.0,0.0,0.0,0.0,0.0,0.0,0.0,0.0,0.0,21.6,22.1,22.2,22.4,0.0,2400.0,2.0,0.0,1.0,45.4988,9.2177,250.0,0.0,2.63,2.67,2.68,2.52,2.43,2.13,2.05,2.66,2.62,2.65,2.69,2.56,2.44,2.13,2.04,2.69,0.0,5.01,False
2022-03-12 07:06:17.404,ETR700,e700_4801,150013,_CmdPantoDw_,Comando abbassamento panto da banco,N,2022-03-12 07:06:19.804,3.0,Milano,VEHICLE,VEHICLE,45.4988,9.2177,0,2022-03-12 07:06:17.0,1.0,0.0,0.0,0.0,0.0,1.0,0.0,8.0,0.0,0.0,21.6,22.2,22.3,22.4,3536.0,2400.0,2.0,0.0,1.0,45.4988,9.2177,250.0,0.0,2.63,2.67,2.68,2.52,2.43,2.13,2.05,2.66,2.62,2.65,2.69,2.55,2.44,2.13,2.04,2.69,0.0,5.04,True
2022-03-12 07:06:01.400,ETR700,e700_4801,151014,_DCPantoSts_,Pantografo DC alto in T2,N,2022-03-12 07:06:25.4,24.0,Milano,VEHICLE,VEHICLE,45.4988,9.2177,1,2022-03-12 07:06:01.4,1.0,0.0,0.0,0.0,0.0,1.0,0.0,0.0,0.0,0.0,21.6,22.2,22.3,22.4,0.0,2400.0,2.0,0.0,1.0,45.4988,9.2177,250.0,0.0,2.63,2.67,2.68,2.52,2.43,2.12,2.05,2.66,2.62,2.65,2.69,2.56,2.44,2.12,2.04,2.69,0.0,5.09,False
2022-03-12 07:05:54.201,ETR700,e700_4801,150012,_CmdPantoUp_,Comando alzamento panto da banco,N,2022-03-12 07:05:58.8,5.0,Milano,VEHICLE,VEHICLE,45.4988,9.2177,1,2022-03-12 07:05:54.201,1.0,0.0,0.0,0.0,0.0,0.0,0.0,0.0,0.0,0.0,21.7,22.2,22.3,22.4,0.0,2400.0,2.0,0.0,1.0,45.4988,9.2177,250.0,0.0,2.63,2.67,2.68,2.52,2.43,2.13,2.05,2.66,2.62,2.65,2.69,2.56,2.44,2.12,2.04,2.69,0.0,5.12,False
2022-03-12 07:05:36.600,ETR700,e700_4801,ILCK_IR_T7_42,ILCK_IR_T7_42,Cod 42. Pantografo DC non alto,N,2022-03-12 07:06:01.4,25.0,Milano,AT,T2_1Q2_IR,45.4988,9.2177,0,2022-03-12 07:05:31.757,1.0,0.0,0.0,0.0,0.0,0.0,1.0,8.0,0.0,0.0,22.0,22.5,22.6,22.7,94.0,2400.0,2.0,0.0,1.0,45.4988,9.2177,250.0,0.0,2.63,2.67,2.68,2.52,2.43,2.13,2.05,2.67,2.62,2.65,2.69,2.56,2.45,2.13,2.04,2.69,0.0,5.2,True
2022-03-12 07:05:36.600,ETR700,e700_4801,150011,_PantoLowSts_,Nessun pantografo alto,N,2022-03-12 07:06:01.4,25.0,Milano,VEHICLE,VEHICLE,45.4988,9.2177,0,2022-03-12 07:05:31.757,1.0,0.0,0.0,0.0,0.0,0.0,1.0,8.0,0.0,0.0,22.0,22.5,22.6,22.7,94.0,2400.0,2.0,0.0,1.0,45.4988,9.2177,250.0,0.0,2.63,2.67,2.68,2.52,2.43,2.13,2.05,2.67,2.62,2.65,2.69,2.56,2.45,2.13,2.04,2.69,0.0,5.2,False
2022-03-12 07:05:29.399,ETR700,e700_4801,ILCK_PROP_21M1,ILCK_PROP_21M1,Cod. 21 AT non presente,N,2022-03-12 07:07:22.203,113.0,Milano,MDS,MDS,45.4988,9.2177,0,2022-03-12 07:05:25.996,1.0,0.0,0.0,0.0,0.0,0.0,1.0,24.0,0.0,1.0,21.9,22.4,22.5,22.5,3515.0,2400.0,2.0,0.0,1.0,45.4988,9.2177,250.0,0.0,2.63,2.67,2.67,2.52,2.43,2.12,2.05,2.67,2.62,2.65,2.69,2.56,2.45,2.12,2.04,2.69,0.0,5.22,False
2022-03-12 07:05:13.201,ETR700,e700_4801,150017,_CmdCloseIR_,Comando chiusura IR/IP da banco,N,2022-03-12 07:05:15.8,3.0,Milano,VEHICLE,VEHICLE,45.4988,9.2177,0,2022-03-12 07:05:08.793,1.0,0.0,0.0,0.0,0.0,0.0,1.0,8.0,0.0,0.0,22.1,22.6,22.6,22.6,3533.0,2400.0,2.0,0.0,1.0,45.4988,9.2177,250.0,0.0,2.63,2.67,2.68,2.52,2.43,2.12,2.05,2.67,2.62,2.65,2.69,2.56,2.45,2.12,2.04,2.69,0.0,5.29,False
2022-03-12 07:04:59.798,ETR700,e700_4801,158014,_DCPantoSts_,Pantografo DC alto in T7,N,2022-03-12 07:05:36.6,37.0,Milano,VEHICLE,VEHICLE,45.4988,9.2177,0,2022-03-12 07:04:57.799,1.0,0.0,0.0,0.0,0.0,0.0,0.0,0.0,0.0,0.0,22.1,22.6,22.7,22.6,0.0,2400.0,2.0,0.0,1.0,45.4988,9.2177,250.0,0.0,2.63,2.67,2.68,2.52,2.44,2.12,2.05,2.67,2.62,2.65,2.69,2.56,2.45,2.13,2.04,2.69,0.0,5.33,False
2022-03-12 07:04:50.000,ETR700,e700_4801,150012,_CmdPantoUp_,Comando alzamento panto da banco,N,2022-03-12 07:04:51.798,2.0,Milano,VEHICLE,VEHICLE,45.4988,9.2177,1,2022-03-12 07:04:50.0,1.0,0.0,0.0,0.0,0.0,0.0,0.0,0.0,0.0,0.0,22.1,22.6,22.6,22.6,0.0,2400.0,2.0,0.0,1.0,45.4988,9.2177,250.0,0.0,2.63,2.67,2.68,2.52,2.44,2.13,2.05,2.67,2.62,2.65,2.69,2.55,2.45,2.12,2.04,2.69,0.0,5.36,False
2022-03-12 07:04:44.599,ETR700,e700_4801,ILCK_IR_T7_42,ILCK_IR_T7_42,Cod 42. Pantografo DC non alto,N,2022-03-12 07:04:59.798,16.0,Milano,AT,T2_1Q2_IR,45.4988,9.2177,0,2022-03-12 07:04:39.608,1.0,0.0,0.0,0.0,0.0,1.0,0.0,0.0,0.0,0.0,22.2,22.6,22.7,22.7,0.0,2400.0,2.0,0.0,1.0,45.4988,9.2177,250.0,0.0,2.63,2.67,2.69,2.52,2.44,2.12,2.05,2.67,2.62,2.64,2.69,2.56,2.45,2.12,2.04,2.69,0.0,5.41,True
2022-03-12 07:04:44.599,ETR700,e700_4801,150011,_PantoLowSts_,Nessun pantografo alto,N,2022-03-12 07:04:59.798,16.0,Milano,VEHICLE,VEHICLE,45.4988,9.2177,0,2022-03-12 07:04:39.608,1.0,0.0,0.0,0.0,0.0,1.0,0.0,0.0,0.0,0.0,22.2,22.6,22.7,22.7,0.0,2400.0,2.0,0.0,1.0,45.4988,9.2177,250.0,0.0,2.63,2.67,2.69,2.52,2.44,2.12,2.05,2.67,2.62,2.64,2.69,2.56,2.45,2.12,2.04,2.69,0.0,5.41,False
2022-03-12 07:04:35.602,ETR700,e700_4801,150013,_CmdPantoDw_,Comando abbassamento panto da banco,N,2022-03-12 07:04:39.8,5.0,Milano,VEHICLE,VEHICLE,45.4988,9.2177,0,2022-03-12 07:04:33.8,1.0,0.0,0.0,0.0,0.0,1.0,2.0,3.0,0.0,0.0,22.2,22.7,22.8,22.8,3512.0,2400.0,2.0,0.0,1.0,45.4988,9.2177,250.0,0.0,2.63,2.67,2.69,2.52,2.45,2.13,2.05,2.67,2.62,2.65,2.69,2.56,2.45,2.12,2.04,2.69,0.0,5.44,True
2022-03-12 07:04:33.800,ETR700,e700_4801,150018,_CmdOpenIR_,Comando apertura IR/IP da banco,N,2022-03-12 07:04:34.801,2.0,Milano,VEHICLE,VEHICLE,45.4988,9.2177,1,2022-03-12 07:04:33.8,1.0,0.0,0.0,0.0,0.0,1.0,2.0,3.0,0.0,0.0,22.2,22.7,22.8,22.8,3512.0,2400.0,2.0,0.0,1.0,45.4988,9.2177,250.0,0.0,2.63,2.67,2.69,2.52,2.45,2.13,2.05,2.67,2.62,2.65,2.69,2.56,2.45,2.12,2.04,2.69,0.0,5.44,False
2022-03-12 07:04:14.196,ETR700,e700_4801,151014,_DCPantoSts_,Pantografo DC alto in T2,N,2022-03-12 07:04:44.599,31.0,Milano,VEHICLE,VEHICLE,45.4988,9.2177,1,2022-03-12 07:04:14.196,1.0,0.0,0.0,0.0,0.0,1.0,2.0,0.0,0.0,0.0,22.3,22.8,22.9,22.9,0.0,2400.0,2.0,0.0,1.0,45.4988,9.2177,250.0,0.0,2.63,2.67,2.69,2.52,2.45,2.12,2.05,2.67,2.62,2.65,2.69,2.56,2.45,2.12,2.04,2.69,0.0,5.56,False
2022-03-12 07:04:06.997,ETR700,e700_4801,ILCK_IR_T7_52,ILCK_IR_T7_52,Cod 52. Comando apertura DC per guasto Pantografo,N,2022-03-12 07:04:37.295,31.0,Milano,AT,T2_1Q2_IR,45.4988,9.2177,0,2022-03-12 07:04:03.997,1.0,0.0,0.0,0.0,0.0,0.0,2.0,0.0,0.0,0.0,22.5,23.0,23.0,23.0,0.0,2400.0,2.0,0.0,1.0,45.4988,9.2177,250.0,0.0,2.63,2.67,2.69,2.52,2.46,2.13,2.05,2.67,2.62,2.65,2.69,2.56,2.46,2.12,2.04,2.7,0.0,5.64,True
2022-03-12 07:04:05.601,ETR700,e700_4801,150012,_CmdPantoUp_,Comando alzamento panto da banco,N,2022-03-12 07:04:09.6,4.0,Milano,VEHICLE,VEHICLE,45.4988,9.2177,0,2022-03-12 07:04:03.997,1.0,0.0,0.0,0.0,0.0,0.0,2.0,0.0,0.0,0.0,22.5,23.0,23.0,23.0,0.0,2400.0,2.0,0.0,1.0,45.4988,9.2177,250.0,0.0,2.63,2.67,2.69,2.52,2.46,2.13,2.05,2.67,2.62,2.65,2.69,2.56,2.46,2.12,2.04,2.7,0.0,5.64,False
2022-03-12 07:03:55.401,ETR700,e700_4801,150027,_CmdTCUFailReset_,Comando riconfigurazione e reset da banco,N,2022-03-12 07:03:58.402,4.0,Milano,VEHICLE,VEHICLE,45.4988,9.2177,0,2022-03-12 07:03:50.519,1.0,0.0,0.0,0.0,0.0,0.0,2.0,0.0,0.0,0.0,22.6,23.1,23.1,23.1,0.0,2400.0,2.0,0.0,1.0,45.4988,9.2177,250.0,0.0,2.63,2.67,2.69,2.52,2.46,2.13,2.05,2.68,2.62,2.65,2.69,2.56,2.46,2.12,2.04,2.69,0.0,5.78,True
2022-03-12 07:03:50.519,ETR700,e700_4801,150018,_CmdOpenIR_,Comando apertura IR/IP da banco,N,2022-03-12 07:03:58.597,9.0,Milano,VEHICLE,VEHICLE,45.4988,9.2177,0,2022-03-12 07:03:47.121,1.0,0.0,0.0,0.0,0.0,0.0,2.0,0.0,0.0,0.0,22.7,23.1,23.2,23.1,0.0,2400.0,2.0,0.0,1.0,45.4988,9.2177,250.0,0.0,2.63,2.67,2.69,2.52,2.46,2.13,2.05,2.68,2.62,2.65,2.69,2.56,2.46,2.13,2.04,2.7,0.0,5.82,False
2022-03-12 07:03:29.402,ETR700,e700_4801,ILCK_IR_T7_52,ILCK_IR_T7_52,Cod 52. Comando apertura DC per guasto Pantografo,N,2022-03-12 07:04:05.4,36.0,Milano,AT,T2_1Q2_IR,45.4988,9.2177,0,2022-03-12 07:03:27.998,1.0,0.0,0.0,0.0,0.0,0.0,1.0,158.0,0.0,1.0,27.8,27.6,27.6,27.2,3542.0,2400.0,2.0,0.0,1.0,45.4988,9.2177,250.0,0.0,2.63,2.67,2.69,2.53,2.47,2.13,2.05,2.68,2.62,2.65,2.69,2.56,2.46,2.12,2.04,2.69,0.0,5.93,True
2022-03-12 07:03:29.402,ETR700,e700_4801,ILCK_PROP_21M1,ILCK_PROP_21M1,Cod. 21 AT non presente,N,2022-03-12 07:05:15.001,106.0,Milano,MDS,MDS,45.4988,9.2177,0,2022-03-12 07:03:27.998,1.0,0.0,0.0,0.0,0.0,0.0,1.0,158.0,0.0,1.0,27.8,27.6,27.6,27.2,3542.0,2400.0,2.0,0.0,1.0,45.4988,9.2177,250.0,0.0,2.63,2.67,2.69,2.53,2.47,2.13,2.05,2.68,2.62,2.65,2.69,2.56,2.46,2.12,2.04,2.69,0.0,5.93,False
2022-03-12 07:03:29.402,ETR700,e700_4801,150016,_IRIP_OpenSts_,Nessun IR o IP chiuso,N,2022-03-12 07:05:15.001,106.0,Milano,VEHICLE,VEHICLE,45.4988,9.2177,0,2022-03-12 07:03:27.998,1.0,0.0,0.0,0.0,0.0,0.0,1.0,158.0,0.0,1.0,27.8,27.6,27.6,27.2,3542.0,2400.0,2.0,0.0,1.0,45.4988,9.2177,250.0,0.0,2.63,2.67,2.69,2.53,2.47,2.13,2.05,2.68,2.62,2.65,2.69,2.56,2.46,2.12,2.04,2.69,0.0,5.93,False
2022-03-12 07:01:53.399,ETR700,e700_4801,088172,_CabDamperY5S2ntcl_,Mancata chiusura damper Y5_S,N,2022-03-12 07:02:24.4,32.0,Milano,HVAC,HVAC_CAB_M8,45.4988,9.2177,1,2022-03-12 07:01:53.399,1.0,0.0,0.0,0.0,0.0,0.0,1.0,52.0,0.0,1.0,27.3,27.2,27.2,26.8,3550.0,2400.0,2.0,0.0,1.0,45.4988,9.2177,250.0,0.0,2.63,2.67,2.69,1.73,0.92,2.13,0.87,2.52,2.62,2.65,2.69,1.74,0.91,2.13,0.87,2.54,0.0,1.35,True
2022-03-12 07:00:56.200,ETR700,e700_4801,150017,_CmdCloseIR_,Comando chiusura IR/IP da banco,N,2022-03-12 07:01:00.8,5.0,Milano,VEHICLE,VEHICLE,45.4988,9.2177,1,2022-03-12 07:00:56.2,1.0,0.0,0.0,0.0,0.0,0.0,1.0,8.0,0.0,0.0,22.6,23.0,23.1,23.1,3527.0,2400.0,2.0,0.0,1.0,45.4988,9.2177,250.0,0.0,2.63,2.67,2.69,1.74,0.72,2.13,0.0,2.52,2.62,2.65,2.7,1.74,0.71,2.12,0.0,2.54,0.0,0.01,False
2022-03-12 07:00:38.200,ETR700,e700_4801,158014,_DCPantoSts_,Pantografo DC alto in T7,N,2022-03-12 07:03:29.0,171.0,Milano,VEHICLE,VEHICLE,45.4988,9.2177,1,2022-03-12 07:00:38.2,1.0,0.0,0.0,0.0,0.0,0.0,1.0,0.0,0.0,0.0,22.9,23.2,23.3,23.3,0.0,2400.0,2.0,0.0,1.0,45.4988,9.2177,250.0,0.0,2.63,2.67,2.7,1.74,0.73,2.13,0.0,2.52,2.62,2.65,2.69,1.74,0.7,2.12,0.0,2.54,0.0,0.01,False
2022-03-12 07:00:38.200,ETR700,e700_4801,ILCK_PROP_21M1,ILCK_PROP_21M1,Cod. 21 AT non presente,N,2022-03-12 07:00:58.401,21.0,Milano,MDS,MDS,45.4988,9.2177,1,2022-03-12 07:00:38.2,1.0,0.0,0.0,0.0,0.0,0.0,1.0,0.0,0.0,0.0,22.9,23.2,23.3,23.3,0.0,2400.0,2.0,0.0,1.0,45.4988,9.2177,250.0,0.0,2.63,2.67,2.7,1.74,0.73,2.13,0.0,2.52,2.62,2.65,2.69,1.74,0.7,2.12,0.0,2.54,0.0,0.01,False
2022-03-12 07:00:38.200,ETR700,e700_4801,150016,_IRIP_OpenSts_,Nessun IR o IP chiuso,N,2022-03-12 07:00:58.201,21.0,Milano,VEHICLE,VEHICLE,45.4988,9.2177,1,2022-03-12 07:00:38.2,1.0,0.0,0.0,0.0,0.0,0.0,1.0,0.0,0.0,0.0,22.9,23.2,23.3,23.3,0.0,2400.0,2.0,0.0,1.0,45.4988,9.2177,250.0,0.0,2.63,2.67,2.7,1.74,0.73,2.13,0.0,2.52,2.62,2.65,2.69,1.74,0.7,2.12,0.0,2.54,0.0,0.01,False
2022-03-12 07:00:38.200,ETR700,e700_4801,150006,_Running_,Stato RUNNING attivo,N,2022-03-12 07:07:22.401,405.0,Milano,VEHICLE,VEHICLE,45.4988,9.2177,1,2022-03-12 07:00:38.2,1.0,0.0,0.0,0.0,0.0,0.0,1.0,0.0,0.0,0.0,22.9,23.2,23.3,23.3,0.0,2400.0,2.0,0.0,1.0,45.4988,9.2177,250.0,0.0,2.63,2.67,2.7,1.74,0.73,2.13,0.0,2.52,2.62,2.65,2.69,1.74,0.7,2.12,0.0,2.54,0.0,0.01,False
2022-03-12 00:09:31.798,ETR700,e700_4801,011202,CCU_FltWtbComm,Mancata comunicazione WTB in CCU M1,N,2022-03-12 00:09:33.731,2.0,Milano,VEHICLE,VEHICLE,45.4987,9.2177,0,2022-03-12 00:09:27.255,0.0,1.0,0.0,0.0,0.0,0.0,1.0,4.0,0.0,0.0,24.0,24.3,24.4,24.4,0.0,2400.0,2.0,0.0,1.0,45.4987,9.2177,250.0,0.0,2.66,2.63,2.66,2.49,2.4,2.11,2.04,2.64,2.64,2.61,2.66,2.5,2.35,2.1,2.05,2.65,0.0,9.07,False
2022-03-12 00:09:31.798,ETR700,e700_4801,011201,CCU_FltWtbR2,Mancata ricezione R2 in CCU M1,N,2022-03-12 00:09:33.731,2.0,Milano,VEHICLE,VEHICLE,45.4987,9.2177,0,2022-03-12 00:09:27.255,0.0,1.0,0.0,0.0,0.0,0.0,1.0,4.0,0.0,0.0,24.0,24.3,24.4,24.4,0.0,2400.0,2.0,0.0,1.0,45.4987,9.2177,250.0,0.0,2.66,2.63,2.66,2.49,2.4,2.11,2.04,2.64,2.64,2.61,2.66,2.5,2.35,2.1,2.05,2.65,0.0,9.07,False
2022-03-12 00:09:20.734,ETR700,e700_4801,ILCK_PROP_21M8,ILCK_PROP_21M8,Cod. 21 AT non presente,N,2022-03-12 00:09:30.935,11.0,Milano,MDS,MDS,45.4987,9.2177,0,2022-03-12 00:09:19.234,0.0,1.0,0.0,0.0,0.0,0.0,1.0,68.0,0.0,1.0,28.8,28.8,28.9,28.3,3638.0,2400.0,2.0,0.0,1.0,45.4987,9.2177,250.0,0.0,2.66,2.63,2.66,2.49,2.39,2.11,2.04,2.64,2.64,2.61,2.66,2.49,2.35,2.1,2.05,2.65,0.0,9.09,False
2022-03-12 00:09:19.234,ETR700,e700_4801,150018,_CmdOpenIR_,Comando apertura IR/IP da banco,N,2022-03-12 00:09:21.531,3.0,Milano,VEHICLE,VEHICLE,45.4987,9.2177,1,2022-03-12 00:09:19.234,0.0,1.0,0.0,0.0,0.0,0.0,1.0,68.0,0.0,1.0,28.8,28.8,28.9,28.3,3638.0,2400.0,2.0,0.0,1.0,45.4987,9.2177,250.0,0.0,2.66,2.63,2.66,2.49,2.39,2.11,2.04,2.64,2.64,2.61,2.66,2.49,2.35,2.1,2.05,2.65,0.0,9.09,False
2022-03-12 00:09:03.533,ETR700,e700_4801,ILCK_PROP_11M8,ILCK_PROP_11M8,Cod. 11 Rilascio Porte Destre Attivo,N,2022-03-12 00:09:06.534,4.0,Milano,MDS,MDS,45.4987,9.2177,0,2022-03-12 00:09:01.131,0.0,1.0,0.0,0.0,0.0,0.0,1.0,28.0,0.0,1.0,23.8,24.2,24.2,24.2,3623.0,2400.0,2.0,0.0,1.0,45.4987,9.2177,250.0,0.0,2.66,2.63,2.66,2.49,2.39,2.11,2.04,2.64,2.64,2.61,2.66,2.5,2.35,2.1,2.05,2.65,0.0,9.27,False
2022-03-12 00:08:48.730,ETR700,e700_4801,150017,_CmdCloseIR_,Comando chiusura IR/IP da banco,N,2022-03-12 00:08:49.93,2.0,Milano,VEHICLE,VEHICLE,45.4987,9.2177,1,2022-03-12 00:08:48.73,0.0,1.0,0.0,0.0,0.0,0.0,1.0,8.0,0.0,0.0,23.9,24.2,24.4,24.4,3647.0,2400.0,2.0,0.0,1.0,45.4987,9.2177,250.0,0.0,2.66,2.63,2.66,2.49,2.39,2.11,2.04,2.64,2.64,2.61,2.66,2.5,2.35,2.1,2.05,2.65,0.0,9.3,False
2022-03-12 00:08:30.532,ETR700,e700_4801,ILCK_PROP_21M8,ILCK_PROP_21M8,Cod. 21 AT non presente,N,2022-03-12 00:08:50.327,20.0,Milano,MDS,MDS,45.4987,9.2177,0,2022-03-12 00:08:26.531,0.0,1.0,0.0,0.0,0.0,0.0,1.0,106.0,0.0,1.0,29.3,29.4,29.5,29.3,3586.0,2400.0,2.0,0.0,1.0,45.4987,9.2177,250.0,0.0,2.66,2.62,2.66,2.49,2.4,2.11,2.04,2.64,2.64,2.61,2.66,2.5,2.35,2.1,2.05,2.65,0.0,9.38,False
2022-03-12 00:08:30.333,ETR700,e700_4801,150016,_IRIP_OpenSts_,Nessun IR o IP chiuso,N,2022-03-12 00:08:50.133,20.0,Milano,VEHICLE,VEHICLE,45.4987,9.2177,0,2022-03-12 00:08:26.531,0.0,1.0,0.0,0.0,0.0,0.0,1.0,106.0,0.0,1.0,29.3,29.4,29.5,29.3,3586.0,2400.0,2.0,0.0,1.0,45.4987,9.2177,250.0,0.0,2.66,2.62,2.66,2.49,2.4,2.11,2.04,2.64,2.64,2.61,2.66,2.5,2.35,2.1,2.05,2.65,0.0,9.38,False
2022-03-12 00:08:28.733,ETR700,e700_4801,150018,_CmdOpenIR_,Comando apertura IR/IP da banco,N,2022-03-12 00:08:30.733,2.0,Milano,VEHICLE,VEHICLE,45.4987,9.2177,0,2022-03-12 00:08:26.531,0.0,1.0,0.0,0.0,0.0,0.0,1.0,106.0,0.0,1.0,29.3,29.4,29.5,29.3,3586.0,2400.0,2.0,0.0,1.0,45.4987,9.2177,250.0,0.0,2.66,2.62,2.66,2.49,2.4,2.11,2.04,2.64,2.64,2.61,2.66,2.5,2.35,2.1,2.05,2.65,0.0,9.38,False
2022-03-11 23:50:29.531,ETR700,e700_4801,ILCK_PROP_11M8,ILCK_PROP_11M8,Cod. 11 Rilascio Porte Destre Attivo,N,2022-03-12 00:08:13.819,1065.0,Milano,MDS,MDS,45.4987,9.2177,1,2022-03-11 23:50:29.531,0.0,1.0,0.0,0.0,0.0,0.0,1.0,48.0,0.0,1.0,28.0,27.7,27.7,27.3,3598.0,2400.0,2.0,0.0,1.0,45.4987,9.2177,250.0,0.0,2.65,2.65,2.68,2.5,2.41,2.12,1.99,2.63,2.65,2.62,2.68,2.5,2.4,2.12,1.99,2.64,0.0,2.64,False
2022-03-11 23:50:19.588,ETR700,e700_4801,088172,_CabDamperY5S2ntcl_,Mancata chiusura damper Y5_S,N,2022-03-11 23:50:33.535,14.0,Milano,HVAC,HVAC_CAB_M8,45.4987,9.2177,1,2022-03-11 23:50:19.588,0.0,1.0,0.0,0.0,0.0,0.0,1.0,56.0,0.0,1.0,27.9,27.6,27.6,27.3,3610.0,2400.0,2.0,0.0,1.0,45.4987,9.2177,250.0,0.0,2.65,2.65,2.68,2.5,2.41,2.12,1.76,2.63,2.65,2.62,2.68,2.5,2.4,2.12,1.77,2.64,0.0,1.9,True
2022-03-11 23:49:57.934,ETR700,e700_4801,ILCK_PROP_11M8,ILCK_PROP_11M8,Cod. 11 Rilascio Porte Destre Attivo,N,2022-03-11 23:50:20.529,23.0,Milano,MDS,MDS,45.4987,9.2177,0,2022-03-11 23:49:55.733,0.0,1.0,0.0,0.0,0.0,0.0,1.0,32.0,0.0,1.0,27.5,27.3,27.3,27.0,3610.0,2400.0,2.0,0.0,1.0,45.4987,9.2177,250.0,0.0,2.65,2.65,2.68,2.5,2.41,2.12,1.32,2.63,2.65,2.62,2.68,2.51,2.4,2.12,1.32,2.64,0.0,0.7,False
2022-03-11 23:49:23.934,ETR700,e700_4801,EVT_IR_T2_52,EVT_IR_T2_52,Cod 52. Comando apertura DC per guasto Pantografo,N,2022-03-11 23:49:25.733,2.0,Milano,AT,T2_1Q2_IR,45.4987,9.2177,0,2022-03-11 23:49:19.733,0.0,1.0,0.0,0.0,0.0,2.0,1.0,6.0,0.0,0.0,22.9,23.3,23.3,23.2,3337.0,2400.0,2.0,0.0,1.0,45.4987,9.2177,250.0,0.0,2.65,2.65,2.68,2.5,2.41,2.12,1.32,2.63,2.65,2.62,2.68,2.51,2.4,2.12,1.32,2.64,0.0,0.75,True
2022-03-11 23:49:23.533,ETR700,e700_4801,150017,_CmdCloseIR_,Comando chiusura IR/IP da banco,N,2022-03-11 23:49:25.333,2.0,Milano,VEHICLE,VEHICLE,45.4987,9.2177,0,2022-03-11 23:49:19.733,0.0,1.0,0.0,0.0,0.0,2.0,1.0,6.0,0.0,0.0,22.9,23.3,23.3,23.2,3337.0,2400.0,2.0,0.0,1.0,45.4987,9.2177,250.0,0.0,2.65,2.65,2.68,2.5,2.41,2.12,1.32,2.63,2.65,2.62,2.68,2.51,2.4,2.12,1.32,2.64,0.0,0.75,False
2022-03-11 23:49:12.130,ETR700,e700_4801,158014,_DCPantoSts_,Pantografo DC alto in T7,N,2022-03-12 00:09:30.731,1219.0,Milano,VEHICLE,VEHICLE,45.4987,9.2177,1,2022-03-11 23:49:12.13,0.0,1.0,0.0,0.0,0.0,2.0,1.0,0.0,0.0,0.0,23.1,23.5,23.6,23.5,0.0,2400.0,2.0,0.0,1.0,45.4987,9.2177,250.0,0.0,2.65,2.65,2.68,2.5,2.41,2.12,1.32,2.63,2.65,2.62,2.68,2.51,2.4,2.12,1.32,2.64,0.0,0.77,False
2022-03-11 23:49:03.330,ETR700,e700_4801,150012,_CmdPantoUp_,Comando alzamento panto da banco,N,2022-03-11 23:49:07.935,5.0,Milano,VEHICLE,VEHICLE,45.4987,9.2177,1,2022-03-11 23:49:03.33,0.0,1.0,0.0,0.0,0.0,2.0,0.0,0.0,0.0,0.0,23.2,23.7,23.7,23.6,0.0,2400.0,2.0,0.0,1.0,45.4987,9.2177,250.0,0.0,2.65,2.65,2.69,2.5,2.41,2.12,1.32,2.63,2.65,2.62,2.68,2.51,2.4,2.12,1.32,2.64,0.0,0.8,False
2022-03-11 23:48:58.132,ETR700,e700_4801,ILCK_IR_T2_52,ILCK_IR_T2_52,Cod 52. Comando apertura DC per guasto Pantografo,N,2022-03-11 23:49:28.133,31.0,Milano,AT,T2_1Q2_IR,45.4987,9.2177,0,2022-03-11 23:48:54.924,0.0,1.0,0.0,0.0,0.0,2.0,0.0,0.0,0.0,0.0,23.4,23.8,23.9,23.8,0.0,2400.0,2.0,0.0,1.0,45.4987,9.2177,250.0,0.0,2.65,2.65,2.68,2.5,2.41,2.12,1.32,2.63,2.65,2.62,2.69,2.51,2.4,2.12,1.32,2.64,0.0,0.83,True
2022-03-11 23:48:40.130,ETR700,e700_4801,150025,_9S13_,Pressione CP sotto 7.5 bar in M1 (press. 9S13),N,2022-03-11 23:52:53.93,254.0,Milano,VEHICLE,VEHICLE,45.4987,9.2177,1,2022-03-11 23:48:40.13,0.0,1.0,0.0,0.0,0.0,2.0,0.0,0.0,0.0,0.0,23.5,23.9,23.9,23.9,0.0,2400.0,2.0,0.0,1.0,45.4987,9.2177,250.0,0.0,2.65,2.65,2.69,2.5,2.41,2.12,1.32,2.63,2.65,2.62,2.67,2.51,2.4,2.12,1.32,2.65,0.0,0.92,True
2022-03-11 23:48:40.130,ETR700,e700_4801,150012,_CmdPantoUp_,Comando alzamento panto da banco,N,2022-03-11 23:48:40.73,1.0,Milano,VEHICLE,VEHICLE,45.4987,9.2177,1,2022-03-11 23:48:40.13,0.0,1.0,0.0,0.0,0.0,2.0,0.0,0.0,0.0,0.0,23.5,23.9,23.9,23.9,0.0,2400.0,2.0,0.0,1.0,45.4987,9.2177,250.0,0.0,2.65,2.65,2.69,2.5,2.41,2.12,1.32,2.63,2.65,2.62,2.67,2.51,2.4,2.12,1.32,2.65,0.0,0.92,False
2022-03-11 23:48:40.130,ETR700,e700_4801,ILCK_IR_T2_42,ILCK_IR_T2_42,Cod 42. Pantografo DC non alto,N,2022-03-11 23:48:47.526,8.0,Milano,AT,T2_1Q2_IR,45.4987,9.2177,1,2022-03-11 23:48:40.13,0.0,1.0,0.0,0.0,0.0,2.0,0.0,0.0,0.0,0.0,23.5,23.9,23.9,23.9,0.0,2400.0,2.0,0.0,1.0,45.4987,9.2177,250.0,0.0,2.65,2.65,2.69,2.5,2.41,2.12,1.32,2.63,2.65,2.62,2.67,2.51,2.4,2.12,1.32,2.65,0.0,0.92,True
2022-03-11 23:48:40.130,ETR700,e700_4801,ILCK_IR_T2_52,ILCK_IR_T2_52,Cod 52. Comando apertura DC per guasto Pantografo,N,2022-03-11 23:48:56.332,17.0,Milano,AT,T2_1Q2_IR,45.4987,9.2177,1,2022-03-11 23:48:40.13,0.0,1.0,0.0,0.0,0.0,2.0,0.0,0.0,0.0,0.0,23.5,23.9,23.9,23.9,0.0,2400.0,2.0,0.0,1.0,45.4987,9.2177,250.0,0.0,2.65,2.65,2.69,2.5,2.41,2.12,1.32,2.63,2.65,2.62,2.67,2.51,2.4,2.12,1.32,2.65,0.0,0.92,True
2022-03-11 23:48:40.130,ETR700,e700_4801,ILCK_PROP_21M8,ILCK_PROP_21M8,Cod. 21 AT non presente,N,2022-03-11 23:49:25.733,46.0,Milano,MDS,MDS,45.4987,9.2177,1,2022-03-11 23:48:40.13,0.0,1.0,0.0,0.0,0.0,2.0,0.0,0.0,0.0,0.0,23.5,23.9,23.9,23.9,0.0,2400.0,2.0,0.0,1.0,45.4987,9.2177,250.0,0.0,2.65,2.65,2.69,2.5,2.41,2.12,1.32,2.63,2.65,2.62,2.67,2.51,2.4,2.12,1.32,2.65,0.0,0.92,False
2022-03-11 23:48:40.130,ETR700,e700_4801,150016,_IRIP_OpenSts_,Nessun IR o IP chiuso,N,2022-03-11 23:49:25.333,46.0,Milano,VEHICLE,VEHICLE,45.4987,9.2177,1,2022-03-11 23:48:40.13,0.0,1.0,0.0,0.0,0.0,2.0,0.0,0.0,0.0,0.0,23.5,23.9,23.9,23.9,0.0,2400.0,2.0,0.0,1.0,45.4987,9.2177,250.0,0.0,2.65,2.65,2.69,2.5,2.41,2.12,1.32,2.63,2.65,2.62,2.67,2.51,2.4,2.12,1.32,2.65,0.0,0.92,False
2022-03-11 23:48:40.130,ETR700,e700_4801,150011,_PantoLowSts_,Nessun pantografo alto,N,2022-03-11 23:48:47.526,8.0,Milano,VEHICLE,VEHICLE,45.4987,9.2177,1,2022-03-11 23:48:40.13,0.0,1.0,0.0,0.0,0.0,2.0,0.0,0.0,0.0,0.0,23.5,23.9,23.9,23.9,0.0,2400.0,2.0,0.0,1.0,45.4987,9.2177,250.0,0.0,2.65,2.65,2.69,2.5,2.41,2.12,1.32,2.63,2.65,2.62,2.67,2.51,2.4,2.12,1.32,2.65,0.0,0.92,False
2022-03-11 23:48:40.130,ETR700,e700_4801,150006,_Running_,Stato RUNNING attivo,N,2022-03-12 00:09:30.935,1251.0,Milano,VEHICLE,VEHICLE,45.4987,9.2177,1,2022-03-11 23:48:40.13,0.0,1.0,0.0,0.0,0.0,2.0,0.0,0.0,0.0,0.0,23.5,23.9,23.9,23.9,0.0,2400.0,2.0,0.0,1.0,45.4987,9.2177,250.0,0.0,2.65,2.65,2.69,2.5,2.41,2.12,1.32,2.63,2.65,2.62,2.67,2.51,2.4,2.12,1.32,2.65,0.0,0.92,False
2022-03-11 21:46:25.617,ETR700,e700_4801,018202,CCU_FltWtbComm,Mancata comunicazione WTB in CCU M8,N,2022-03-11 21:46:27.415,2.0,Milano,VEHICLE,VEHICLE,45.4987,9.2177,0,2022-03-11 21:46:20.815,1.0,0.0,0.0,0.0,0.0,0.0,0.0,8.0,0.0,0.0,22.7,23.2,23.3,23.4,0.0,2200.0,2.0,0.0,1.0,45.4987,9.2177,250.0,0.0,2.66,2.65,2.69,2.49,2.41,2.12,2.19,2.65,2.63,2.65,2.69,2.52,2.4,2.12,2.18,2.66,0.31,9.09,False
2022-03-11 21:46:25.617,ETR700,e700_4801,018201,CCU_FltWtbR2,Mancata ricezione R2 in CCU M8,N,2022-03-11 21:46:27.415,2.0,Milano,VEHICLE,VEHICLE,45.4987,9.2177,0,2022-03-11 21:46:20.815,1.0,0.0,0.0,0.0,0.0,0.0,0.0,8.0,0.0,0.0,22.7,23.2,23.3,23.4,0.0,2200.0,2.0,0.0,1.0,45.4987,9.2177,250.0,0.0,2.66,2.65,2.69,2.49,2.41,2.12,2.19,2.65,2.63,2.65,2.69,2.52,2.4,2.12,2.18,2.66,0.31,9.09,False
2022-03-11 21:46:18.620,ETR700,e700_4801,150006,_Running_,Stato RUNNING attivo,N,2022-03-11 21:46:25.819,8.0,Milano,VEHICLE,VEHICLE,45.4987,9.2177,0,2022-03-11 21:46:18.419,1.0,0.0,0.0,0.0,0.0,0.0,0.0,8.0,0.0,0.0,22.8,23.3,23.4,23.5,0.0,2200.0,2.0,0.0,2.0,45.4987,9.2177,250.0,0.0,2.65,2.66,2.69,2.49,2.41,2.12,2.19,2.65,2.63,2.65,2.69,2.52,2.42,2.12,2.18,2.66,0.32,9.1,False
2022-03-11 21:46:18.419,ETR700,e700_4801,018202,CCU_FltWtbComm,Mancata comunicazione WTB in CCU M8,N,2022-03-11 21:46:20.415,2.0,Milano,VEHICLE,VEHICLE,45.4987,9.2177,1,2022-03-11 21:46:18.419,1.0,0.0,0.0,0.0,0.0,0.0,0.0,8.0,0.0,0.0,22.8,23.3,23.4,23.5,0.0,2200.0,2.0,0.0,2.0,45.4987,9.2177,250.0,0.0,2.65,2.66,2.69,2.49,2.41,2.12,2.19,2.65,2.63,2.65,2.69,2.52,2.42,2.12,2.18,2.66,0.32,9.1,False
2022-03-11 21:46:18.419,ETR700,e700_4801,018200,CCU_FltWtbR1,Mancata ricezione R1 in CCU M8,N,2022-03-11 21:46:20.415,2.0,Milano,VEHICLE,VEHICLE,45.4987,9.2177,1,2022-03-11 21:46:18.419,1.0,0.0,0.0,0.0,0.0,0.0,0.0,8.0,0.0,0.0,22.8,23.3,23.4,23.5,0.0,2200.0,2.0,0.0,2.0,45.4987,9.2177,250.0,0.0,2.65,2.66,2.69,2.49,2.41,2.12,2.19,2.65,2.63,2.65,2.69,2.52,2.42,2.12,2.18,2.66,0.32,9.1,True
2022-03-11 21:46:18.419,ETR700,e700_4801,ILCK_PROP_21M1,ILCK_PROP_21M1,Cod. 21 AT non presente,N,2022-03-11 21:46:25.819,8.0,Milano,MDS,MDS,45.4987,9.2177,1,2022-03-11 21:46:18.419,1.0,0.0,0.0,0.0,0.0,0.0,0.0,8.0,0.0,0.0,22.8,23.3,23.4,23.5,0.0,2200.0,2.0,0.0,2.0,45.4987,9.2177,250.0,0.0,2.65,2.66,2.69,2.49,2.41,2.12,2.19,2.65,2.63,2.65,2.69,2.52,2.42,2.12,2.18,2.66,0.32,9.1,False
2022-03-11 21:45:18.216,ETR700,e700_4801,150013,_CmdPantoDw_,Comando abbassamento panto da banco,N,2022-03-11 21:45:20.016,2.0,Milano,VEHICLE,VEHICLE,45.4987,9.2177,0,2022-03-11 21:45:18.017,1.0,0.0,1.0,0.0,0.0,0.0,1.0,3.0,0.0,0.0,23.0,23.5,23.6,23.7,3521.0,2200.0,2.0,0.0,1.0,45.4987,9.2177,250.0,0.0,2.65,2.63,2.66,2.49,2.41,2.12,2.17,2.65,2.63,2.61,2.67,2.48,2.38,2.11,2.17,2.66,0.4,9.3,True
2022-03-11 21:45:09.619,ETR700,e700_4801,ILCK_PROP_21M1,ILCK_PROP_21M1,Cod. 21 AT non presente,N,2022-03-11 21:45:43.131,34.0,Milano,MDS,MDS,45.4987,9.2177,0,2022-03-11 21:45:07.419,1.0,0.0,1.0,0.0,0.0,0.0,1.0,69.0,0.0,1.0,29.0,29.2,29.3,29.2,3548.0,2200.0,2.0,0.0,1.0,45.4987,9.2177,250.0,0.0,2.65,2.63,2.66,2.49,2.41,2.12,2.17,2.64,2.63,2.61,2.68,2.48,2.38,2.11,2.17,2.66,0.4,9.34,False
2022-03-11 21:45:07.419,ETR700,e700_4801,150018,_CmdOpenIR_,Comando apertura IR/IP da banco,N,2022-03-11 21:45:08.62,2.0,Milano,VEHICLE,VEHICLE,45.4987,9.2177,1,2022-03-11 21:45:07.419,1.0,0.0,1.0,0.0,0.0,0.0,1.0,69.0,0.0,1.0,29.0,29.2,29.3,29.2,3548.0,2200.0,2.0,0.0,1.0,45.4987,9.2177,250.0,0.0,2.65,2.63,2.66,2.49,2.41,2.12,2.17,2.64,2.63,2.61,2.68,2.48,2.38,2.11,2.17,2.66,0.4,9.34,False
2022-03-11 21:34:32.614,ETR700,e700_4801,158024,_Rear_,Direzione indietro in M8,N,2022-03-11 21:45:36.811,665.0,Milano,VEHICLE,VEHICLE,45.4876,9.2063,0,2022-03-11 21:34:32.416,1.0,0.0,1.0,0.0,0.0,0.0,1.0,68.0,0.0,1.0,29.0,29.2,29.3,29.2,3468.0,2200.0,2.0,0.0,1.0,45.4876,9.2063,250.0,0.0,0.01,0.0,0.0,0.0,0.0,0.0,0.0,0.0,0.01,0.0,0.0,0.0,0.0,0.0,0.0,0.01,4.96,9.3,False
2022-03-11 21:34:32.416,ETR700,e700_4801,151023,_Front_,Direzione avanti in M1,N,2022-03-11 21:45:36.614,665.0,Milano,VEHICLE,VEHICLE,45.4876,9.2063,1,2022-03-11 21:34:32.416,1.0,0.0,1.0,0.0,0.0,0.0,1.0,68.0,0.0,1.0,29.0,29.2,29.3,29.2,3468.0,2200.0,2.0,0.0,1.0,45.4876,9.2063,250.0,0.0,0.01,0.0,0.0,0.0,0.0,0.0,0.0,0.0,0.01,0.0,0.0,0.0,0.0,0.0,0.0,0.01,4.96,9.3,False
2022-03-11 21:31:14.017,ETR700,e700_4801,150006,_Running_,Stato RUNNING attivo,N,2022-03-11 21:45:53.321,880.0,Milano,VEHICLE,VEHICLE,45.4877,9.2062,0,2022-03-11 21:31:10.215,0.0,0.0,0.0,0.0,0.0,1.0,1.0,77.0,1.0,0.0,29.1,29.2,29.3,29.2,3462.0,2200.0,2.0,0.0,2.0,45.4877,9.2062,0.0,0.0,2.65,2.66,2.8,2.76,2.41,2.29,2.32,2.8,2.64,2.64,2.78,2.77,2.4,2.27,2.32,2.8,0.0,9.17,False
2022-03-11 21:31:13.818,ETR700,e700_4801,018202,CCU_FltWtbComm,Mancata comunicazione WTB in CCU M8,N,2022-03-11 21:31:15.457,2.0,Milano,VEHICLE,VEHICLE,45.4877,9.2062,0,2022-03-11 21:31:10.215,0.0,0.0,0.0,0.0,0.0,1.0,1.0,77.0,1.0,0.0,29.1,29.2,29.3,29.2,3462.0,2200.0,2.0,0.0,2.0,45.4877,9.2062,0.0,0.0,2.65,2.66,2.8,2.76,2.41,2.29,2.32,2.8,2.64,2.64,2.78,2.77,2.4,2.27,2.32,2.8,0.0,9.17,False
2022-03-11 21:31:13.818,ETR700,e700_4801,018200,CCU_FltWtbR1,Mancata ricezione R1 in CCU M8,N,2022-03-11 21:31:15.457,2.0,Milano,VEHICLE,VEHICLE,45.4877,9.2062,0,2022-03-11 21:31:10.215,0.0,0.0,0.0,0.0,0.0,1.0,1.0,77.0,1.0,0.0,29.1,29.2,29.3,29.2,3462.0,2200.0,2.0,0.0,2.0,45.4877,9.2062,0.0,0.0,2.65,2.66,2.8,2.76,2.41,2.29,2.32,2.8,2.64,2.64,2.78,2.77,2.4,2.27,2.32,2.8,0.0,9.17,True
2022-03-11 21:31:13.818,ETR700,e700_4801,ILCK_PROP_10,ILCK_PROP_10,Cod. 10 Nessuna velocita' impostata,N,2022-03-11 21:31:14.216,1.0,Milano,VEHICLE,VEHICLE,45.4877,9.2062,0,2022-03-11 21:31:10.215,0.0,0.0,0.0,0.0,0.0,1.0,1.0,77.0,1.0,0.0,29.1,29.2,29.3,29.2,3462.0,2200.0,2.0,0.0,2.0,45.4877,9.2062,0.0,0.0,2.65,2.66,2.8,2.76,2.41,2.29,2.32,2.8,2.64,2.64,2.78,2.77,2.4,2.27,2.32,2.8,0.0,9.17,False
2022-03-11 21:31:10.215,ETR700,e700_4801,150007,_Standby_,Stato STANDBY attivo,N,2022-03-11 21:31:14.017,4.0,Milano,VEHICLE,VEHICLE,45.4877,9.2062,1,2022-03-11 21:31:10.215,0.0,0.0,0.0,0.0,0.0,1.0,1.0,77.0,1.0,0.0,29.1,29.2,29.3,29.2,3462.0,2200.0,2.0,0.0,2.0,45.4877,9.2062,0.0,0.0,2.65,2.66,2.8,2.76,2.41,2.29,2.32,2.8,2.64,2.64,2.78,2.77,2.4,2.27,2.32,2.8,0.0,9.17,False
2022-03-11 21:23:50.816,ETR700,e700_4801,150009,_Parking_,Stato PARKING attivo,N,2022-03-11 21:31:10.215,440.0,Milano,VEHICLE,VEHICLE,45.4879,9.2064,0,2022-03-11 21:23:47.615,0.0,0.0,0.0,0.0,0.0,1.0,1.0,52.0,1.0,0.0,29.1,29.2,29.3,29.2,3429.0,2200.0,2.0,0.0,2.0,45.4879,9.2063,0.0,0.0,2.64,2.65,2.8,2.76,2.41,2.28,2.32,2.82,2.62,2.63,2.79,2.77,2.4,2.27,2.32,2.82,0.0,9.33,False
2022-03-11 21:23:44.415,ETR700,e700_4801,158014,_DCPantoSts_,Pantografo DC alto in T7,N,2022-03-11 21:45:25.208,1301.0,Milano,VEHICLE,VEHICLE,45.4879,9.2063,0,2022-03-11 21:23:40.01,0.0,1.0,0.0,0.0,0.0,1.0,0.0,56.0,1.0,0.0,29.1,29.2,29.3,29.2,3465.0,2200.0,2.0,0.0,1.0,45.4879,9.2063,30.0,0.0,2.64,2.63,2.8,2.76,2.41,2.28,2.3,2.82,2.62,2.62,2.79,2.78,2.39,2.26,2.31,2.81,0.0,9.38,False
2022-03-11 21:23:40.619,ETR700,e700_4801,150007,_Standby_,Stato STANDBY attivo,N,2022-03-11 21:23:50.816,11.0,Milano,VEHICLE,VEHICLE,45.4879,9.2063,0,2022-03-11 21:23:40.01,0.0,1.0,0.0,0.0,0.0,1.0,0.0,56.0,1.0,0.0,29.1,29.2,29.3,29.2,3465.0,2200.0,2.0,0.0,1.0,45.4879,9.2063,30.0,0.0,2.64,2.63,2.8,2.76,2.41,2.28,2.3,2.82,2.62,2.62,2.79,2.78,2.39,2.26,2.31,2.81,0.0,9.38,False
2022-03-11 21:23:40.218,ETR700,e700_4801,ILCK_PROP_15,ILCK_PROP_15,Cod. 15 Nessun banco abilitato,N,2022-03-11 21:31:13.818,454.0,Milano,MDS,MDS,45.4879,9.2063,0,2022-03-11 21:23:40.01,0.0,1.0,0.0,0.0,0.0,1.0,0.0,56.0,1.0,0.0,29.1,29.2,29.3,29.2,3465.0,2200.0,2.0,0.0,1.0,45.4879,9.2063,30.0,0.0,2.64,2.63,2.8,2.76,2.41,2.28,2.3,2.82,2.62,2.62,2.79,2.78,2.39,2.26,2.31,2.81,0.0,9.38,False
2022-03-11 21:23:40.010,ETR700,e700_4801,011202,CCU_FltWtbComm,Mancata comunicazione WTB in CCU M1,N,2022-03-11 21:23:41.819,2.0,Milano,VEHICLE,VEHICLE,45.4879,9.2063,1,2022-03-11 21:23:40.01,0.0,1.0,0.0,0.0,0.0,1.0,0.0,56.0,1.0,0.0,29.1,29.2,29.3,29.2,3465.0,2200.0,2.0,0.0,1.0,45.4879,9.2063,30.0,0.0,2.64,2.63,2.8,2.76,2.41,2.28,2.3,2.82,2.62,2.62,2.79,2.78,2.39,2.26,2.31,2.81,0.0,9.38,False
2022-03-11 21:23:40.010,ETR700,e700_4801,011201,CCU_FltWtbR2,Mancata ricezione R2 in CCU M1,N,2022-03-11 21:23:41.819,2.0,Milano,VEHICLE,VEHICLE,45.4879,9.2063,1,2022-03-11 21:23:40.01,0.0,1.0,0.0,0.0,0.0,1.0,0.0,56.0,1.0,0.0,29.1,29.2,29.3,29.2,3465.0,2200.0,2.0,0.0,1.0,45.4879,9.2063,30.0,0.0,2.64,2.63,2.8,2.76,2.41,2.28,2.3,2.82,2.62,2.62,2.79,2.78,2.39,2.26,2.31,2.81,0.0,9.38,False
2022-03-11 21:22:03.021,ETR700,e700_4801,150025,_9S13_,Pressione CP sotto 7.5 bar in M1 (press. 9S13),N,2022-03-11 21:22:57.018,54.0,Milano,VEHICLE,VEHICLE,45.4878,9.2061,0,2022-03-11 21:21:58.021,0.0,1.0,2.0,0.0,0.0,1.0,0.0,89.0,1.0,0.0,29.1,29.2,29.2,29.1,3576.0,2200.0,2.0,0.0,1.0,45.4879,9.2061,30.0,3.0,0.92,0.94,0.86,0.94,1.03,1.17,1.02,0.9,0.94,0.99,0.94,0.95,1.02,1.16,1.01,0.93,4.41,7.64,True
2022-03-11 21:06:19.819,ETR700,e700_4801,152019,_1Q21_,IR chiuso in cassa T2,N,2022-03-11 21:31:20.408,1501.0,Treviglio,AT,T2_1Q2_IR,45.5114,9.5292,0,2022-03-11 21:06:15.018,0.0,1.0,2.0,0.0,0.0,1.0,0.0,8.0,0.0,0.0,22.9,23.3,23.4,23.4,3706.0,2200.0,2.0,0.0,1.0,45.5114,9.5319,250.0,192.0,0.0,0.0,0.0,0.0,0.0,0.0,0.0,0.0,0.0,0.0,0.0,0.0,0.0,0.0,0.0,0.0,4.96,8.62,False
2022-03-11 21:06:10.218,ETR700,e700_4801,151014,_DCPantoSts_,Pantografo DC alto in T2,N,2022-03-11 21:31:26.615,1517.0,Treviglio,VEHICLE,VEHICLE,45.5114,9.5354,0,2022-03-11 21:06:08.814,0.0,1.0,2.0,0.0,0.0,0.0,0.0,0.0,0.0,0.0,23.0,23.4,23.5,23.5,0.0,2200.0,2.0,0.0,1.0,45.5114,9.5361,250.0,194.0,0.0,0.0,0.0,0.0,0.0,0.0,0.0,0.0,0.0,0.0,0.0,0.0,0.0,0.0,0.0,0.0,4.96,8.66,False
2022-03-11 21:06:03.220,ETR700,e700_4801,150006,_Running_,Stato RUNNING attivo,N,2022-03-11 21:23:40.619,1058.0,Treviglio,VEHICLE,VEHICLE,45.5111,9.5402,0,2022-03-11 21:06:00.819,0.0,1.0,2.0,0.0,0.0,0.0,0.0,0.0,0.0,0.0,23.0,23.4,23.5,23.5,0.0,2200.0,2.0,0.0,5.0,45.5108,9.5422,250.0,195.0,0.0,0.0,0.0,0.0,0.0,0.0,0.0,0.0,0.0,0.0,0.0,0.0,0.0,0.0,0.0,0.0,4.96,8.71,False
2022-03-11 21:05:56.416,ETR700,e700_4801,ILCK_IR_T7_42,ILCK_IR_T7_42,Cod 42. Pantografo DC non alto,N,2022-03-11 21:06:10.218,14.0,Treviglio,AT,T2_1Q2_IR,45.5104,9.5449,0,2022-03-11 21:05:51.416,0.0,1.0,2.0,1.0,0.0,0.0,0.0,0.0,0.0,0.0,23.3,23.6,23.7,23.7,2761.0,2200.0,4.0,0.0,5.0,45.5099,9.5483,250.0,196.0,0.0,0.0,0.0,0.0,0.0,0.0,0.0,0.0,0.0,0.0,0.0,0.0,0.0,0.0,0.0,0.0,4.96,8.79,True
2022-03-11 21:05:51.615,ETR700,e700_4801,150011,_PantoLowSts_,Nessun pantografo alto,N,2022-03-11 21:06:10.218,19.0,Treviglio,VEHICLE,VEHICLE,45.5099,9.5483,0,2022-03-11 21:05:47.416,0.0,1.0,2.0,1.0,0.0,0.0,0.0,13.0,1.0,0.0,29.1,29.3,29.3,29.1,26943.0,2200.0,4.0,0.0,1.0,45.5093,9.5517,250.0,197.0,0.0,0.0,0.0,0.0,0.0,0.0,0.0,0.0,0.0,0.0,0.0,0.0,0.0,0.0,0.0,0.0,4.96,8.81,False
2022-03-11 21:05:49.222,ETR700,e700_4801,ILCK_PROP_21M8,ILCK_PROP_21M8,Cod. 21 AT non presente,N,2022-03-11 21:06:20.02,31.0,Treviglio,MDS,MDS,45.5096,9.5497,0,2022-03-11 21:05:44.819,0.0,1.0,2.0,1.0,0.0,0.0,0.0,15.0,1.0,0.0,29.1,29.3,29.3,29.1,26985.0,2200.0,4.0,0.0,1.0,45.5091,9.5531,250.0,198.0,0.0,0.0,0.0,0.0,0.0,0.0,0.0,0.0,0.0,0.0,0.0,0.0,0.0,0.0,0.0,0.0,4.96,8.82,False
2022-03-11 21:05:49.222,ETR700,e700_4801,150016,_IRIP_OpenSts_,Nessun IR o IP chiuso,N,2022-03-11 21:06:19.819,31.0,Treviglio,VEHICLE,VEHICLE,45.5096,9.5497,0,2022-03-11 21:05:44.819,0.0,1.0,2.0,1.0,0.0,0.0,0.0,15.0,1.0,0.0,29.1,29.3,29.3,29.1,26985.0,2200.0,4.0,0.0,1.0,45.5091,9.5531,250.0,198.0,0.0,0.0,0.0,0.0,0.0,0.0,0.0,0.0,0.0,0.0,0.0,0.0,0.0,0.0,0.0,0.0,4.96,8.82,False
2022-03-11 21:05:49.016,ETR700,e700_4801,150010,_Poc_,Ingresso in POC,N,2022-03-11 21:06:03.22,15.0,Treviglio,VEHICLE,VEHICLE,45.5096,9.5497,0,2022-03-11 21:05:44.819,0.0,1.0,2.0,1.0,0.0,0.0,0.0,15.0,1.0,0.0,29.1,29.3,29.3,29.1,26985.0,2200.0,4.0,0.0,1.0,45.5091,9.5531,250.0,198.0,0.0,0.0,0.0,0.0,0.0,0.0,0.0,0.0,0.0,0.0,0.0,0.0,0.0,0.0,0.0,0.0,4.96,8.82,False
2022-03-11 21:05:47.416,ETR700,e700_4801,ILCK_IRIP_T7_09,ILCK_IRIP_T7_09,Cod 09. Apertura Interruttore principale da ETCS ,N,2022-03-11 21:05:52.86,6.0,Treviglio,AT,T2_1Q2_IR,45.5093,9.5517,0,2022-03-11 21:05:44.819,0.0,1.0,2.0,1.0,0.0,0.0,0.0,15.0,1.0,0.0,29.1,29.3,29.3,29.1,26985.0,2200.0,4.0,0.0,1.0,45.5091,9.5531,250.0,198.0,0.0,0.0,0.0,0.0,0.0,0.0,0.0,0.0,0.0,0.0,0.0,0.0,0.0,0.0,0.0,0.0,4.96,8.82,False
2022-03-11 20:55:16.018,ETR700,e700_4801,151015,_ACPantoSts_,Pantografo AC alto in T2,N,2022-03-11 21:05:51.615,636.0,Rovato,VEHICLE,VEHICLE,45.525,10.0322,1,2022-03-11 20:55:16.018,0.0,1.0,2.0,1.0,0.0,0.0,0.0,0.0,0.0,0.0,23.0,23.4,23.5,23.5,0.0,2200.0,4.0,0.0,1.0,45.525,10.0322,160.0,159.0,0.01,0.0,0.0,0.0,0.0,0.0,0.0,0.0,0.0,0.0,0.0,0.0,0.0,0.0,0.0,0.0,4.97,9.1,True
2022-03-11 20:55:05.485,ETR700,e700_4801,ILCK_IR_T2_41,ILCK_IR_T2_41,Cod 41. Line Voltage Type non 3KV,N,2022-03-11 21:05:56.416,651.0,Rovato,AT,T2_1Q2_IR,45.5263,10.0375,0,2022-03-11 20:55:01.217,0.0,1.0,2.0,0.0,0.0,0.0,0.0,8.0,0.0,0.0,23.1,23.5,23.6,23.5,0.0,2200.0,2.0,0.0,5.0,45.527,10.0402,160.0,160.0,0.01,0.0,0.0,0.0,0.0,0.0,0.0,0.0,0.0,0.0,0.0,0.0,0.0,0.0,0.0,0.0,4.97,9.19,True
2022-03-11 20:55:05.485,ETR700,e700_4801,150005,_LineVoltType_,Selezionata tensione 25 kV,N,2022-03-11 21:05:56.416,651.0,Rovato,VEHICLE,VEHICLE,45.5263,10.0375,0,2022-03-11 20:55:01.217,0.0,1.0,2.0,0.0,0.0,0.0,0.0,8.0,0.0,0.0,23.1,23.5,23.6,23.5,0.0,2200.0,2.0,0.0,5.0,45.527,10.0402,160.0,160.0,0.01,0.0,0.0,0.0,0.0,0.0,0.0,0.0,0.0,0.0,0.0,0.0,0.0,0.0,0.0,0.0,4.97,9.19,True
2022-03-11 20:55:01.217,ETR700,e700_4801,150011,_PantoLowSts_,Nessun pantografo alto,N,2022-03-11 20:55:16.018,15.0,Rovato,VEHICLE,VEHICLE,45.527,10.0402,0,2022-03-11 20:54:56.639,0.0,1.0,2.0,0.0,0.0,1.0,0.0,8.0,0.0,0.0,23.2,23.6,23.7,23.6,3626.0,2200.0,2.0,0.0,5.0,45.5277,10.0429,160.0,161.0,0.01,0.0,0.0,0.0,0.0,0.0,0.0,0.0,0.0,0.0,0.0,0.0,0.0,0.0,0.0,0.0,4.97,9.22,False
2022-03-11 20:54:56.021,ETR700,e700_4801,ILCK_PROP_21M8,ILCK_PROP_21M8,Cod. 21 AT non presente,N,2022-03-11 20:55:24.216,29.0,Rovato,MDS,MDS,45.5277,10.0429,0,2022-03-11 20:54:51.415,0.0,1.0,2.0,0.0,0.0,1.0,0.0,60.0,1.0,0.0,29.1,29.2,29.3,29.1,3597.0,2200.0,2.0,0.0,1.0,45.5284,10.0456,160.0,162.0,0.01,0.0,0.0,0.0,0.0,0.0,0.0,0.0,0.0,0.0,0.0,0.0,0.0,0.0,0.0,0.0,4.97,9.14,False
2022-03-11 20:54:56.021,ETR700,e700_4801,150010,_Poc_,Ingresso in POC,N,2022-03-11 20:55:10.302,15.0,Rovato,VEHICLE,VEHICLE,45.5277,10.0429,0,2022-03-11 20:54:51.415,0.0,1.0,2.0,0.0,0.0,1.0,0.0,60.0,1.0,0.0,29.1,29.2,29.3,29.1,3597.0,2200.0,2.0,0.0,1.0,45.5284,10.0456,160.0,162.0,0.01,0.0,0.0,0.0,0.0,0.0,0.0,0.0,0.0,0.0,0.0,0.0,0.0,0.0,0.0,0.0,4.97,9.14,False
2022-03-11 20:54:55.815,ETR700,e700_4801,150016,_IRIP_OpenSts_,Nessun IR o IP chiuso,N,2022-03-11 20:55:24.022,29.0,Rovato,VEHICLE,VEHICLE,45.5278,10.0434,0,2022-03-11 20:54:51.415,0.0,1.0,2.0,0.0,0.0,1.0,0.0,60.0,1.0,0.0,29.1,29.2,29.3,29.1,3597.0,2200.0,2.0,0.0,1.0,45.5284,10.0456,160.0,162.0,0.01,0.0,0.0,0.0,0.0,0.0,0.0,0.0,0.0,0.0,0.0,0.0,0.0,0.0,0.0,0.0,4.97,9.14,False
2022-03-11 20:54:54.018,ETR700,e700_4801,ILCK_IRIP_T7_09,ILCK_IRIP_T7_09,Cod 09. Apertura Interruttore principale da ETCS ,N,2022-03-11 20:55:00.323,7.0,Rovato,AT,T2_1Q2_IR,45.5279,10.044,0,2022-03-11 20:54:51.415,0.0,1.0,2.0,0.0,0.0,1.0,0.0,60.0,1.0,0.0,29.1,29.2,29.3,29.1,3597.0,2200.0,2.0,0.0,1.0,45.5284,10.0456,160.0,162.0,0.01,0.0,0.0,0.0,0.0,0.0,0.0,0.0,0.0,0.0,0.0,0.0,0.0,0.0,0.0,0.0,4.97,9.14,False
2022-03-11 20:43:19.622,ETR700,e700_4801,ILCK_PROP_11M8,ILCK_PROP_11M8,Cod. 11 Rilascio Porte Destre Attivo,N,2022-03-11 20:45:42.616,143.0,Brescia,MDS,MDS,45.531,10.2154,0,2022-03-11 20:43:18.225,0.0,1.0,2.0,0.0,0.0,1.0,0.0,64.0,1.0,0.0,29.1,29.3,29.3,29.1,3596.0,2200.0,2.0,0.0,1.0,45.531,10.2154,150.0,2.0,1.45,1.37,1.44,1.48,1.42,1.2,1.23,1.47,1.41,1.38,1.47,1.44,1.33,1.21,1.3,1.51,4.12,8.13,False
2022-03-11 20:18:30.817,ETR700,e700_4801,ILCK_PROP_11M8,ILCK_PROP_11M8,Cod. 11 Rilascio Porte Destre Attivo,N,2022-03-11 20:19:31.615,61.0,Peschiera del Garda,MDS,MDS,45.439,10.7035,0,2022-03-11 20:18:26.023,0.0,1.0,2.0,0.0,0.0,1.0,0.0,60.0,1.0,0.0,29.1,29.3,29.3,29.1,3547.0,2200.0,2.0,0.0,1.0,45.4391,10.7035,150.0,2.0,0.12,0.08,0.1,0.12,0.12,0.12,0.1,0.1,0.1,0.09,0.1,0.11,0.12,0.1,0.12,0.12,4.64,8.12,False
2022-03-11 19:03:42.245,ETR700,e700_4801,151024,_Rear_,Direzione indietro in M1,N,2022-03-11 21:22:00.625,8299.0,Venezia,VEHICLE,VEHICLE,45.4814,12.2336,0,2022-03-11 19:03:38.018,0.0,1.0,2.0,0.0,0.0,1.0,0.0,56.0,1.0,0.0,29.2,29.3,29.4,29.2,3546.0,1600.0,2.0,0.0,1.0,45.4814,12.2336,250.0,0.0,0.01,0.0,0.01,0.0,0.0,0.0,0.0,0.0,0.01,0.0,0.0,0.0,0.0,0.0,0.0,0.0,4.96,8.99,False
2022-03-11 19:03:41.814,ETR700,e700_4801,158023,_Front_,Direzione avanti in M8,N,2022-03-11 21:22:00.42,8299.0,Venezia,VEHICLE,VEHICLE,45.4814,12.2336,0,2022-03-11 19:03:38.018,0.0,1.0,2.0,0.0,0.0,1.0,0.0,56.0,1.0,0.0,29.2,29.3,29.4,29.2,3546.0,1600.0,2.0,0.0,1.0,45.4814,12.2336,250.0,0.0,0.01,0.0,0.01,0.0,0.0,0.0,0.0,0.0,0.01,0.0,0.0,0.0,0.0,0.0,0.0,0.0,4.96,8.99,False
2022-03-11 18:57:33.216,ETR700,e700_4801,152019,_1Q21_,IR chiuso in cassa T2,N,2022-03-11 20:54:55.815,7043.0,Venezia,AT,T2_1Q2_IR,45.4814,12.2336,0,2022-03-11 18:57:28.618,0.0,1.0,0.0,0.0,0.0,1.0,1.0,48.0,0.0,1.0,29.2,29.3,29.4,29.2,3600.0,1600.0,2.0,0.0,4.0,45.4814,12.2336,0.0,0.0,2.65,2.6,2.72,2.67,2.41,2.21,2.2,2.71,2.65,2.58,2.72,2.67,2.4,2.2,2.2,2.72,0.09,9.0,False
2022-03-11 18:57:29.020,ETR700,e700_4801,ILCK_PROP_02,ILCK_PROP_02,Cod. 02 Taglio trazione comandato da RCEC,N,2022-03-11 19:01:34.822,246.0,Venezia,VEHICLE,VEHICLE,45.4814,12.2336,0,2022-03-11 18:57:28.618,0.0,1.0,0.0,0.0,0.0,1.0,1.0,48.0,0.0,1.0,29.2,29.3,29.4,29.2,3600.0,1600.0,2.0,0.0,4.0,45.4814,12.2336,0.0,0.0,2.65,2.6,2.72,2.67,2.41,2.21,2.2,2.71,2.65,2.58,2.72,2.67,2.4,2.2,2.2,2.72,0.09,9.0,False
2022-03-11 18:57:28.822,ETR700,e700_4801,011202,CCU_FltWtbComm,Mancata comunicazione WTB in CCU M1,N,2022-03-11 18:57:30.617,2.0,Venezia,VEHICLE,VEHICLE,45.4814,12.2336,0,2022-03-11 18:57:28.618,0.0,1.0,0.0,0.0,0.0,1.0,1.0,48.0,0.0,1.0,29.2,29.3,29.4,29.2,3600.0,1600.0,2.0,0.0,4.0,45.4814,12.2336,0.0,0.0,2.65,2.6,2.72,2.67,2.41,2.21,2.2,2.71,2.65,2.58,2.72,2.67,2.4,2.2,2.2,2.72,0.09,9.0,False
2022-03-11 18:57:28.822,ETR700,e700_4801,011200,CCU_FltWtbR1,Mancata ricezione R1 in CCU M1,N,2022-03-11 18:57:30.617,2.0,Venezia,VEHICLE,VEHICLE,45.4814,12.2336,0,2022-03-11 18:57:28.618,0.0,1.0,0.0,0.0,0.0,1.0,1.0,48.0,0.0,1.0,29.2,29.3,29.4,29.2,3600.0,1600.0,2.0,0.0,4.0,45.4814,12.2336,0.0,0.0,2.65,2.6,2.72,2.67,2.41,2.21,2.2,2.71,2.65,2.58,2.72,2.67,2.4,2.2,2.2,2.72,0.09,9.0,False
2022-03-11 18:57:28.822,ETR700,e700_4801,150006,_Running_,Stato RUNNING attivo,N,2022-03-11 20:54:56.021,7048.0,Venezia,VEHICLE,VEHICLE,45.4814,12.2336,0,2022-03-11 18:57:28.618,0.0,1.0,0.0,0.0,0.0,1.0,1.0,48.0,0.0,1.0,29.2,29.3,29.4,29.2,3600.0,1600.0,2.0,0.0,4.0,45.4814,12.2336,0.0,0.0,2.65,2.6,2.72,2.67,2.41,2.21,2.2,2.71,2.65,2.58,2.72,2.67,2.4,2.2,2.2,2.72,0.09,9.0,False
2022-03-11 18:57:28.618,ETR700,e700_4801,ILCK_PROP_11M8,ILCK_PROP_11M8,Cod. 11 Rilascio Porte Destre Attivo,N,2022-03-11 19:02:05.213,277.0,Venezia,MDS,MDS,45.4814,12.2336,1,2022-03-11 18:57:28.618,0.0,1.0,0.0,0.0,0.0,1.0,1.0,48.0,0.0,1.0,29.2,29.3,29.4,29.2,3600.0,1600.0,2.0,0.0,4.0,45.4814,12.2336,0.0,0.0,2.65,2.6,2.72,2.67,2.41,2.21,2.2,2.71,2.65,2.58,2.72,2.67,2.4,2.2,2.2,2.72,0.09,9.0,False
2022-03-11 18:54:12.214,ETR700,e700_4801,150009,_Parking_,Stato PARKING attivo,N,2022-03-11 18:57:28.822,197.0,Venezia,VEHICLE,VEHICLE,45.4814,12.2337,0,2022-03-11 18:54:07.415,0.0,0.0,1.0,0.0,0.0,0.0,1.0,76.0,0.0,1.0,29.1,29.3,29.3,29.2,3592.0,1600.0,2.0,0.0,2.0,45.4814,12.2337,0.0,0.0,2.64,2.56,2.72,2.67,2.4,2.21,2.2,2.72,2.62,2.54,2.71,2.67,2.4,2.19,2.2,2.71,0.44,8.52,False
2022-03-11 18:54:09.018,ETR700,e700_4801,151014,_DCPantoSts_,Pantografo DC alto in T2,N,2022-03-11 20:55:01.217,7253.0,Venezia,VEHICLE,VEHICLE,45.4814,12.2337,0,2022-03-11 18:54:04.617,1.0,0.0,1.0,0.0,0.0,0.0,1.0,80.0,0.0,1.0,28.9,29.2,29.3,29.2,3590.0,1600.0,2.0,0.0,1.0,45.4814,12.2337,30.0,0.0,2.63,2.53,2.69,2.68,2.41,2.2,2.18,2.72,2.62,2.52,2.71,2.66,2.38,2.18,2.19,2.7,0.44,8.5,False
2022-03-11 18:54:05.018,ETR700,e700_4801,ILCK_PROP_15,ILCK_PROP_15,Cod. 15 Nessun banco abilitato,N,2022-03-11 18:57:28.618,204.0,Venezia,MDS,MDS,45.4814,12.2337,0,2022-03-11 18:54:00.215,1.0,0.0,1.0,0.0,0.0,0.0,1.0,72.0,0.0,1.0,29.0,29.2,29.3,29.2,3593.0,1600.0,2.0,0.0,1.0,45.4814,12.2337,30.0,0.0,2.63,2.51,2.69,2.68,2.4,2.2,2.16,2.71,2.61,2.5,2.71,2.66,2.38,2.18,2.18,2.7,0.41,8.37,False
2022-03-11 18:54:04.821,ETR700,e700_4801,018202,CCU_FltWtbComm,Mancata comunicazione WTB in CCU M8,N,2022-03-11 18:54:06.412,2.0,Venezia,VEHICLE,VEHICLE,45.4814,12.2337,0,2022-03-11 18:54:00.215,1.0,0.0,1.0,0.0,0.0,0.0,1.0,72.0,0.0,1.0,29.0,29.2,29.3,29.2,3593.0,1600.0,2.0,0.0,1.0,45.4814,12.2337,30.0,0.0,2.63,2.51,2.69,2.68,2.4,2.2,2.16,2.71,2.61,2.5,2.71,2.66,2.38,2.18,2.18,2.7,0.41,8.37,False
2022-03-11 18:54:04.821,ETR700,e700_4801,018201,CCU_FltWtbR2,Mancata ricezione R2 in CCU M8,N,2022-03-11 18:54:06.412,2.0,Venezia,VEHICLE,VEHICLE,45.4814,12.2337,0,2022-03-11 18:54:00.215,1.0,0.0,1.0,0.0,0.0,0.0,1.0,72.0,0.0,1.0,29.0,29.2,29.3,29.2,3593.0,1600.0,2.0,0.0,1.0,45.4814,12.2337,30.0,0.0,2.63,2.51,2.69,2.68,2.4,2.2,2.16,2.71,2.61,2.5,2.71,2.66,2.38,2.18,2.18,2.7,0.41,8.37,False
2022-03-11 18:54:04.821,ETR700,e700_4801,150007,_Standby_,Stato STANDBY attivo,N,2022-03-11 18:54:12.214,8.0,Venezia,VEHICLE,VEHICLE,45.4814,12.2337,0,2022-03-11 18:54:00.215,1.0,0.0,1.0,0.0,0.0,0.0,1.0,72.0,0.0,1.0,29.0,29.2,29.3,29.2,3593.0,1600.0,2.0,0.0,1.0,45.4814,12.2337,30.0,0.0,2.63,2.51,2.69,2.68,2.4,2.2,2.16,2.71,2.61,2.5,2.71,2.66,2.38,2.18,2.18,2.7,0.41,8.37,False
2022-03-11 18:54:04.617,ETR700,e700_4801,011202,CCU_FltWtbComm,Mancata comunicazione WTB in CCU M1,N,2022-03-11 18:54:05.018,1.0,Venezia,VEHICLE,VEHICLE,45.4814,12.2337,0,2022-03-11 18:54:00.215,1.0,0.0,1.0,0.0,0.0,0.0,1.0,72.0,0.0,1.0,29.0,29.2,29.3,29.2,3593.0,1600.0,2.0,0.0,1.0,45.4814,12.2337,30.0,0.0,2.63,2.51,2.69,2.68,2.4,2.2,2.16,2.71,2.61,2.5,2.71,2.66,2.38,2.18,2.18,2.7,0.41,8.37,False
2022-03-11 18:54:04.617,ETR700,e700_4801,011200,CCU_FltWtbR1,Mancata ricezione R1 in CCU M1,N,2022-03-11 18:54:05.018,1.0,Venezia,VEHICLE,VEHICLE,45.4814,12.2337,0,2022-03-11 18:54:00.215,1.0,0.0,1.0,0.0,0.0,0.0,1.0,72.0,0.0,1.0,29.0,29.2,29.3,29.2,3593.0,1600.0,2.0,0.0,1.0,45.4814,12.2337,30.0,0.0,2.63,2.51,2.69,2.68,2.4,2.2,2.16,2.71,2.61,2.5,2.71,2.66,2.38,2.18,2.18,2.7,0.41,8.37,False
2022-03-11 18:05:32.218,ETR700,e700_4801,ILCK_PROP_11M1,ILCK_PROP_11M1,Cod. 11 Rilascio Porte Destre Attivo,N,2022-03-11 18:06:23.416,52.0,Palazzolo dello Stella,MDS,MDS,45.7777,13.0012,0,2022-03-11 18:05:28.422,1.0,0.0,1.0,0.0,0.0,0.0,1.0,72.0,0.0,1.0,29.0,29.2,29.3,29.2,3649.0,1600.0,2.0,0.0,1.0,45.7777,13.0012,145.0,3.0,0.65,0.6,0.63,0.6,0.57,0.5,0.48,0.57,0.66,0.6,0.61,0.6,0.57,0.51,0.55,0.57,4.36,8.59,False
2022-03-11 16:32:06.618,ETR700,e700_4801,ILCK_PROP_10,ILCK_PROP_10,Cod. 10 Nessuna velocita' impostata,N,2022-03-11 16:32:07.218,1.0,Trieste,VEHICLE,VEHICLE,45.6598,13.7702,0,2022-03-11 16:32:03.22,1.0,0.0,1.0,0.0,0.0,0.0,1.0,121.0,0.0,1.0,29.0,29.2,29.3,29.2,3674.0,1600.0,2.0,0.0,1.0,45.6598,13.7702,250.0,0.0,0.95,0.9,0.86,0.73,0.86,0.64,0.68,0.89,0.94,0.89,0.92,0.78,0.86,0.74,0.71,0.88,4.41,8.88,False
2022-03-11 16:32:03.419,ETR700,e700_4801,158024,_Rear_,Direzione indietro in M8,N,2022-03-11 18:54:02.013,8519.0,Trieste,VEHICLE,VEHICLE,45.6598,13.7702,0,2022-03-11 16:32:03.22,1.0,0.0,1.0,0.0,0.0,0.0,1.0,121.0,0.0,1.0,29.0,29.2,29.3,29.2,3674.0,1600.0,2.0,0.0,1.0,45.6598,13.7702,250.0,0.0,0.95,0.9,0.86,0.73,0.86,0.64,0.68,0.89,0.94,0.89,0.92,0.78,0.86,0.74,0.71,0.88,4.41,8.88,False
2022-03-11 16:32:03.220,ETR700,e700_4801,151023,_Front_,Direzione avanti in M1,N,2022-03-11 18:54:01.819,8519.0,Trieste,VEHICLE,VEHICLE,45.6598,13.7702,1,2022-03-11 16:32:03.22,1.0,0.0,1.0,0.0,0.0,0.0,1.0,121.0,0.0,1.0,29.0,29.2,29.3,29.2,3674.0,1600.0,2.0,0.0,1.0,45.6598,13.7702,250.0,0.0,0.95,0.9,0.86,0.73,0.86,0.64,0.68,0.89,0.94,0.89,0.92,0.78,0.86,0.74,0.71,0.88,4.41,8.88,False
2022-03-11 14:13:53.203,ETR700,e700_4801,150006,_Running_,Stato RUNNING attivo,N,2022-03-11 18:54:04.821,16812.0,Trieste,VEHICLE,VEHICLE,45.6598,13.7703,0,2022-03-11 14:13:48.616,0.0,0.0,0.0,0.0,0.0,1.0,1.0,52.0,1.0,0.0,29.1,29.3,29.3,29.2,3474.0,1600.0,2.0,0.0,2.0,45.6598,13.7702,0.0,0.0,2.67,2.62,2.66,2.66,2.42,2.21,2.19,2.59,2.66,2.59,2.65,2.65,2.4,2.2,2.18,2.6,0.0,9.42,False
2022-03-11 14:13:52.417,ETR700,e700_4801,ILCK_PROP_11M1,ILCK_PROP_11M1,Cod. 11 Rilascio Porte Destre Attivo,N,2022-03-11 17:04:52.018,10260.0,Trieste,MDS,MDS,45.6598,13.7703,0,2022-03-11 14:13:48.616,0.0,0.0,0.0,0.0,0.0,1.0,1.0,52.0,1.0,0.0,29.1,29.3,29.3,29.2,3474.0,1600.0,2.0,0.0,2.0,45.6598,13.7702,0.0,0.0,2.67,2.62,2.66,2.66,2.42,2.21,2.19,2.59,2.66,2.59,2.65,2.65,2.4,2.2,2.18,2.6,0.0,9.42,False
2022-03-11 14:13:52.218,ETR700,e700_4801,ILCK_PROP_10,ILCK_PROP_10,Cod. 10 Nessuna velocita' impostata,N,2022-03-11 14:13:52.619,1.0,Trieste,VEHICLE,VEHICLE,45.6598,13.7702,0,2022-03-11 14:13:48.616,0.0,0.0,0.0,0.0,0.0,1.0,1.0,52.0,1.0,0.0,29.1,29.3,29.3,29.2,3474.0,1600.0,2.0,0.0,2.0,45.6598,13.7702,0.0,0.0,2.67,2.62,2.66,2.66,2.42,2.21,2.19,2.59,2.66,2.59,2.65,2.65,2.4,2.2,2.18,2.6,0.0,9.42,False
2022-03-11 14:13:48.616,ETR700,e700_4801,150007,_Standby_,Stato STANDBY attivo,N,2022-03-11 14:13:53.203,5.0,Trieste,VEHICLE,VEHICLE,45.6598,13.7702,1,2022-03-11 14:13:48.616,0.0,0.0,0.0,0.0,0.0,1.0,1.0,52.0,1.0,0.0,29.1,29.3,29.3,29.2,3474.0,1600.0,2.0,0.0,2.0,45.6598,13.7702,0.0,0.0,2.67,2.62,2.66,2.66,2.42,2.21,2.19,2.59,2.66,2.59,2.65,2.65,2.4,2.2,2.18,2.6,0.0,9.42,False
2022-03-11 12:09:02.431,ETR700,e700_4801,150009,_Parking_,Stato PARKING attivo,N,2022-03-11 14:13:48.616,7487.0,Trieste,VEHICLE,VEHICLE,45.6599,13.7702,0,2022-03-11 12:08:59.418,0.0,0.0,2.0,0.0,0.0,1.0,1.0,81.0,1.0,0.0,29.1,29.3,29.3,29.1,3548.0,1600.0,2.0,0.0,2.0,45.6599,13.7702,0.0,0.0,2.65,2.6,2.67,2.66,2.41,2.18,2.18,2.64,2.62,2.58,2.66,2.66,2.4,2.17,2.18,2.64,0.0,9.22,False
2022-03-11 12:08:59.418,ETR700,e700_4801,158014,_DCPantoSts_,Pantografo DC alto in T7,N,2022-03-11 18:57:39.817,24521.0,Trieste,VEHICLE,VEHICLE,45.6599,13.7702,0,2022-03-11 12:08:54.619,0.0,0.0,2.0,0.0,0.0,1.0,0.0,77.0,1.0,0.0,29.1,29.3,29.3,29.1,3594.0,1600.0,2.0,0.0,1.0,45.6599,13.7702,30.0,0.0,2.63,2.59,2.64,2.67,2.41,2.18,2.16,2.64,2.62,2.57,2.66,2.65,2.38,2.17,2.17,2.64,0.0,9.26,False
2022-03-11 12:08:55.720,ETR700,e700_4801,150007,_Standby_,Stato STANDBY attivo,N,2022-03-11 12:09:02.431,7.0,Trieste,VEHICLE,VEHICLE,45.6599,13.7702,0,2022-03-11 12:08:54.619,0.0,0.0,2.0,0.0,0.0,1.0,0.0,77.0,1.0,0.0,29.1,29.3,29.3,29.1,3594.0,1600.0,2.0,0.0,1.0,45.6599,13.7702,30.0,0.0,2.63,2.59,2.64,2.67,2.41,2.18,2.16,2.64,2.62,2.57,2.66,2.65,2.38,2.17,2.17,2.64,0.0,9.26,False
2022-03-11 12:08:54.819,ETR700,e700_4801,ILCK_PROP_02,ILCK_PROP_02,Cod. 02 Taglio trazione comandato da RCEC,N,2022-03-11 14:15:36.017,7602.0,Trieste,VEHICLE,VEHICLE,45.6599,13.7702,0,2022-03-11 12:08:54.619,0.0,0.0,2.0,0.0,0.0,1.0,0.0,77.0,1.0,0.0,29.1,29.3,29.3,29.1,3594.0,1600.0,2.0,0.0,1.0,45.6599,13.7702,30.0,0.0,2.63,2.59,2.64,2.67,2.41,2.18,2.16,2.64,2.62,2.57,2.66,2.65,2.38,2.17,2.17,2.64,0.0,9.26,False
2022-03-11 12:08:54.619,ETR700,e700_4801,011202,CCU_FltWtbComm,Mancata comunicazione WTB in CCU M1,N,2022-03-11 12:08:56.814,3.0,Trieste,VEHICLE,VEHICLE,45.6599,13.7702,0,2022-03-11 12:08:49.813,0.0,1.0,2.0,0.0,0.0,1.0,0.0,73.0,1.0,0.0,29.1,29.3,29.3,29.1,3591.0,1600.0,2.0,0.0,1.0,45.6599,13.7702,30.0,0.0,2.63,2.59,2.64,2.67,2.41,2.18,2.16,2.64,2.62,2.57,2.66,2.65,2.39,2.16,2.17,2.63,0.0,9.29,False
2022-03-11 12:08:54.619,ETR700,e700_4801,011201,CCU_FltWtbR2,Mancata ricezione R2 in CCU M1,N,2022-03-11 12:08:56.814,3.0,Trieste,VEHICLE,VEHICLE,45.6599,13.7702,0,2022-03-11 12:08:49.813,0.0,1.0,2.0,0.0,0.0,1.0,0.0,73.0,1.0,0.0,29.1,29.3,29.3,29.1,3591.0,1600.0,2.0,0.0,1.0,45.6599,13.7702,30.0,0.0,2.63,2.59,2.64,2.67,2.41,2.18,2.16,2.64,2.62,2.57,2.66,2.65,2.39,2.16,2.17,2.63,0.0,9.29,False
2022-03-11 12:08:54.619,ETR700,e700_4801,ILCK_PROP_15,ILCK_PROP_15,Cod. 15 Nessun banco abilitato,N,2022-03-11 14:13:52.417,7498.0,Trieste,MDS,MDS,45.6599,13.7702,0,2022-03-11 12:08:49.813,0.0,1.0,2.0,0.0,0.0,1.0,0.0,73.0,1.0,0.0,29.1,29.3,29.3,29.1,3591.0,1600.0,2.0,0.0,1.0,45.6599,13.7702,30.0,0.0,2.63,2.59,2.64,2.67,2.41,2.18,2.16,2.64,2.62,2.57,2.66,2.65,2.39,2.16,2.17,2.63,0.0,9.29,False
2022-03-11 11:40:57.614,ETR700,e700_4801,ILCK_PROP_11M8,ILCK_PROP_11M8,Cod. 11 Rilascio Porte Destre Attivo,N,2022-03-11 11:42:52.018,115.0,Ronchi dei Legionari,MDS,MDS,45.8081,13.5415,0,2022-03-11 11:40:53.621,0.0,1.0,2.0,0.0,0.0,1.0,0.0,64.0,1.0,0.0,29.1,29.3,29.3,29.1,3555.0,1600.0,2.0,0.0,1.0,45.8081,13.5415,105.0,3.0,0.51,0.45,0.49,0.56,0.49,0.51,0.47,0.52,0.5,0.49,0.51,0.5,0.5,0.51,0.51,0.54,4.45,9.05,False
2022-03-11 11:07:29.618,ETR700,e700_4801,ILCK_PROP_10,ILCK_PROP_10,Cod. 10 Nessuna velocita' impostata,N,2022-03-11 11:07:31.016,2.0,Palazzolo dello Stella,VEHICLE,VEHICLE,45.7786,13.0012,0,2022-03-11 11:07:25.22,0.0,1.0,2.0,0.0,0.0,1.0,0.0,60.0,1.0,0.0,29.1,29.2,29.3,29.1,3548.0,1600.0,2.0,0.0,1.0,45.7786,13.0012,145.0,0.0,0.48,0.5,0.49,0.52,0.5,0.48,0.47,0.53,0.49,0.49,0.49,0.55,0.49,0.47,0.47,0.52,4.45,8.97,False
2022-03-11 11:07:23.217,ETR700,e700_4801,ILCK_PROP_11M8,ILCK_PROP_11M8,Cod. 11 Rilascio Porte Destre Attivo,N,2022-03-11 11:07:53.417,31.0,Palazzolo dello Stella,MDS,MDS,45.7786,13.0012,0,2022-03-11 11:07:19.618,0.0,1.0,2.0,0.0,0.0,1.0,0.0,64.0,1.0,0.0,29.1,29.3,29.3,29.1,3554.0,1600.0,2.0,0.0,1.0,45.7786,13.0012,145.0,4.0,0.76,0.76,0.77,0.77,0.77,0.61,0.64,0.77,0.76,0.77,0.77,0.83,0.73,0.65,0.61,0.78,4.33,8.96,False
2022-03-11 10:15:07.419,ETR700,e700_4801,ILCK_PROP_10,ILCK_PROP_10,Cod. 10 Nessuna velocita' impostata,N,2022-03-11 10:15:09.018,2.0,Venezia,VEHICLE,VEHICLE,45.4814,12.2336,0,2022-03-11 10:15:02.618,0.0,1.0,2.0,0.0,0.0,1.0,0.0,64.0,1.0,0.0,29.1,29.3,29.3,29.1,3562.0,1600.0,2.0,0.0,1.0,45.4814,12.2336,0.0,0.0,1.19,1.13,1.19,1.25,1.14,1.01,1.0,1.23,1.15,1.13,1.16,1.25,1.14,0.99,0.99,1.22,4.22,8.76,False
2022-03-11 10:15:02.618,ETR700,e700_4801,ILCK_PROP_10,ILCK_PROP_10,Cod. 10 Nessuna velocita' impostata,N,2022-03-11 10:15:03.819,2.0,Venezia,VEHICLE,VEHICLE,45.4814,12.2336,1,2022-03-11 10:15:02.618,0.0,1.0,2.0,0.0,0.0,1.0,0.0,64.0,1.0,0.0,29.1,29.3,29.3,29.1,3562.0,1600.0,2.0,0.0,1.0,45.4814,12.2336,0.0,0.0,1.19,1.13,1.19,1.25,1.14,1.01,1.0,1.23,1.15,1.13,1.16,1.25,1.14,0.99,0.99,1.22,4.22,8.76,False
2022-03-11 10:12:46.019,ETR700,e700_4801,158023,_Front_,Direzione avanti in M8,N,2022-03-11 12:08:49.016,6963.0,Venezia,VEHICLE,VEHICLE,45.4814,12.2336,0,2022-03-11 10:12:45.819,0.0,1.0,2.0,0.0,0.0,1.0,0.0,56.0,1.0,0.0,29.1,29.3,29.3,29.1,3473.0,2400.0,2.0,0.0,1.0,45.4814,12.2336,250.0,0.0,2.62,2.57,2.69,2.67,2.4,2.21,2.2,2.69,2.61,2.57,2.71,2.63,2.39,2.21,2.21,2.69,1.7,8.57,False
2022-03-11 10:12:45.819,ETR700,e700_4801,151024,_Rear_,Direzione indietro in M1,N,2022-03-11 12:08:49.219,6964.0,Venezia,VEHICLE,VEHICLE,45.4814,12.2336,1,2022-03-11 10:12:45.819,0.0,1.0,2.0,0.0,0.0,1.0,0.0,56.0,1.0,0.0,29.1,29.3,29.3,29.1,3473.0,2400.0,2.0,0.0,1.0,45.4814,12.2336,250.0,0.0,2.62,2.57,2.69,2.67,2.4,2.21,2.2,2.69,2.61,2.57,2.71,2.63,2.39,2.21,2.21,2.69,1.7,8.57,False
2022-03-11 10:09:31.880,ETR700,e700_4801,152019,_1Q21_,IR chiuso in cassa T2,N,2022-03-11 14:13:57.615,14666.0,Venezia,AT,T2_1Q2_IR,45.4814,12.2336,0,2022-03-11 10:09:27.219,0.0,1.0,0.0,0.0,0.0,1.0,1.0,60.0,0.0,1.0,29.1,29.3,29.3,29.1,3483.0,2400.0,2.0,0.0,4.0,45.4814,12.2336,0.0,0.0,2.66,2.61,2.76,2.66,2.4,2.22,2.21,2.76,2.65,2.58,2.75,2.66,2.38,2.23,2.2,2.76,0.13,9.28,False
2022-03-11 10:09:27.418,ETR700,e700_4801,150006,_Running_,Stato RUNNING attivo,N,2022-03-11 12:08:55.72,7169.0,Venezia,VEHICLE,VEHICLE,45.4814,12.2336,0,2022-03-11 10:09:26.817,0.0,0.0,0.0,0.0,0.0,1.0,1.0,60.0,0.0,1.0,29.1,29.3,29.3,29.1,3480.0,2400.0,2.0,0.0,4.0,45.4814,12.2336,0.0,0.0,2.66,2.6,2.76,2.66,2.4,2.22,2.21,2.76,2.64,2.58,2.75,2.66,2.38,2.23,2.2,2.76,0.13,9.28,False
2022-03-11 10:09:27.219,ETR700,e700_4801,011202,CCU_FltWtbComm,Mancata comunicazione WTB in CCU M1,N,2022-03-11 10:09:28.615,2.0,Venezia,VEHICLE,VEHICLE,45.4814,12.2336,0,2022-03-11 10:09:26.817,0.0,0.0,0.0,0.0,0.0,1.0,1.0,60.0,0.0,1.0,29.1,29.3,29.3,29.1,3480.0,2400.0,2.0,0.0,4.0,45.4814,12.2336,0.0,0.0,2.66,2.6,2.76,2.66,2.4,2.22,2.21,2.76,2.64,2.58,2.75,2.66,2.38,2.23,2.2,2.76,0.13,9.28,False
2022-03-11 10:09:27.219,ETR700,e700_4801,011200,CCU_FltWtbR1,Mancata ricezione R1 in CCU M1,N,2022-03-11 10:09:28.615,2.0,Venezia,VEHICLE,VEHICLE,45.4814,12.2336,0,2022-03-11 10:09:26.817,0.0,0.0,0.0,0.0,0.0,1.0,1.0,60.0,0.0,1.0,29.1,29.3,29.3,29.1,3480.0,2400.0,2.0,0.0,4.0,45.4814,12.2336,0.0,0.0,2.66,2.6,2.76,2.66,2.4,2.22,2.21,2.76,2.64,2.58,2.75,2.66,2.38,2.23,2.2,2.76,0.13,9.28,False
2022-03-11 10:09:27.219,ETR700,e700_4801,ILCK_PROP_11M8,ILCK_PROP_11M8,Cod. 11 Rilascio Porte Destre Attivo,N,2022-03-11 10:18:35.418,549.0,Venezia,MDS,MDS,45.4814,12.2336,0,2022-03-11 10:09:26.817,0.0,0.0,0.0,0.0,0.0,1.0,1.0,60.0,0.0,1.0,29.1,29.3,29.3,29.1,3480.0,2400.0,2.0,0.0,4.0,45.4814,12.2336,0.0,0.0,2.66,2.6,2.76,2.66,2.4,2.22,2.21,2.76,2.64,2.58,2.75,2.66,2.38,2.23,2.2,2.76,0.13,9.28,False
2022-03-11 10:06:19.618,ETR700,e700_4801,151014,_DCPantoSts_,Pantografo DC alto in T2,N,2022-03-11 14:14:05.416,14866.0,Venezia,VEHICLE,VEHICLE,45.4814,12.2336,0,2022-03-11 10:06:15.02,0.0,0.0,1.0,0.0,0.0,0.0,1.0,60.0,0.0,1.0,29.1,29.2,29.3,29.1,3590.0,2400.0,2.0,0.0,1.0,45.4814,12.2336,60.0,0.0,2.65,2.57,2.77,2.67,2.4,2.23,2.22,2.77,2.63,2.55,2.75,2.67,2.37,2.24,2.22,2.78,0.53,8.34,False
2022-03-11 10:06:15.220,ETR700,e700_4801,150007,_Standby_,Stato STANDBY attivo,N,2022-03-11 10:06:22.811,8.0,Venezia,VEHICLE,VEHICLE,45.4814,12.2336,0,2022-03-11 10:06:11.22,1.0,0.0,1.0,0.0,0.0,0.0,1.0,60.0,0.0,1.0,29.0,29.2,29.3,29.1,3586.0,2400.0,2.0,0.0,1.0,45.4814,12.2336,60.0,0.0,2.65,2.58,2.77,2.66,2.34,2.22,2.22,2.78,2.64,2.55,2.75,2.67,2.25,2.24,2.23,2.78,0.48,8.23,False
2022-03-11 10:06:15.020,ETR700,e700_4801,018202,CCU_FltWtbComm,Mancata comunicazione WTB in CCU M8,N,2022-03-11 10:06:17.166,3.0,Venezia,VEHICLE,VEHICLE,45.4814,12.2336,0,2022-03-11 10:06:11.22,1.0,0.0,1.0,0.0,0.0,0.0,1.0,60.0,0.0,1.0,29.0,29.2,29.3,29.1,3586.0,2400.0,2.0,0.0,1.0,45.4814,12.2336,60.0,0.0,2.65,2.58,2.77,2.66,2.34,2.22,2.22,2.78,2.64,2.55,2.75,2.67,2.25,2.24,2.23,2.78,0.48,8.23,False
2022-03-11 10:06:15.020,ETR700,e700_4801,018201,CCU_FltWtbR2,Mancata ricezione R2 in CCU M8,N,2022-03-11 10:06:17.166,3.0,Venezia,VEHICLE,VEHICLE,45.4814,12.2336,0,2022-03-11 10:06:11.22,1.0,0.0,1.0,0.0,0.0,0.0,1.0,60.0,0.0,1.0,29.0,29.2,29.3,29.1,3586.0,2400.0,2.0,0.0,1.0,45.4814,12.2336,60.0,0.0,2.65,2.58,2.77,2.66,2.34,2.22,2.22,2.78,2.64,2.55,2.75,2.67,2.25,2.24,2.23,2.78,0.48,8.23,False
2022-03-11 10:06:15.020,ETR700,e700_4801,ILCK_PROP_15,ILCK_PROP_15,Cod. 15 Nessun banco abilitato,N,2022-03-11 10:09:27.219,193.0,Venezia,MDS,MDS,45.4814,12.2336,0,2022-03-11 10:06:11.22,1.0,0.0,1.0,0.0,0.0,0.0,1.0,60.0,0.0,1.0,29.0,29.2,29.3,29.1,3586.0,2400.0,2.0,0.0,1.0,45.4814,12.2336,60.0,0.0,2.65,2.58,2.77,2.66,2.34,2.22,2.22,2.78,2.64,2.55,2.75,2.67,2.25,2.24,2.23,2.78,0.48,8.23,False
2022-03-11 10:05:52.218,ETR700,e700_4801,ILCK_PROP_02,ILCK_PROP_02,Cod. 02 Taglio trazione comandato da RCEC,N,2022-03-11 10:09:27.418,216.0,Venezia,VEHICLE,VEHICLE,45.4814,12.2336,0,2022-03-11 10:05:47.22,1.0,0.0,1.0,0.0,0.0,0.0,1.0,60.0,0.0,1.0,29.0,29.2,29.3,29.1,3534.0,2400.0,2.0,0.0,1.0,45.4814,12.2336,60.0,0.0,0.87,0.8,0.85,0.76,0.83,0.69,0.68,0.82,0.86,0.8,0.84,0.74,0.79,0.73,0.67,0.83,4.31,8.36,False
2022-03-11 10:03:21.224,ETR700,e700_4801,ILCK_PROP_10,ILCK_PROP_10,Cod. 10 Nessuna velocita' impostata,N,2022-03-11 10:03:23.424,3.0,Venezia,VEHICLE,VEHICLE,45.4832,12.2119,1,2022-03-11 10:03:21.224,1.0,0.0,1.0,0.0,0.0,0.0,1.0,-604.0,0.0,1.0,28.9,29.2,29.3,29.1,3597.0,2400.0,2.0,0.0,1.0,45.4832,12.2119,0.0,59.0,0.12,0.13,0.14,0.11,0.21,0.15,0.21,0.2,0.1,0.13,0.13,0.1,0.19,0.14,0.21,0.22,4.32,8.1,False
2022-03-11 08:32:14.220,ETR700,e700_4801,ILCK_PROP_11M1,ILCK_PROP_11M1,Cod. 11 Rilascio Porte Destre Attivo,N,2022-03-11 08:33:16.017,62.0,Brescia,MDS,MDS,45.531,10.2157,0,2022-03-11 08:32:10.222,1.0,0.0,1.0,0.0,0.0,0.0,1.0,56.0,0.0,1.0,29.0,29.2,29.3,29.2,3636.0,2000.0,2.0,0.0,1.0,45.5311,10.2157,60.0,7.0,1.36,1.36,1.43,1.4,1.62,1.66,1.62,1.73,1.37,1.36,1.42,1.39,1.57,1.54,1.64,1.72,4.02,8.93,False
2022-03-11 08:23:37.220,ETR700,e700_4801,158014,_DCPantoSts_,Pantografo DC alto in T7,N,2022-03-11 10:09:38.616,6362.0,Rovato,VEHICLE,VEHICLE,45.5278,10.0432,0,2022-03-11 08:23:35.815,1.0,0.0,1.0,0.0,0.0,0.0,0.0,0.0,0.0,0.0,23.1,23.7,23.9,23.9,0.0,2400.0,2.0,0.0,1.0,45.5277,10.0427,160.0,154.0,0.01,0.0,0.0,0.0,0.0,0.0,0.0,0.0,0.0,0.0,0.0,0.0,0.0,0.0,0.0,0.01,4.93,8.48,False
2022-03-11 08:23:28.419,ETR700,e700_4801,150006,_Running_,Stato RUNNING attivo,N,2022-03-11 10:06:15.22,6167.0,Rovato,VEHICLE,VEHICLE,45.5267,10.0391,0,2022-03-11 08:23:23.619,1.0,0.0,1.0,0.0,0.0,0.0,0.0,0.0,0.0,0.0,23.2,23.8,23.9,24.0,0.0,2400.0,2.0,0.0,5.0,45.5259,10.0359,160.0,157.0,0.01,0.0,0.0,0.0,0.0,0.0,0.0,0.0,0.0,0.0,0.0,0.0,0.0,0.0,0.0,0.01,4.93,8.59,False
2022-03-11 08:23:20.621,ETR700,e700_4801,ILCK_IR_T2_42,ILCK_IR_T2_42,Cod 42. Pantografo DC non alto,N,2022-03-11 08:23:37.22,17.0,Rovato,AT,T2_1Q2_IR,45.5257,10.0349,0,2022-03-11 08:23:16.883,1.0,0.0,1.0,0.0,1.0,0.0,0.0,0.0,0.0,0.0,23.4,24.0,24.2,24.2,26645.0,2400.0,4.0,0.0,5.0,45.5252,10.0328,160.0,158.0,0.01,0.0,0.0,0.0,0.0,0.0,0.0,0.0,0.01,0.0,0.0,0.0,0.0,0.0,0.0,0.0,4.93,8.64,True
2022-03-11 08:23:20.621,ETR700,e700_4801,150004,_LineVoltType_,Selezionata tensione 3 kV,N,2022-03-11 20:55:05.485,45105.0,Rovato,VEHICLE,VEHICLE,45.5257,10.0349,0,2022-03-11 08:23:16.883,1.0,0.0,1.0,0.0,1.0,0.0,0.0,0.0,0.0,0.0,23.4,24.0,24.2,24.2,26645.0,2400.0,4.0,0.0,5.0,45.5252,10.0328,160.0,158.0,0.01,0.0,0.0,0.0,0.0,0.0,0.0,0.0,0.01,0.0,0.0,0.0,0.0,0.0,0.0,0.0,4.93,8.64,True
2022-03-11 08:23:17.775,ETR700,e700_4801,150011,_PantoLowSts_,Nessun pantografo alto,N,2022-03-11 08:23:37.22,20.0,Rovato,VEHICLE,VEHICLE,45.5253,10.0333,0,2022-03-11 08:23:12.824,1.0,0.0,1.0,0.0,1.0,0.0,0.0,13.0,0.0,1.0,29.0,29.3,29.4,29.2,26697.0,2400.0,4.0,0.0,1.0,45.5246,10.0307,160.0,159.0,0.01,0.0,0.0,0.0,0.0,0.0,0.0,0.0,0.01,0.0,0.0,0.0,0.0,0.0,0.0,0.01,4.93,8.66,False
2022-03-11 08:23:15.225,ETR700,e700_4801,150010,_Poc_,Ingresso in POC,N,2022-03-11 08:23:28.419,14.0,Rovato,VEHICLE,VEHICLE,45.5249,10.0317,0,2022-03-11 08:23:10.422,1.0,0.0,1.0,0.0,1.0,0.0,0.0,11.0,0.0,1.0,29.0,29.3,29.4,29.2,26679.0,2400.0,4.0,0.0,1.0,45.5244,10.0296,160.0,159.0,0.01,0.0,0.0,0.0,0.0,0.0,0.0,0.0,0.01,0.0,0.0,0.0,0.0,0.0,0.0,0.01,4.93,8.67,False
2022-03-11 08:23:15.024,ETR700,e700_4801,ILCK_PROP_21M1,ILCK_PROP_21M1,Cod. 21 AT non presente,N,2022-03-11 08:23:45.22,31.0,Rovato,MDS,MDS,45.5249,10.0317,0,2022-03-11 08:23:10.422,1.0,0.0,1.0,0.0,1.0,0.0,0.0,11.0,0.0,1.0,29.0,29.3,29.4,29.2,26679.0,2400.0,4.0,0.0,1.0,45.5244,10.0296,160.0,159.0,0.01,0.0,0.0,0.0,0.0,0.0,0.0,0.0,0.01,0.0,0.0,0.0,0.0,0.0,0.0,0.01,4.93,8.67,False
2022-03-11 08:23:14.622,ETR700,e700_4801,150016,_IRIP_OpenSts_,Nessun IR o IP chiuso,N,2022-03-11 08:23:45.016,31.0,Rovato,VEHICLE,VEHICLE,45.5249,10.0317,0,2022-03-11 08:23:10.422,1.0,0.0,1.0,0.0,1.0,0.0,0.0,11.0,0.0,1.0,29.0,29.3,29.4,29.2,26679.0,2400.0,4.0,0.0,1.0,45.5244,10.0296,160.0,159.0,0.01,0.0,0.0,0.0,0.0,0.0,0.0,0.0,0.01,0.0,0.0,0.0,0.0,0.0,0.0,0.01,4.93,8.67,False
2022-03-11 08:23:12.824,ETR700,e700_4801,ILCK_IRIP_T2_09,ILCK_IRIP_T2_09,Cod 09. Apertura Interruttore principale da ETCS ,N,2022-03-11 08:23:18.867,7.0,Rovato,AT,T2_1Q2_IR,45.5246,10.0307,0,2022-03-11 08:23:08.022,1.0,0.0,1.0,0.0,1.0,0.0,0.0,25.0,0.0,1.0,29.0,29.2,29.3,29.2,26630.0,2400.0,4.0,0.0,1.0,45.5241,10.0285,160.0,160.0,0.01,0.0,0.0,0.0,0.0,0.0,0.0,0.0,0.01,0.0,0.0,0.0,0.0,0.0,0.0,0.0,4.93,8.68,False
2022-03-11 08:12:18.465,ETR700,e700_4801,ILCK_PROP_21M1,ILCK_PROP_21M1,Cod. 21 AT non presente,N,2022-03-11 08:12:43.217,25.0,Treviglio,MDS,MDS,45.5114,9.5348,0,2022-03-11 08:12:13.619,1.0,0.0,1.0,0.0,0.0,0.0,1.0,301.0,0.0,1.0,29.1,29.3,29.4,29.2,3689.0,2400.0,2.0,0.0,1.0,45.5115,9.5322,180.0,180.0,0.01,0.0,0.0,0.0,0.0,0.0,0.0,0.0,0.0,0.0,0.0,0.0,0.0,0.0,0.0,0.0,4.93,9.09,False
2022-03-11 08:12:18.465,ETR700,e700_4801,150016,_IRIP_OpenSts_,Nessun IR o IP chiuso,N,2022-03-11 08:12:43.019,25.0,Treviglio,VEHICLE,VEHICLE,45.5114,9.5348,0,2022-03-11 08:12:13.619,1.0,0.0,1.0,0.0,0.0,0.0,1.0,301.0,0.0,1.0,29.1,29.3,29.4,29.2,3689.0,2400.0,2.0,0.0,1.0,45.5115,9.5322,180.0,180.0,0.01,0.0,0.0,0.0,0.0,0.0,0.0,0.0,0.0,0.0,0.0,0.0,0.0,0.0,0.0,0.0,4.93,9.09,False
2022-03-11 08:12:18.465,ETR700,e700_4801,150010,_Poc_,Ingresso in POC,N,2022-03-11 08:12:34.291,16.0,Treviglio,VEHICLE,VEHICLE,45.5114,9.5348,0,2022-03-11 08:12:13.619,1.0,0.0,1.0,0.0,0.0,0.0,1.0,301.0,0.0,1.0,29.1,29.3,29.4,29.2,3689.0,2400.0,2.0,0.0,1.0,45.5115,9.5322,180.0,180.0,0.01,0.0,0.0,0.0,0.0,0.0,0.0,0.0,0.0,0.0,0.0,0.0,0.0,0.0,0.0,0.0,4.93,9.09,False
2022-03-11 08:12:16.221,ETR700,e700_4801,ILCK_IRIP_T2_09,ILCK_IRIP_T2_09,Cod 09. Apertura Interruttore principale da ETCS ,N,2022-03-11 08:12:22.018,6.0,Treviglio,AT,T2_1Q2_IR,45.5114,9.5336,0,2022-03-11 08:12:13.619,1.0,0.0,1.0,0.0,0.0,0.0,1.0,301.0,0.0,1.0,29.1,29.3,29.4,29.2,3689.0,2400.0,2.0,0.0,1.0,45.5115,9.5322,180.0,180.0,0.01,0.0,0.0,0.0,0.0,0.0,0.0,0.0,0.0,0.0,0.0,0.0,0.0,0.0,0.0,0.0,4.93,9.09,False
2022-03-11 07:39:14.817,ETR700,e700_4801,151023,_Front_,Direzione avanti in M1,N,2022-03-11 10:06:02.42,8808.0,Milano,VEHICLE,VEHICLE,45.4877,9.206,1,2022-03-11 07:39:14.817,1.0,0.0,1.0,0.0,0.0,0.0,1.0,81.0,0.0,1.0,28.9,29.2,29.3,29.2,3439.0,2000.0,2.0,0.0,1.0,45.4877,9.206,250.0,0.0,0.01,0.0,0.0,0.0,0.0,0.0,0.0,0.0,0.0,0.0,0.0,0.0,0.0,0.0,0.0,0.0,4.93,8.77,False
2022-03-11 07:39:14.817,ETR700,e700_4801,158024,_Rear_,Direzione indietro in M8,N,2022-03-11 10:06:02.42,8808.0,Milano,VEHICLE,VEHICLE,45.4877,9.206,1,2022-03-11 07:39:14.817,1.0,0.0,1.0,0.0,0.0,0.0,1.0,81.0,0.0,1.0,28.9,29.2,29.3,29.2,3439.0,2000.0,2.0,0.0,1.0,45.4877,9.206,250.0,0.0,0.01,0.0,0.0,0.0,0.0,0.0,0.0,0.0,0.0,0.0,0.0,0.0,0.0,0.0,0.0,0.0,4.93,8.77,False
2022-03-11 07:16:35.619,ETR700,e700_4801,018202,CCU_FltWtbComm,Mancata comunicazione WTB in CCU M8,N,2022-03-11 07:16:37.816,3.0,Milano,VEHICLE,VEHICLE,45.4877,9.2058,0,2022-03-11 07:16:33.817,0.0,0.0,0.0,0.0,0.0,1.0,1.0,52.0,1.0,0.0,29.1,29.2,29.3,29.2,3445.0,2000.0,2.0,0.0,2.0,45.4877,9.2058,0.0,0.0,2.7,2.62,2.69,2.56,2.42,2.19,2.09,2.59,2.7,2.59,2.69,2.56,2.39,2.19,2.09,2.62,0.0,8.92,False
2022-03-11 07:16:35.619,ETR700,e700_4801,018200,CCU_FltWtbR1,Mancata ricezione R1 in CCU M8,N,2022-03-11 07:16:37.816,3.0,Milano,VEHICLE,VEHICLE,45.4877,9.2058,0,2022-03-11 07:16:33.817,0.0,0.0,0.0,0.0,0.0,1.0,1.0,52.0,1.0,0.0,29.1,29.2,29.3,29.2,3445.0,2000.0,2.0,0.0,2.0,45.4877,9.2058,0.0,0.0,2.7,2.62,2.69,2.56,2.42,2.19,2.09,2.59,2.7,2.59,2.69,2.56,2.39,2.19,2.09,2.62,0.0,8.92,True
2022-03-11 07:16:35.415,ETR700,e700_4801,150006,_Running_,Stato RUNNING attivo,N,2022-03-11 08:12:18.465,3344.0,Milano,VEHICLE,VEHICLE,45.4877,9.2058,0,2022-03-11 07:16:33.817,0.0,0.0,0.0,0.0,0.0,1.0,1.0,52.0,1.0,0.0,29.1,29.2,29.3,29.2,3445.0,2000.0,2.0,0.0,2.0,45.4877,9.2058,0.0,0.0,2.7,2.62,2.69,2.56,2.42,2.19,2.09,2.59,2.7,2.59,2.69,2.56,2.39,2.19,2.09,2.62,0.0,8.92,False
2022-03-11 07:16:33.817,ETR700,e700_4801,150007,_Standby_,Stato STANDBY attivo,N,2022-03-11 07:16:35.415,2.0,Milano,VEHICLE,VEHICLE,45.4877,9.2058,1,2022-03-11 07:16:33.817,0.0,0.0,0.0,0.0,0.0,1.0,1.0,52.0,1.0,0.0,29.1,29.2,29.3,29.2,3445.0,2000.0,2.0,0.0,2.0,45.4877,9.2058,0.0,0.0,2.7,2.62,2.69,2.56,2.42,2.19,2.09,2.59,2.7,2.59,2.69,2.56,2.39,2.19,2.09,2.62,0.0,8.92,False
2022-03-11 07:12:19.017,ETR700,e700_4801,150009,_Parking_,Stato PARKING attivo,N,2022-03-11 07:16:33.817,255.0,Milano,VEHICLE,VEHICLE,45.4878,9.2059,0,2022-03-11 07:12:15.016,0.0,0.0,0.0,0.0,0.0,1.0,1.0,64.0,1.0,0.0,29.3,29.4,29.4,29.3,3398.0,2000.0,2.0,0.0,2.0,45.4878,9.2059,0.0,0.0,2.7,2.61,2.69,2.57,2.42,2.19,2.08,2.6,2.69,2.58,2.69,2.57,2.42,2.19,2.08,2.61,0.0,9.44,False
2022-03-11 07:12:15.016,ETR700,e700_4801,158014,_DCPantoSts_,Pantografo DC alto in T7,N,2022-03-11 08:12:24.22,3610.0,Milano,VEHICLE,VEHICLE,45.4878,9.2059,0,2022-03-11 07:12:10.82,0.0,0.0,0.0,0.0,0.0,1.0,0.0,64.0,1.0,0.0,29.3,29.4,29.4,29.3,3423.0,2000.0,2.0,0.0,2.0,45.4878,9.2059,0.0,0.0,2.7,2.61,2.67,2.58,2.42,2.18,2.06,2.59,2.68,2.58,2.69,2.55,2.39,2.18,2.07,2.6,0.0,9.38,False
2022-03-11 07:12:11.421,ETR700,e700_4801,150007,_Standby_,Stato STANDBY attivo,N,2022-03-11 07:12:19.017,8.0,Milano,VEHICLE,VEHICLE,45.4878,9.2059,0,2022-03-11 07:12:10.82,0.0,0.0,0.0,0.0,0.0,1.0,0.0,64.0,1.0,0.0,29.3,29.4,29.4,29.3,3423.0,2000.0,2.0,0.0,2.0,45.4878,9.2059,0.0,0.0,2.7,2.61,2.67,2.58,2.42,2.18,2.06,2.59,2.68,2.58,2.69,2.55,2.39,2.18,2.07,2.6,0.0,9.38,False
2022-03-11 07:12:11.016,ETR700,e700_4801,ILCK_PROP_02,ILCK_PROP_02,Cod. 02 Taglio trazione comandato da RCEC,N,2022-03-11 07:44:18.218,1928.0,Milano,VEHICLE,VEHICLE,45.4878,9.2059,0,2022-03-11 07:12:10.82,0.0,0.0,0.0,0.0,0.0,1.0,0.0,64.0,1.0,0.0,29.3,29.4,29.4,29.3,3423.0,2000.0,2.0,0.0,2.0,45.4878,9.2059,0.0,0.0,2.7,2.61,2.67,2.58,2.42,2.18,2.06,2.59,2.68,2.58,2.69,2.55,2.39,2.18,2.07,2.6,0.0,9.38,False
2022-03-11 07:12:10.820,ETR700,e700_4801,011202,CCU_FltWtbComm,Mancata comunicazione WTB in CCU M1,N,2022-03-11 07:12:12.419,2.0,Milano,VEHICLE,VEHICLE,45.4878,9.2059,1,2022-03-11 07:12:10.82,0.0,0.0,0.0,0.0,0.0,1.0,0.0,64.0,1.0,0.0,29.3,29.4,29.4,29.3,3423.0,2000.0,2.0,0.0,2.0,45.4878,9.2059,0.0,0.0,2.7,2.61,2.67,2.58,2.42,2.18,2.06,2.59,2.68,2.58,2.69,2.55,2.39,2.18,2.07,2.6,0.0,9.38,False
2022-03-11 07:12:10.820,ETR700,e700_4801,011201,CCU_FltWtbR2,Mancata ricezione R2 in CCU M1,N,2022-03-11 07:12:12.419,2.0,Milano,VEHICLE,VEHICLE,45.4878,9.2059,1,2022-03-11 07:12:10.82,0.0,0.0,0.0,0.0,0.0,1.0,0.0,64.0,1.0,0.0,29.3,29.4,29.4,29.3,3423.0,2000.0,2.0,0.0,2.0,45.4878,9.2059,0.0,0.0,2.7,2.61,2.67,2.58,2.42,2.18,2.06,2.59,2.68,2.58,2.69,2.55,2.39,2.18,2.07,2.6,0.0,9.38,False
2022-03-11 07:12:10.820,ETR700,e700_4801,ILCK_PROP_15,ILCK_PROP_15,Cod. 15 Nessun banco abilitato,N,2022-03-11 07:16:35.619,265.0,Milano,MDS,MDS,45.4878,9.2059,1,2022-03-11 07:12:10.82,0.0,0.0,0.0,0.0,0.0,1.0,0.0,64.0,1.0,0.0,29.3,29.4,29.4,29.3,3423.0,2000.0,2.0,0.0,2.0,45.4878,9.2059,0.0,0.0,2.7,2.61,2.67,2.58,2.42,2.18,2.06,2.59,2.68,2.58,2.69,2.55,2.39,2.18,2.07,2.6,0.0,9.38,False
2022-03-11 07:11:21.218,ETR700,e700_4801,ILCK_PROP_11M8,ILCK_PROP_11M8,Cod. 11 Rilascio Porte Destre Attivo,N,2022-03-11 07:12:10.82,50.0,Milano,MDS,MDS,45.4877,9.2059,1,2022-03-11 07:11:21.218,0.0,1.0,2.0,0.0,0.0,1.0,0.0,64.0,1.0,0.0,29.2,29.4,29.4,29.2,3471.0,2000.0,2.0,0.0,1.0,45.4877,9.2059,30.0,0.0,2.69,2.6,2.7,2.79,2.66,2.21,2.13,2.59,2.68,2.58,2.69,2.64,2.55,2.21,2.15,2.6,0.02,8.34,False
2022-03-11 06:45:18.618,ETR700,e700_4801,ILCK_PROP_10,ILCK_PROP_10,Cod. 10 Nessuna velocita' impostata,N,2022-03-11 06:45:19.618,1.0,Milano,VEHICLE,VEHICLE,45.499,9.2176,0,2022-03-11 06:45:17.613,0.0,1.0,2.0,0.0,0.0,1.0,0.0,130.0,1.0,0.0,29.1,29.1,29.2,29.0,3491.0,2000.0,2.0,0.0,1.0,45.499,9.2176,250.0,0.0,0.01,0.0,0.0,0.0,0.0,0.0,0.0,0.0,0.0,0.0,0.0,0.0,0.0,0.0,0.0,0.0,4.95,9.05,False
2022-03-11 06:45:18.020,ETR700,e700_4801,151024,_Rear_,Direzione indietro in M1,N,2022-03-11 07:11:59.017,1601.0,Milano,VEHICLE,VEHICLE,45.499,9.2176,0,2022-03-11 06:45:17.613,0.0,1.0,2.0,0.0,0.0,1.0,0.0,130.0,1.0,0.0,29.1,29.1,29.2,29.0,3491.0,2000.0,2.0,0.0,1.0,45.499,9.2176,250.0,0.0,0.01,0.0,0.0,0.0,0.0,0.0,0.0,0.0,0.0,0.0,0.0,0.0,0.0,0.0,0.0,0.0,4.95,9.05,False
2022-03-11 06:45:17.613,ETR700,e700_4801,158023,_Front_,Direzione avanti in M8,N,2022-03-11 07:11:59.017,1602.0,Milano,VEHICLE,VEHICLE,45.499,9.2176,1,2022-03-11 06:45:17.613,0.0,1.0,2.0,0.0,0.0,1.0,0.0,130.0,1.0,0.0,29.1,29.1,29.2,29.0,3491.0,2000.0,2.0,0.0,1.0,45.499,9.2176,250.0,0.0,0.01,0.0,0.0,0.0,0.0,0.0,0.0,0.0,0.0,0.0,0.0,0.0,0.0,0.0,0.0,0.0,4.95,9.05,False
2022-03-11 06:44:05.419,ETR700,e700_4801,152019,_1Q21_,IR chiuso in cassa T2,N,2022-03-11 07:16:41.017,1956.0,Milano,AT,T2_1Q2_IR,45.499,9.2176,0,2022-03-11 06:44:00.821,0.0,1.0,0.0,0.0,0.0,1.0,1.0,130.0,0.0,1.0,29.0,29.1,29.2,29.0,3419.0,2000.0,2.0,0.0,4.0,45.499,9.2176,0.0,0.0,2.82,2.62,2.71,2.52,2.42,2.09,2.08,2.58,2.8,2.6,2.7,2.52,2.4,2.09,2.07,2.61,0.01,8.44,False
2022-03-11 06:44:01.022,ETR700,e700_4801,150006,_Running_,Stato RUNNING attivo,N,2022-03-11 07:12:11.421,1691.0,Milano,VEHICLE,VEHICLE,45.499,9.2176,0,2022-03-11 06:44:00.821,0.0,1.0,0.0,0.0,0.0,1.0,1.0,130.0,0.0,1.0,29.0,29.1,29.2,29.0,3419.0,2000.0,2.0,0.0,4.0,45.499,9.2176,0.0,0.0,2.82,2.62,2.71,2.52,2.42,2.09,2.08,2.58,2.8,2.6,2.7,2.52,2.4,2.09,2.07,2.61,0.01,8.44,False
2022-03-11 06:44:00.821,ETR700,e700_4801,011202,CCU_FltWtbComm,Mancata comunicazione WTB in CCU M1,N,2022-03-11 06:44:02.619,2.0,Milano,VEHICLE,VEHICLE,45.499,9.2176,1,2022-03-11 06:44:00.821,0.0,1.0,0.0,0.0,0.0,1.0,1.0,130.0,0.0,1.0,29.0,29.1,29.2,29.0,3419.0,2000.0,2.0,0.0,4.0,45.499,9.2176,0.0,0.0,2.82,2.62,2.71,2.52,2.42,2.09,2.08,2.58,2.8,2.6,2.7,2.52,2.4,2.09,2.07,2.61,0.01,8.44,False
2022-03-11 06:44:00.821,ETR700,e700_4801,011200,CCU_FltWtbR1,Mancata ricezione R1 in CCU M1,N,2022-03-11 06:44:02.619,2.0,Milano,VEHICLE,VEHICLE,45.499,9.2176,1,2022-03-11 06:44:00.821,0.0,1.0,0.0,0.0,0.0,1.0,1.0,130.0,0.0,1.0,29.0,29.1,29.2,29.0,3419.0,2000.0,2.0,0.0,4.0,45.499,9.2176,0.0,0.0,2.82,2.62,2.71,2.52,2.42,2.09,2.08,2.58,2.8,2.6,2.7,2.52,2.4,2.09,2.07,2.61,0.01,8.44,False
2022-03-11 06:38:35.819,ETR700,e700_4801,150009,_Parking_,Stato PARKING attivo,N,2022-03-11 06:44:01.022,326.0,Milano,VEHICLE,VEHICLE,45.499,9.2177,0,2022-03-11 06:38:32.014,0.0,0.0,0.0,0.0,0.0,1.0,1.0,158.0,0.0,1.0,28.9,29.0,29.1,28.9,3465.0,2000.0,2.0,0.0,2.0,45.499,9.2176,0.0,0.0,2.8,2.61,2.71,2.51,2.41,2.08,2.07,2.59,2.77,2.59,2.7,2.51,2.41,2.08,2.07,2.6,0.52,8.61,False
2022-03-11 06:38:32.014,ETR700,e700_4801,151014,_DCPantoSts_,Pantografo DC alto in T2,N,2022-03-11 07:16:48.419,2297.0,Milano,VEHICLE,VEHICLE,45.499,9.2176,0,2022-03-11 06:38:27.218,1.0,0.0,0.0,0.0,0.0,0.0,1.0,158.0,0.0,1.0,28.8,29.0,29.0,28.8,3459.0,2000.0,2.0,0.0,1.0,45.499,9.2176,250.0,0.0,2.78,2.59,2.69,2.51,2.41,2.07,2.02,2.58,2.76,2.58,2.7,2.49,2.38,2.07,2.03,2.58,0.56,8.62,False
2022-03-11 06:38:27.622,ETR700,e700_4801,150007,_Standby_,Stato STANDBY attivo,N,2022-03-11 06:38:35.819,9.0,Milano,VEHICLE,VEHICLE,45.499,9.2176,0,2022-03-11 06:38:27.218,1.0,0.0,0.0,0.0,0.0,0.0,1.0,158.0,0.0,1.0,28.8,29.0,29.0,28.8,3459.0,2000.0,2.0,0.0,1.0,45.499,9.2176,250.0,0.0,2.78,2.59,2.69,2.51,2.41,2.07,2.02,2.58,2.76,2.58,2.7,2.49,2.38,2.07,2.03,2.58,0.56,8.62,False
2022-03-11 06:38:27.420,ETR700,e700_4801,ILCK_PROP_15,ILCK_PROP_15,Cod. 15 Nessun banco abilitato,N,2022-03-11 06:44:00.821,334.0,Milano,MDS,MDS,45.499,9.2176,0,2022-03-11 06:38:27.218,1.0,0.0,0.0,0.0,0.0,0.0,1.0,158.0,0.0,1.0,28.8,29.0,29.0,28.8,3459.0,2000.0,2.0,0.0,1.0,45.499,9.2176,250.0,0.0,2.78,2.59,2.69,2.51,2.41,2.07,2.02,2.58,2.76,2.58,2.7,2.49,2.38,2.07,2.03,2.58,0.56,8.62,False
2022-03-11 06:38:27.218,ETR700,e700_4801,018202,CCU_FltWtbComm,Mancata comunicazione WTB in CCU M8,N,2022-03-11 06:38:28.959,2.0,Milano,VEHICLE,VEHICLE,45.499,9.2176,1,2022-03-11 06:38:27.218,1.0,0.0,0.0,0.0,0.0,0.0,1.0,158.0,0.0,1.0,28.8,29.0,29.0,28.8,3459.0,2000.0,2.0,0.0,1.0,45.499,9.2176,250.0,0.0,2.78,2.59,2.69,2.51,2.41,2.07,2.02,2.58,2.76,2.58,2.7,2.49,2.38,2.07,2.03,2.58,0.56,8.62,False
2022-03-11 06:38:27.218,ETR700,e700_4801,018201,CCU_FltWtbR2,Mancata ricezione R2 in CCU M8,N,2022-03-11 06:38:28.959,2.0,Milano,VEHICLE,VEHICLE,45.499,9.2176,1,2022-03-11 06:38:27.218,1.0,0.0,0.0,0.0,0.0,0.0,1.0,158.0,0.0,1.0,28.8,29.0,29.0,28.8,3459.0,2000.0,2.0,0.0,1.0,45.499,9.2176,250.0,0.0,2.78,2.59,2.69,2.51,2.41,2.07,2.02,2.58,2.76,2.58,2.7,2.49,2.38,2.07,2.03,2.58,0.56,8.62,False
2022-03-11 06:21:53.018,ETR700,e700_4801,ILCK_PROP_11M1,ILCK_PROP_11M1,Cod. 11 Rilascio Porte Destre Attivo,N,2022-03-11 06:37:37.817,945.0,Milano,MDS,MDS,45.4989,9.2176,1,2022-03-11 06:21:53.018,1.0,0.0,1.0,0.0,0.0,0.0,1.0,162.0,0.0,1.0,28.2,28.1,28.1,27.8,3491.0,2000.0,2.0,0.0,1.0,45.4989,9.2176,250.0,0.0,2.8,2.61,2.71,2.54,2.43,2.09,2.08,2.61,2.79,2.6,2.73,2.5,2.41,2.08,2.08,2.6,3.3,8.13,False
2022-03-11 06:14:24.819,ETR700,e700_4801,088172,_CabDamperY5S2ntcl_,Mancata chiusura damper Y5_S,N,2022-03-11 06:15:03.218,39.0,Milano,HVAC,HVAC_CAB_M8,45.4989,9.2176,1,2022-03-11 06:14:24.819,1.0,0.0,0.0,0.0,0.0,0.0,1.0,56.0,0.0,1.0,27.3,27.0,27.0,26.7,3389.0,2400.0,2.0,0.0,1.0,45.4989,9.2176,250.0,0.0,2.68,2.61,2.66,1.37,0.8,2.12,0.9,1.25,2.66,2.59,2.65,1.38,0.79,2.11,0.9,1.25,0.0,1.38,True
2022-03-11 06:13:53.017,ETR700,e700_4801,150025,_9S13_,Pressione CP sotto 7.5 bar in M1 (press. 9S13),N,2022-03-11 06:18:19.817,267.0,Milano,VEHICLE,VEHICLE,45.4989,9.2176,1,2022-03-11 06:13:53.017,1.0,0.0,0.0,0.0,0.0,0.0,1.0,28.0,0.0,1.0,27.1,26.7,26.6,26.2,3519.0,2400.0,2.0,0.0,1.0,45.4989,9.2176,250.0,0.0,2.67,2.61,2.66,1.37,0.45,2.12,0.0,1.25,2.66,2.59,2.65,1.38,0.43,2.11,0.0,1.24,0.0,0.01,True
2022-03-11 06:13:53.017,ETR700,e700_4801,158014,_DCPantoSts_,Pantografo DC alto in T7,N,2022-03-11 06:44:12.616,1820.0,Milano,VEHICLE,VEHICLE,45.4989,9.2176,1,2022-03-11 06:13:53.017,1.0,0.0,0.0,0.0,0.0,0.0,1.0,28.0,0.0,1.0,27.1,26.7,26.6,26.2,3519.0,2400.0,2.0,0.0,1.0,45.4989,9.2176,250.0,0.0,2.67,2.61,2.66,1.37,0.45,2.12,0.0,1.25,2.66,2.59,2.65,1.38,0.43,2.11,0.0,1.24,0.0,0.01,False
2022-03-11 06:13:53.017,ETR700,e700_4801,ILCK_PROP_02,ILCK_PROP_02,Cod. 02 Taglio trazione comandato da RCEC,N,2022-03-11 06:45:13.217,1881.0,Milano,VEHICLE,VEHICLE,45.4989,9.2176,1,2022-03-11 06:13:53.017,1.0,0.0,0.0,0.0,0.0,0.0,1.0,28.0,0.0,1.0,27.1,26.7,26.6,26.2,3519.0,2400.0,2.0,0.0,1.0,45.4989,9.2176,250.0,0.0,2.67,2.61,2.66,1.37,0.45,2.12,0.0,1.25,2.66,2.59,2.65,1.38,0.43,2.11,0.0,1.24,0.0,0.01,False
2022-03-11 06:13:53.017,ETR700,e700_4801,150004,_LineVoltType_,Selezionata tensione 3 kV,N,2022-03-11 08:12:25.262,7113.0,Milano,VEHICLE,VEHICLE,45.4989,9.2176,1,2022-03-11 06:13:53.017,1.0,0.0,0.0,0.0,0.0,0.0,1.0,28.0,0.0,1.0,27.1,26.7,26.6,26.2,3519.0,2400.0,2.0,0.0,1.0,45.4989,9.2176,250.0,0.0,2.67,2.61,2.66,1.37,0.45,2.12,0.0,1.25,2.66,2.59,2.65,1.38,0.43,2.11,0.0,1.24,0.0,0.01,True
2022-03-11 06:13:53.017,ETR700,e700_4801,150006,_Running_,Stato RUNNING attivo,N,2022-03-11 06:38:27.622,1475.0,Milano,VEHICLE,VEHICLE,45.4989,9.2176,1,2022-03-11 06:13:53.017,1.0,0.0,0.0,0.0,0.0,0.0,1.0,28.0,0.0,1.0,27.1,26.7,26.6,26.2,3519.0,2400.0,2.0,0.0,1.0,45.4989,9.2176,250.0,0.0,2.67,2.61,2.66,1.37,0.45,2.12,0.0,1.25,2.66,2.59,2.65,1.38,0.43,2.11,0.0,1.24,0.0,0.01,False
2022-03-10 21:57:02.817,ETR700,e700_4801,ILCK_PROP_21M1,ILCK_PROP_21M1,Cod. 21 AT non presente,N,2022-03-10 21:57:16.252,14.0,Milano,MDS,MDS,45.4989,9.2176,0,2022-03-10 21:57:00.417,1.0,0.0,0.0,0.0,0.0,0.0,1.0,60.0,0.0,1.0,29.0,29.2,29.3,29.2,3575.0,2000.0,2.0,0.0,1.0,45.4989,9.2176,30.0,0.0,0.0,0.0,0.0,0.0,0.0,0.0,0.0,0.0,0.0,0.0,0.0,0.0,0.0,0.0,0.0,0.0,4.95,9.6,False
2022-03-10 21:35:26.816,ETR700,e700_4801,151023,_Front_,Direzione avanti in M1,N,2022-03-10 21:45:02.818,577.0,Milano,VEHICLE,VEHICLE,45.4877,9.2061,1,2022-03-10 21:35:26.816,1.0,0.0,1.0,0.0,0.0,0.0,1.0,68.0,0.0,1.0,29.0,29.2,29.3,29.2,3548.0,2000.0,2.0,0.0,1.0,45.4877,9.2061,250.0,0.0,0.01,0.0,0.0,0.0,0.0,0.0,0.0,0.0,0.01,0.0,0.0,0.0,0.0,0.0,0.0,0.01,4.96,9.23,False
2022-03-10 21:35:26.816,ETR700,e700_4801,158024,_Rear_,Direzione indietro in M8,N,2022-03-10 21:45:02.818,577.0,Milano,VEHICLE,VEHICLE,45.4877,9.2061,1,2022-03-10 21:35:26.816,1.0,0.0,1.0,0.0,0.0,0.0,1.0,68.0,0.0,1.0,29.0,29.2,29.3,29.2,3548.0,2000.0,2.0,0.0,1.0,45.4877,9.2061,250.0,0.0,0.01,0.0,0.0,0.0,0.0,0.0,0.0,0.0,0.01,0.0,0.0,0.0,0.0,0.0,0.0,0.01,4.96,9.23,False
2022-03-10 21:31:56.016,ETR700,e700_4801,018202,CCU_FltWtbComm,Mancata comunicazione WTB in CCU M8,N,2022-03-10 21:31:57.808,2.0,Milano,VEHICLE,VEHICLE,45.4877,9.2061,0,2022-03-10 21:31:54.62,0.0,0.0,0.0,0.0,0.0,1.0,1.0,36.0,1.0,0.0,29.1,29.2,29.3,29.2,3494.0,2000.0,2.0,0.0,2.0,45.4877,9.2061,0.0,0.0,2.67,2.65,2.77,2.71,2.42,2.24,2.27,2.73,2.66,2.62,2.77,2.71,2.4,2.24,2.27,2.74,0.0,8.85,False
2022-03-10 21:31:56.016,ETR700,e700_4801,018200,CCU_FltWtbR1,Mancata ricezione R1 in CCU M8,N,2022-03-10 21:31:57.808,2.0,Milano,VEHICLE,VEHICLE,45.4877,9.2061,0,2022-03-10 21:31:54.62,0.0,0.0,0.0,0.0,0.0,1.0,1.0,36.0,1.0,0.0,29.1,29.2,29.3,29.2,3494.0,2000.0,2.0,0.0,2.0,45.4877,9.2061,0.0,0.0,2.67,2.65,2.77,2.71,2.42,2.24,2.27,2.73,2.66,2.62,2.77,2.71,2.4,2.24,2.27,2.74,0.0,8.85,True
2022-03-10 21:31:56.016,ETR700,e700_4801,150006,_Running_,Stato RUNNING attivo,N,2022-03-10 21:57:16.252,1521.0,Milano,VEHICLE,VEHICLE,45.4877,9.2061,0,2022-03-10 21:31:54.62,0.0,0.0,0.0,0.0,0.0,1.0,1.0,36.0,1.0,0.0,29.1,29.2,29.3,29.2,3494.0,2000.0,2.0,0.0,2.0,45.4877,9.2061,0.0,0.0,2.67,2.65,2.77,2.71,2.42,2.24,2.27,2.73,2.66,2.62,2.77,2.71,2.4,2.24,2.27,2.74,0.0,8.85,False
2022-03-10 21:31:55.816,ETR700,e700_4801,ILCK_PROP_10,ILCK_PROP_10,Cod. 10 Nessuna velocita' impostata,N,2022-03-10 21:31:56.22,1.0,Milano,VEHICLE,VEHICLE,45.4877,9.2061,0,2022-03-10 21:31:54.62,0.0,0.0,0.0,0.0,0.0,1.0,1.0,36.0,1.0,0.0,29.1,29.2,29.3,29.2,3494.0,2000.0,2.0,0.0,2.0,45.4877,9.2061,0.0,0.0,2.67,2.65,2.77,2.71,2.42,2.24,2.27,2.73,2.66,2.62,2.77,2.71,2.4,2.24,2.27,2.74,0.0,8.85,False
2022-03-10 21:31:54.620,ETR700,e700_4801,150007,_Standby_,Stato STANDBY attivo,N,2022-03-10 21:31:56.016,2.0,Milano,VEHICLE,VEHICLE,45.4877,9.2061,1,2022-03-10 21:31:54.62,0.0,0.0,0.0,0.0,0.0,1.0,1.0,36.0,1.0,0.0,29.1,29.2,29.3,29.2,3494.0,2000.0,2.0,0.0,2.0,45.4877,9.2061,0.0,0.0,2.67,2.65,2.77,2.71,2.42,2.24,2.27,2.73,2.66,2.62,2.77,2.71,2.4,2.24,2.27,2.74,0.0,8.85,False
2022-03-10 21:20:01.818,ETR700,e700_4801,150007,_Standby_,Stato STANDBY attivo,N,2022-03-10 21:20:09.416,8.0,Milano,VEHICLE,VEHICLE,45.4877,9.206,0,2022-03-10 21:20:01.418,0.0,0.0,2.0,0.0,0.0,1.0,0.0,60.0,1.0,0.0,29.0,29.2,29.3,29.1,3427.0,2000.0,2.0,0.0,1.0,45.4877,9.206,250.0,0.0,2.64,2.62,2.74,2.71,2.41,2.22,2.22,2.75,2.63,2.59,2.76,2.7,2.38,2.21,2.23,2.74,0.58,9.49,False
2022-03-10 21:20:01.418,ETR700,e700_4801,011202,CCU_FltWtbComm,Mancata comunicazione WTB in CCU M1,N,2022-03-10 21:20:03.215,2.0,Milano,VEHICLE,VEHICLE,45.4877,9.206,0,2022-03-10 21:19:56.617,0.0,1.0,2.0,0.0,0.0,1.0,0.0,56.0,1.0,0.0,29.0,29.2,29.3,29.1,3438.0,2000.0,2.0,0.0,1.0,45.4877,9.206,250.0,0.0,2.63,2.61,2.73,2.7,2.41,2.21,2.19,2.74,2.62,2.58,2.75,2.7,2.38,2.2,2.2,2.74,0.51,9.41,False
2022-03-10 21:20:01.418,ETR700,e700_4801,011201,CCU_FltWtbR2,Mancata ricezione R2 in CCU M1,N,2022-03-10 21:20:03.215,2.0,Milano,VEHICLE,VEHICLE,45.4877,9.206,0,2022-03-10 21:19:56.617,0.0,1.0,2.0,0.0,0.0,1.0,0.0,56.0,1.0,0.0,29.0,29.2,29.3,29.1,3438.0,2000.0,2.0,0.0,1.0,45.4877,9.206,250.0,0.0,2.63,2.61,2.73,2.7,2.41,2.21,2.19,2.74,2.62,2.58,2.75,2.7,2.38,2.2,2.2,2.74,0.51,9.41,False
2022-03-10 21:20:01.418,ETR700,e700_4801,ILCK_PROP_15,ILCK_PROP_15,Cod. 15 Nessun banco abilitato,N,2022-03-10 21:31:56.22,715.0,Milano,MDS,MDS,45.4877,9.206,0,2022-03-10 21:19:56.617,0.0,1.0,2.0,0.0,0.0,1.0,0.0,56.0,1.0,0.0,29.0,29.2,29.3,29.1,3438.0,2000.0,2.0,0.0,1.0,45.4877,9.206,250.0,0.0,2.63,2.61,2.73,2.7,2.41,2.21,2.19,2.74,2.62,2.58,2.75,2.7,2.38,2.2,2.2,2.74,0.51,9.41,False
2022-03-10 21:19:55.619,ETR700,e700_4801,ILCK_PROP_02,ILCK_PROP_02,Cod. 02 Taglio trazione comandato da RCEC,N,2022-03-10 21:32:42.619,767.0,Milano,VEHICLE,VEHICLE,45.4877,9.206,0,2022-03-10 21:19:52.022,0.0,1.0,2.0,0.0,0.0,1.0,0.0,56.0,1.0,0.0,29.0,29.2,29.2,29.1,3422.0,2000.0,2.0,0.0,1.0,45.4877,9.206,250.0,0.0,2.39,2.43,2.77,2.64,2.47,2.07,2.28,2.71,2.33,2.52,2.74,2.52,2.28,2.07,2.37,2.76,0.39,9.35,False
2022-03-10 21:15:44.616,ETR700,e700_4801,158023,_Front_,Direzione avanti in M8,N,2022-03-10 21:18:16.82,153.0,Milano,VEHICLE,VEHICLE,45.497,9.2178,1,2022-03-10 21:15:44.616,0.0,1.0,2.0,0.0,0.0,1.0,0.0,52.0,1.0,0.0,29.1,29.2,29.3,29.1,3538.0,2000.0,2.0,1.0,1.0,45.497,9.2178,250.0,0.0,0.52,0.51,0.49,0.49,0.49,0.5,0.51,0.5,0.51,0.51,0.5,0.51,0.52,0.51,0.51,0.51,4.48,9.54,False
2022-03-10 21:15:44.616,ETR700,e700_4801,151024,_Rear_,Direzione indietro in M1,N,2022-03-10 21:18:16.82,153.0,Milano,VEHICLE,VEHICLE,45.497,9.2178,1,2022-03-10 21:15:44.616,0.0,1.0,2.0,0.0,0.0,1.0,0.0,52.0,1.0,0.0,29.1,29.2,29.3,29.1,3538.0,2000.0,2.0,1.0,1.0,45.497,9.2178,250.0,0.0,0.52,0.51,0.49,0.49,0.49,0.5,0.51,0.5,0.51,0.51,0.5,0.51,0.52,0.51,0.51,0.51,4.48,9.54,False
2022-03-10 21:10:09.619,ETR700,e700_4801,158023,_Front_,Direzione avanti in M8,N,2022-03-10 21:13:24.82,196.0,Milano,VEHICLE,VEHICLE,45.4714,9.2453,1,2022-03-10 21:10:09.619,0.0,1.0,2.0,0.0,0.0,1.0,0.0,52.0,1.0,0.0,29.0,29.2,29.3,29.1,3685.0,2000.0,2.0,0.0,1.0,45.4714,9.2453,250.0,41.0,0.1,0.07,0.1,0.08,0.15,0.1,0.12,0.12,0.08,0.07,0.1,0.08,0.15,0.1,0.14,0.14,4.73,8.54,False
2022-03-10 21:10:09.619,ETR700,e700_4801,151024,_Rear_,Direzione indietro in M1,N,2022-03-10 21:13:24.82,196.0,Milano,VEHICLE,VEHICLE,45.4714,9.2453,1,2022-03-10 21:10:09.619,0.0,1.0,2.0,0.0,0.0,1.0,0.0,52.0,1.0,0.0,29.0,29.2,29.3,29.1,3685.0,2000.0,2.0,0.0,1.0,45.4714,9.2453,250.0,41.0,0.1,0.07,0.1,0.08,0.15,0.1,0.12,0.12,0.08,0.07,0.1,0.08,0.15,0.1,0.14,0.14,4.73,8.54,False
2022-03-10 21:08:23.220,ETR700,e700_4801,158023,_Front_,Direzione avanti in M8,N,2022-03-10 21:09:44.416,82.0,Milano,VEHICLE,VEHICLE,45.4758,9.273,0,2022-03-10 21:08:23.019,0.0,1.0,2.0,0.0,0.0,1.0,0.0,48.0,1.0,0.0,29.0,29.2,29.3,29.1,3654.0,2000.0,2.0,0.0,1.0,45.4758,9.273,250.0,92.0,0.01,0.0,0.0,0.01,0.01,0.0,0.0,0.0,0.0,0.0,0.0,0.01,0.01,0.0,0.0,0.0,4.88,9.43,False
2022-03-10 21:08:23.220,ETR700,e700_4801,151024,_Rear_,Direzione indietro in M1,N,2022-03-10 21:09:44.416,82.0,Milano,VEHICLE,VEHICLE,45.4758,9.273,0,2022-03-10 21:08:23.019,0.0,1.0,2.0,0.0,0.0,1.0,0.0,48.0,1.0,0.0,29.0,29.2,29.3,29.1,3654.0,2000.0,2.0,0.0,1.0,45.4758,9.273,250.0,92.0,0.01,0.0,0.0,0.01,0.01,0.0,0.0,0.0,0.0,0.0,0.0,0.01,0.01,0.0,0.0,0.0,4.88,9.43,False
2022-03-10 21:07:20.421,ETR700,e700_4801,158023,_Front_,Direzione avanti in M8,N,2022-03-10 21:07:42.42,22.0,Vimodrone,VEHICLE,VEHICLE,45.481,9.3016,0,2022-03-10 21:07:20.221,0.0,1.0,2.0,0.0,0.0,1.0,0.0,56.0,1.0,0.0,29.0,29.2,29.3,29.1,3671.0,2000.0,2.0,0.0,1.0,45.481,9.3016,250.0,150.0,0.01,0.0,0.0,0.0,0.0,0.0,0.0,0.0,0.01,0.0,0.0,0.0,0.0,0.0,0.0,0.01,4.96,8.8,False
2022-03-10 21:07:20.421,ETR700,e700_4801,151024,_Rear_,Direzione indietro in M1,N,2022-03-10 21:07:42.218,22.0,Vimodrone,VEHICLE,VEHICLE,45.481,9.3016,0,2022-03-10 21:07:20.221,0.0,1.0,2.0,0.0,0.0,1.0,0.0,56.0,1.0,0.0,29.0,29.2,29.3,29.1,3671.0,2000.0,2.0,0.0,1.0,45.481,9.3016,250.0,150.0,0.01,0.0,0.0,0.0,0.0,0.0,0.0,0.0,0.01,0.0,0.0,0.0,0.0,0.0,0.0,0.01,4.96,8.8,False
2022-03-10 21:01:24.617,ETR700,e700_4801,152019,_1Q21_,IR chiuso in cassa T2,N,2022-03-10 21:32:01.22,1837.0,Treviglio,AT,T2_1Q2_IR,45.5111,9.5256,0,2022-03-10 21:01:19.817,0.0,1.0,2.0,0.0,0.0,1.0,0.0,8.0,0.0,0.0,23.1,23.5,23.6,23.5,3710.0,2000.0,2.0,0.0,1.0,45.5113,9.5283,250.0,195.0,0.01,0.0,0.0,0.0,0.0,0.0,0.0,0.0,0.0,0.0,0.0,0.0,0.0,0.0,0.0,0.0,4.97,8.97,False
2022-03-10 21:01:15.615,ETR700,e700_4801,151014,_DCPantoSts_,Pantografo DC alto in T2,N,2022-03-10 21:32:09.019,1854.0,Treviglio,VEHICLE,VEHICLE,45.5114,9.5311,0,2022-03-10 21:01:10.615,0.0,1.0,2.0,0.0,0.0,0.0,0.0,0.0,0.0,0.0,23.2,23.6,23.7,23.6,0.0,2000.0,2.0,0.0,1.0,45.5114,9.5353,250.0,198.0,0.01,0.0,0.0,0.0,0.0,0.0,0.0,0.0,0.0,0.0,0.0,0.0,0.0,0.0,0.0,0.0,4.97,9.05,False
2022-03-10 21:01:08.418,ETR700,e700_4801,ILCK_IR_T7_42,ILCK_IR_T7_42,Cod 42. Pantografo DC non alto,N,2022-03-10 21:01:15.615,8.0,Treviglio,AT,T2_1Q2_IR,45.5114,9.5367,0,2022-03-10 21:01:03.817,0.0,1.0,2.0,0.0,0.0,0.0,0.0,0.0,0.0,0.0,23.2,23.6,23.7,23.7,3.0,2000.0,4.0,0.0,1.0,45.5111,9.5402,250.0,199.0,0.01,0.0,0.0,0.0,0.0,0.0,0.0,0.0,0.0,0.0,0.0,0.0,0.0,0.0,0.0,0.0,4.97,9.09,True
2022-03-10 21:01:03.817,ETR700,e700_4801,150006,_Running_,Stato RUNNING attivo,N,2022-03-10 21:20:01.818,1139.0,Treviglio,VEHICLE,VEHICLE,45.5111,9.5402,1,2022-03-10 21:01:03.817,0.0,1.0,2.0,0.0,0.0,0.0,0.0,0.0,0.0,0.0,23.2,23.6,23.7,23.7,3.0,2000.0,4.0,0.0,1.0,45.5111,9.5402,250.0,199.0,0.01,0.0,0.0,0.0,0.0,0.0,0.0,0.0,0.0,0.0,0.0,0.0,0.0,0.0,0.0,0.0,4.97,9.09,False
2022-03-10 21:00:53.646,ETR700,e700_4801,150011,_PantoLowSts_,Nessun pantografo alto,N,2022-03-10 21:01:15.615,22.0,Treviglio,VEHICLE,VEHICLE,45.5101,9.5472,0,2022-03-10 21:00:49.42,0.0,1.0,2.0,1.0,0.0,0.0,0.0,0.0,0.0,0.0,29.1,29.2,29.3,29.2,26858.0,2000.0,4.0,0.0,1.0,45.5096,9.5499,250.0,202.0,0.01,0.0,0.0,0.0,0.0,0.0,0.0,0.0,0.01,0.0,0.01,0.0,0.0,0.0,0.0,0.0,4.96,9.16,False
2022-03-10 21:00:49.821,ETR700,e700_4801,ILCK_PROP_21M8,ILCK_PROP_21M8,Cod. 21 AT non presente,N,2022-03-10 21:01:24.617,35.0,Treviglio,MDS,MDS,45.5096,9.5499,0,2022-03-10 21:00:45.223,0.0,1.0,2.0,1.0,0.0,0.0,0.0,12.0,1.0,0.0,29.1,29.2,29.3,29.2,26809.0,2000.0,4.0,0.0,1.0,45.5091,9.5527,250.0,203.0,0.01,0.0,0.0,0.0,0.0,0.0,0.0,0.0,0.0,0.0,0.0,0.0,0.0,0.0,0.0,0.01,4.96,9.08,False
2022-03-10 21:00:49.617,ETR700,e700_4801,150010,_Poc_,Ingresso in POC,N,2022-03-10 21:01:03.817,15.0,Treviglio,VEHICLE,VEHICLE,45.5096,9.5499,0,2022-03-10 21:00:45.223,0.0,1.0,2.0,1.0,0.0,0.0,0.0,12.0,1.0,0.0,29.1,29.2,29.3,29.2,26809.0,2000.0,4.0,0.0,1.0,45.5091,9.5527,250.0,203.0,0.01,0.0,0.0,0.0,0.0,0.0,0.0,0.0,0.0,0.0,0.0,0.0,0.0,0.0,0.0,0.01,4.96,9.08,False
2022-03-10 21:00:49.420,ETR700,e700_4801,150016,_IRIP_OpenSts_,Nessun IR o IP chiuso,N,2022-03-10 21:01:24.617,36.0,Treviglio,VEHICLE,VEHICLE,45.5096,9.5499,0,2022-03-10 21:00:45.223,0.0,1.0,2.0,1.0,0.0,0.0,0.0,12.0,1.0,0.0,29.1,29.2,29.3,29.2,26809.0,2000.0,4.0,0.0,1.0,45.5091,9.5527,250.0,203.0,0.01,0.0,0.0,0.0,0.0,0.0,0.0,0.0,0.0,0.0,0.0,0.0,0.0,0.0,0.0,0.01,4.96,9.08,False
2022-03-10 21:00:47.419,ETR700,e700_4801,ILCK_IRIP_T7_09,ILCK_IRIP_T7_09,Cod 09. Apertura Interruttore principale da ETCS ,N,2022-03-10 21:00:53.646,7.0,Treviglio,AT,T2_1Q2_IR,45.5094,9.5514,0,2022-03-10 21:00:45.223,0.0,1.0,2.0,1.0,0.0,0.0,0.0,12.0,1.0,0.0,29.1,29.2,29.3,29.2,26809.0,2000.0,4.0,0.0,1.0,45.5091,9.5527,250.0,203.0,0.01,0.0,0.0,0.0,0.0,0.0,0.0,0.0,0.0,0.0,0.0,0.0,0.0,0.0,0.0,0.01,4.96,9.08,False
2022-03-10 20:50:34.217,ETR700,e700_4801,151015,_ACPantoSts_,Pantografo AC alto in T2,N,2022-03-10 21:00:53.646,620.0,Rovato,VEHICLE,VEHICLE,45.5246,10.0306,0,2022-03-10 20:50:31.014,0.0,1.0,2.0,0.0,0.0,0.0,0.0,0.0,0.0,0.0,23.1,23.5,23.6,23.5,1800.0,2000.0,4.0,0.0,1.0,45.525,10.0322,250.0,160.0,0.01,0.0,0.0,0.0,0.0,0.0,0.0,0.0,0.0,0.0,0.0,0.0,0.0,0.0,0.0,0.0,4.97,9.14,True
2022-03-10 20:50:27.017,ETR700,e700_4801,ILCK_IR_T2_41,ILCK_IR_T2_41,Cod 41. Line Voltage Type non 3KV,N,2022-03-10 21:01:08.418,642.0,Rovato,AT,T2_1Q2_IR,45.5257,10.0349,0,2022-03-10 20:50:23.619,0.0,1.0,2.0,0.0,0.0,0.0,0.0,0.0,0.0,0.0,23.2,23.6,23.7,23.6,0.0,2000.0,2.0,0.0,5.0,45.5261,10.0365,250.0,161.0,0.01,0.0,0.0,0.0,0.0,0.0,0.0,0.0,0.0,0.0,0.0,0.0,0.0,0.0,0.0,0.0,4.97,9.2,True
2022-03-10 20:50:27.017,ETR700,e700_4801,150005,_LineVoltType_,Selezionata tensione 25 kV,N,2022-03-10 21:01:08.418,642.0,Rovato,VEHICLE,VEHICLE,45.5257,10.0349,0,2022-03-10 20:50:23.619,0.0,1.0,2.0,0.0,0.0,0.0,0.0,0.0,0.0,0.0,23.2,23.6,23.7,23.6,0.0,2000.0,2.0,0.0,5.0,45.5261,10.0365,250.0,161.0,0.01,0.0,0.0,0.0,0.0,0.0,0.0,0.0,0.0,0.0,0.0,0.0,0.0,0.0,0.0,0.0,4.97,9.2,True
2022-03-10 20:50:24.217,ETR700,e700_4801,150006,_Running_,Stato RUNNING attivo,N,2022-03-10 21:00:49.617,626.0,Rovato,VEHICLE,VEHICLE,45.5261,10.0365,0,2022-03-10 20:50:23.619,0.0,1.0,2.0,0.0,0.0,0.0,0.0,0.0,0.0,0.0,23.2,23.6,23.7,23.6,0.0,2000.0,2.0,0.0,5.0,45.5261,10.0365,250.0,161.0,0.01,0.0,0.0,0.0,0.0,0.0,0.0,0.0,0.0,0.0,0.0,0.0,0.0,0.0,0.0,0.0,4.97,9.2,False
2022-03-10 20:50:17.811,ETR700,e700_4801,ILCK_IR_T7_42,ILCK_IR_T7_42,Cod 42. Pantografo DC non alto,N,2022-03-10 20:50:27.017,10.0,Rovato,AT,T2_1Q2_IR,45.5269,10.0397,0,2022-03-10 20:50:14.21,0.0,1.0,2.0,0.0,0.0,1.0,0.0,8.0,0.0,0.0,23.2,23.7,23.7,23.7,0.0,2000.0,2.0,0.0,5.0,45.5273,10.0414,250.0,162.0,0.01,0.0,0.0,0.0,0.0,0.0,0.0,0.0,0.0,0.0,0.0,0.0,0.0,0.0,0.0,0.0,4.97,9.25,True
2022-03-10 20:50:17.612,ETR700,e700_4801,150011,_PantoLowSts_,Nessun pantografo alto,N,2022-03-10 20:50:34.217,17.0,Rovato,VEHICLE,VEHICLE,45.5269,10.0397,0,2022-03-10 20:50:14.21,0.0,1.0,2.0,0.0,0.0,1.0,0.0,8.0,0.0,0.0,23.2,23.7,23.7,23.7,0.0,2000.0,2.0,0.0,5.0,45.5273,10.0414,250.0,162.0,0.01,0.0,0.0,0.0,0.0,0.0,0.0,0.0,0.0,0.0,0.0,0.0,0.0,0.0,0.0,0.0,4.97,9.25,False
2022-03-10 20:50:11.422,ETR700,e700_4801,150010,_Poc_,Ingresso in POC,N,2022-03-10 20:50:24.217,13.0,Rovato,VEHICLE,VEHICLE,45.5277,10.043,0,2022-03-10 20:50:06.821,0.0,1.0,2.0,0.0,0.0,1.0,0.0,60.0,1.0,0.0,29.0,29.2,29.3,29.0,3657.0,2000.0,2.0,0.0,1.0,45.5284,10.0457,250.0,162.0,0.01,0.0,0.0,0.0,0.0,0.0,0.0,0.0,0.0,0.0,0.0,0.0,0.0,0.0,0.0,0.0,4.97,9.22,False
2022-03-10 20:50:11.217,ETR700,e700_4801,ILCK_PROP_21M8,ILCK_PROP_21M8,Cod. 21 AT non presente,N,2022-03-10 20:50:43.018,32.0,Rovato,MDS,MDS,45.5277,10.043,0,2022-03-10 20:50:06.821,0.0,1.0,2.0,0.0,0.0,1.0,0.0,60.0,1.0,0.0,29.0,29.2,29.3,29.0,3657.0,2000.0,2.0,0.0,1.0,45.5284,10.0457,250.0,162.0,0.01,0.0,0.0,0.0,0.0,0.0,0.0,0.0,0.0,0.0,0.0,0.0,0.0,0.0,0.0,0.0,4.97,9.22,False
2022-03-10 20:50:10.424,ETR700,e700_4801,150016,_IRIP_OpenSts_,Nessun IR o IP chiuso,N,2022-03-10 20:50:42.621,33.0,Rovato,VEHICLE,VEHICLE,45.5277,10.043,0,2022-03-10 20:50:06.821,0.0,1.0,2.0,0.0,0.0,1.0,0.0,60.0,1.0,0.0,29.0,29.2,29.3,29.0,3657.0,2000.0,2.0,0.0,1.0,45.5284,10.0457,250.0,162.0,0.01,0.0,0.0,0.0,0.0,0.0,0.0,0.0,0.0,0.0,0.0,0.0,0.0,0.0,0.0,0.0,4.97,9.22,False
2022-03-10 20:50:08.817,ETR700,e700_4801,ILCK_IRIP_T7_09,ILCK_IRIP_T7_09,Cod 09. Apertura Interruttore principale da ETCS ,N,2022-03-10 20:50:14.444,6.0,Rovato,AT,T2_1Q2_IR,45.5281,10.0446,0,2022-03-10 20:50:06.821,0.0,1.0,2.0,0.0,0.0,1.0,0.0,60.0,1.0,0.0,29.0,29.2,29.3,29.0,3657.0,2000.0,2.0,0.0,1.0,45.5284,10.0457,250.0,162.0,0.01,0.0,0.0,0.0,0.0,0.0,0.0,0.0,0.0,0.0,0.0,0.0,0.0,0.0,0.0,0.0,4.97,9.22,False
2022-03-10 20:42:32.221,ETR700,e700_4801,158023,_Front_,Direzione avanti in M8,N,2022-03-10 21:07:12.622,1481.0,Brescia,VEHICLE,VEHICLE,45.531,10.2153,0,2022-03-10 20:42:29.015,0.0,1.0,2.0,0.0,0.0,1.0,0.0,52.0,1.0,0.0,29.1,29.2,29.3,29.1,3668.0,2000.0,2.0,0.0,1.0,45.531,10.2154,250.0,0.0,0.49,0.49,0.49,0.56,0.5,0.5,0.49,0.51,0.51,0.5,0.51,0.55,0.5,0.51,0.5,0.52,4.45,8.77,False
2022-03-10 20:42:32.019,ETR700,e700_4801,151024,_Rear_,Direzione indietro in M1,N,2022-03-10 21:07:12.622,1481.0,Brescia,VEHICLE,VEHICLE,45.531,10.2153,0,2022-03-10 20:42:29.015,0.0,1.0,2.0,0.0,0.0,1.0,0.0,52.0,1.0,0.0,29.1,29.2,29.3,29.1,3668.0,2000.0,2.0,0.0,1.0,45.531,10.2154,250.0,0.0,0.49,0.49,0.49,0.56,0.5,0.5,0.49,0.51,0.51,0.5,0.51,0.55,0.5,0.51,0.5,0.52,4.45,8.77,False
2022-03-10 20:37:37.823,ETR700,e700_4801,ILCK_PROP_11M8,ILCK_PROP_11M8,Cod. 11 Rilascio Porte Destre Attivo,N,2022-03-10 20:42:08.415,271.0,Brescia,MDS,MDS,45.531,10.2154,0,2022-03-10 20:37:36.026,0.0,1.0,2.0,0.0,0.0,1.0,0.0,52.0,1.0,0.0,29.0,29.2,29.3,29.1,3690.0,2000.0,2.0,0.0,1.0,45.531,10.2154,250.0,3.0,1.01,0.94,1.02,1.06,0.94,0.79,0.85,1.05,0.97,0.93,1.0,1.01,0.88,0.77,0.88,1.04,4.3,8.38,False
2022-03-10 20:35:37.018,ETR700,e700_4801,158023,_Front_,Direzione avanti in M8,N,2022-03-10 20:36:20.818,44.0,Brescia,VEHICLE,VEHICLE,45.5295,10.2343,0,2022-03-10 20:35:36.816,0.0,1.0,2.0,0.0,0.0,1.0,0.0,76.0,1.0,0.0,29.1,29.2,29.3,29.1,3621.0,2000.0,2.0,0.0,1.0,45.5295,10.2343,250.0,59.0,0.01,0.0,0.0,0.0,0.0,0.0,0.0,0.01,0.01,0.0,0.0,0.0,0.0,0.0,0.0,0.0,4.96,9.4,False
2022-03-10 20:35:37.018,ETR700,e700_4801,151024,_Rear_,Direzione indietro in M1,N,2022-03-10 20:36:20.818,44.0,Brescia,VEHICLE,VEHICLE,45.5295,10.2343,0,2022-03-10 20:35:36.816,0.0,1.0,2.0,0.0,0.0,1.0,0.0,76.0,1.0,0.0,29.1,29.2,29.3,29.1,3621.0,2000.0,2.0,0.0,1.0,45.5295,10.2343,250.0,59.0,0.01,0.0,0.0,0.0,0.0,0.0,0.0,0.01,0.01,0.0,0.0,0.0,0.0,0.0,0.0,0.0,4.96,9.4,False
2022-03-10 20:25:20.625,ETR700,e700_4801,158023,_Front_,Direzione avanti in M8,N,2022-03-10 20:34:26.82,547.0,Lonato del Garda,VEHICLE,VEHICLE,45.467,10.5122,0,2022-03-10 20:25:16.821,0.0,1.0,2.0,0.0,0.0,1.0,0.0,60.0,1.0,0.0,29.1,29.2,29.2,29.0,3631.0,2000.0,2.0,0.0,1.0,45.4676,10.5137,250.0,118.0,0.56,0.5,0.52,0.53,0.7,0.68,0.72,0.72,0.53,0.51,0.48,0.51,0.66,0.65,0.68,0.72,4.52,8.69,False
2022-03-10 20:25:20.625,ETR700,e700_4801,151024,_Rear_,Direzione indietro in M1,N,2022-03-10 20:34:26.82,547.0,Lonato del Garda,VEHICLE,VEHICLE,45.467,10.5122,0,2022-03-10 20:25:16.821,0.0,1.0,2.0,0.0,0.0,1.0,0.0,60.0,1.0,0.0,29.1,29.2,29.2,29.0,3631.0,2000.0,2.0,0.0,1.0,45.4676,10.5137,250.0,118.0,0.56,0.5,0.52,0.53,0.7,0.68,0.72,0.72,0.53,0.51,0.48,0.51,0.66,0.65,0.68,0.72,4.52,8.69,False
2022-03-10 20:15:46.222,ETR700,e700_4801,ILCK_PROP_11M8,ILCK_PROP_11M8,Cod. 11 Rilascio Porte Destre Attivo,N,2022-03-10 20:17:21.015,95.0,Peschiera del Garda,MDS,MDS,45.4393,10.7038,0,2022-03-10 20:15:42.217,0.0,1.0,2.0,0.0,0.0,1.0,0.0,59.0,1.0,0.0,29.0,29.2,29.2,29.1,3581.0,2000.0,2.0,0.0,1.0,45.4394,10.7039,250.0,9.0,1.46,1.45,1.54,1.55,1.81,1.82,1.84,1.9,1.49,1.45,1.5,1.53,1.77,1.75,1.84,1.9,3.97,8.26,False
2022-03-10 20:01:57.217,ETR700,e700_4801,158023,_Front_,Direzione avanti in M8,N,2022-03-10 20:25:13.219,1397.0,Verona,VEHICLE,VEHICLE,45.4287,10.9836,0,2022-03-10 20:01:52.82,0.0,1.0,2.0,0.0,0.0,1.0,0.0,64.0,1.0,0.0,29.0,29.2,29.3,29.1,3449.0,2000.0,2.0,0.0,1.0,45.4287,10.9836,250.0,0.0,0.09,0.02,0.09,0.07,0.09,0.05,0.1,0.1,0.08,0.03,0.08,0.05,0.1,0.06,0.1,0.1,4.64,8.52,False
2022-03-10 20:01:57.217,ETR700,e700_4801,151024,_Rear_,Direzione indietro in M1,N,2022-03-10 20:25:13.421,1397.0,Verona,VEHICLE,VEHICLE,45.4287,10.9836,0,2022-03-10 20:01:52.82,0.0,1.0,2.0,0.0,0.0,1.0,0.0,64.0,1.0,0.0,29.0,29.2,29.3,29.1,3449.0,2000.0,2.0,0.0,1.0,45.4287,10.9836,250.0,0.0,0.09,0.02,0.09,0.07,0.09,0.05,0.1,0.1,0.08,0.03,0.08,0.05,0.1,0.06,0.1,0.1,4.64,8.52,False
2022-03-10 19:58:08.020,ETR700,e700_4801,158023,_Front_,Direzione avanti in M8,N,2022-03-10 19:59:15.821,68.0,Verona,VEHICLE,VEHICLE,45.4267,11.0026,0,2022-03-10 19:58:07.819,0.0,1.0,2.0,0.0,0.0,1.0,0.0,64.0,1.0,0.0,29.0,29.2,29.3,29.1,3427.0,2000.0,2.0,0.0,1.0,45.4267,11.0026,250.0,25.0,0.01,0.0,0.0,0.0,0.0,0.0,0.0,0.0,0.01,0.0,0.01,0.0,0.0,0.0,0.0,0.01,4.95,8.6,False
2022-03-10 19:58:08.020,ETR700,e700_4801,151024,_Rear_,Direzione indietro in M1,N,2022-03-10 19:59:15.821,68.0,Verona,VEHICLE,VEHICLE,45.4267,11.0026,0,2022-03-10 19:58:07.819,0.0,1.0,2.0,0.0,0.0,1.0,0.0,64.0,1.0,0.0,29.0,29.2,29.3,29.1,3427.0,2000.0,2.0,0.0,1.0,45.4267,11.0026,250.0,25.0,0.01,0.0,0.0,0.0,0.0,0.0,0.0,0.0,0.01,0.0,0.01,0.0,0.0,0.0,0.0,0.01,4.95,8.6,False
2022-03-10 19:33:57.216,ETR700,e700_4801,158023,_Front_,Direzione avanti in M8,N,2022-03-10 19:57:15.822,1399.0,Vicenza,VEHICLE,VEHICLE,45.5411,11.5404,0,2022-03-10 19:33:53.817,0.0,1.0,2.0,0.0,0.0,1.0,0.0,52.0,1.0,0.0,29.1,29.2,29.3,29.1,3558.0,2000.0,2.0,0.0,1.0,45.5411,11.5404,250.0,0.0,0.1,0.09,0.08,0.11,0.12,0.1,0.09,0.08,0.1,0.09,0.08,0.09,0.12,0.09,0.1,0.09,4.64,8.6,False
2022-03-10 19:33:57.216,ETR700,e700_4801,151024,_Rear_,Direzione indietro in M1,N,2022-03-10 19:57:15.822,1399.0,Vicenza,VEHICLE,VEHICLE,45.5411,11.5404,0,2022-03-10 19:33:53.817,0.0,1.0,2.0,0.0,0.0,1.0,0.0,52.0,1.0,0.0,29.1,29.2,29.3,29.1,3558.0,2000.0,2.0,0.0,1.0,45.5411,11.5404,250.0,0.0,0.1,0.09,0.08,0.11,0.12,0.1,0.09,0.08,0.1,0.09,0.08,0.09,0.12,0.09,0.1,0.09,4.64,8.6,False
2022-03-10 19:15:58.618,ETR700,e700_4801,158023,_Front_,Direzione avanti in M8,N,2022-03-10 19:29:06.62,789.0,Padova,VEHICLE,VEHICLE,45.4177,11.8813,0,2022-03-10 19:15:54.018,0.0,1.0,2.0,0.0,0.0,1.0,0.0,48.0,1.0,0.0,29.1,29.2,29.3,29.1,3656.0,2000.0,2.0,0.0,1.0,45.4177,11.8813,250.0,0.0,0.45,0.48,0.37,0.55,0.38,0.48,0.39,0.5,0.43,0.49,0.37,0.55,0.4,0.49,0.39,0.48,4.44,9.48,False
2022-03-10 19:15:58.618,ETR700,e700_4801,151024,_Rear_,Direzione indietro in M1,N,2022-03-10 19:29:06.62,789.0,Padova,VEHICLE,VEHICLE,45.4177,11.8813,0,2022-03-10 19:15:54.018,0.0,1.0,2.0,0.0,0.0,1.0,0.0,48.0,1.0,0.0,29.1,29.2,29.3,29.1,3656.0,2000.0,2.0,0.0,1.0,45.4177,11.8813,250.0,0.0,0.45,0.48,0.37,0.55,0.38,0.48,0.39,0.5,0.43,0.49,0.37,0.55,0.4,0.49,0.39,0.48,4.44,9.48,False
2022-03-10 19:01:33.813,ETR700,e700_4801,151024,_Rear_,Direzione indietro in M1,N,2022-03-10 19:13:12.021,699.0,Venezia,VEHICLE,VEHICLE,45.4816,12.2337,0,2022-03-10 19:01:29.015,0.0,1.0,2.0,0.0,0.0,1.0,0.0,68.0,1.0,0.0,29.1,29.2,29.3,29.1,3515.0,2000.0,2.0,0.0,1.0,45.4816,12.2337,250.0,0.0,0.46,0.49,0.48,0.54,0.51,0.52,0.51,0.52,0.5,0.5,0.51,0.55,0.5,0.52,0.52,0.54,4.44,8.8,False
2022-03-10 19:01:33.616,ETR700,e700_4801,158023,_Front_,Direzione avanti in M8,N,2022-03-10 19:13:11.615,698.0,Venezia,VEHICLE,VEHICLE,45.4816,12.2337,0,2022-03-10 19:01:29.015,0.0,1.0,2.0,0.0,0.0,1.0,0.0,68.0,1.0,0.0,29.1,29.2,29.3,29.1,3515.0,2000.0,2.0,0.0,1.0,45.4816,12.2337,250.0,0.0,0.46,0.49,0.48,0.54,0.51,0.52,0.51,0.52,0.5,0.5,0.51,0.55,0.5,0.52,0.52,0.54,4.44,8.8,False
2022-03-10 18:54:17.615,ETR700,e700_4801,152019,_1Q21_,IR chiuso in cassa T2,N,2022-03-10 20:50:10.821,6954.0,Venezia,AT,T2_1Q2_IR,45.4816,12.2337,0,2022-03-10 18:54:12.817,0.0,0.0,0.0,0.0,0.0,1.0,1.0,56.0,0.0,1.0,29.1,29.2,29.3,29.1,3471.0,1600.0,2.0,0.0,4.0,45.4816,12.2337,0.0,0.0,2.62,2.6,2.71,2.64,2.4,2.18,2.18,2.69,2.62,2.57,2.72,2.66,2.4,2.18,2.19,2.7,0.13,9.35,False
2022-03-10 18:54:13.422,ETR700,e700_4801,150006,_Running_,Stato RUNNING attivo,N,2022-03-10 20:50:11.422,6958.0,Venezia,VEHICLE,VEHICLE,45.4816,12.2337,0,2022-03-10 18:54:12.817,0.0,0.0,0.0,0.0,0.0,1.0,1.0,56.0,0.0,1.0,29.1,29.2,29.3,29.1,3471.0,1600.0,2.0,0.0,4.0,45.4816,12.2337,0.0,0.0,2.62,2.6,2.71,2.64,2.4,2.18,2.18,2.69,2.62,2.57,2.72,2.66,2.4,2.18,2.19,2.7,0.13,9.35,False
2022-03-10 18:54:12.817,ETR700,e700_4801,011202,CCU_FltWtbComm,Mancata comunicazione WTB in CCU M1,N,2022-03-10 18:54:14.618,2.0,Venezia,VEHICLE,VEHICLE,45.4816,12.2337,1,2022-03-10 18:54:12.817,0.0,0.0,0.0,0.0,0.0,1.0,1.0,56.0,0.0,1.0,29.1,29.2,29.3,29.1,3471.0,1600.0,2.0,0.0,4.0,45.4816,12.2337,0.0,0.0,2.62,2.6,2.71,2.64,2.4,2.18,2.18,2.69,2.62,2.57,2.72,2.66,2.4,2.18,2.19,2.7,0.13,9.35,False
2022-03-10 18:54:12.817,ETR700,e700_4801,011200,CCU_FltWtbR1,Mancata ricezione R1 in CCU M1,N,2022-03-10 18:54:14.618,2.0,Venezia,VEHICLE,VEHICLE,45.4816,12.2337,1,2022-03-10 18:54:12.817,0.0,0.0,0.0,0.0,0.0,1.0,1.0,56.0,0.0,1.0,29.1,29.2,29.3,29.1,3471.0,1600.0,2.0,0.0,4.0,45.4816,12.2337,0.0,0.0,2.62,2.6,2.71,2.64,2.4,2.18,2.18,2.69,2.62,2.57,2.72,2.66,2.4,2.18,2.19,2.7,0.13,9.35,False
2022-03-10 18:50:55.816,ETR700,e700_4801,150009,_Parking_,Stato PARKING attivo,N,2022-03-10 18:54:13.422,198.0,Venezia,VEHICLE,VEHICLE,45.4815,12.2336,0,2022-03-10 18:50:52.213,0.0,0.0,1.0,0.0,0.0,1.0,1.0,64.0,0.0,1.0,29.0,29.2,29.3,29.1,3630.0,1600.0,2.0,0.0,2.0,45.4815,12.2336,0.0,0.0,2.61,2.6,2.71,2.64,2.41,2.18,2.19,2.69,2.61,2.58,2.73,2.66,2.4,2.18,2.18,2.69,0.59,8.57,False
2022-03-10 18:50:52.213,ETR700,e700_4801,151014,_DCPantoSts_,Pantografo DC alto in T2,N,2022-03-10 20:50:17.612,7166.0,Venezia,VEHICLE,VEHICLE,45.4815,12.2336,0,2022-03-10 18:50:47.817,1.0,0.0,1.0,0.0,0.0,0.0,1.0,68.0,0.0,1.0,28.9,29.2,29.3,29.1,3635.0,1600.0,2.0,0.0,1.0,45.4815,12.2336,30.0,0.0,2.61,2.6,2.69,2.65,2.4,2.18,2.16,2.69,2.61,2.58,2.72,2.66,2.38,2.17,2.18,2.68,1.82,8.48,False
2022-03-10 18:50:48.218,ETR700,e700_4801,ILCK_PROP_15,ILCK_PROP_15,Cod. 15 Nessun banco abilitato,N,2022-03-10 18:54:13.219,206.0,Venezia,MDS,MDS,45.4815,12.2336,0,2022-03-10 18:50:46.417,1.0,0.0,1.0,0.0,0.0,0.0,1.0,68.0,0.0,1.0,28.9,29.2,29.3,29.1,3638.0,1600.0,2.0,0.0,1.0,45.4815,12.2336,30.0,0.0,2.61,2.6,2.69,2.65,2.39,2.17,2.16,2.69,2.61,2.58,2.72,2.66,2.36,2.16,2.17,2.68,1.82,8.45,False
2022-03-10 18:50:48.019,ETR700,e700_4801,150007,_Standby_,Stato STANDBY attivo,N,2022-03-10 18:50:55.816,8.0,Venezia,VEHICLE,VEHICLE,45.4815,12.2336,0,2022-03-10 18:50:46.417,1.0,0.0,1.0,0.0,0.0,0.0,1.0,68.0,0.0,1.0,28.9,29.2,29.3,29.1,3638.0,1600.0,2.0,0.0,1.0,45.4815,12.2336,30.0,0.0,2.61,2.6,2.69,2.65,2.39,2.17,2.16,2.69,2.61,2.58,2.72,2.66,2.36,2.16,2.17,2.68,1.82,8.45,False
2022-03-10 18:50:47.817,ETR700,e700_4801,018202,CCU_FltWtbComm,Mancata comunicazione WTB in CCU M8,N,2022-03-10 18:50:49.615,2.0,Venezia,VEHICLE,VEHICLE,45.4815,12.2336,0,2022-03-10 18:50:46.417,1.0,0.0,1.0,0.0,0.0,0.0,1.0,68.0,0.0,1.0,28.9,29.2,29.3,29.1,3638.0,1600.0,2.0,0.0,1.0,45.4815,12.2336,30.0,0.0,2.61,2.6,2.69,2.65,2.39,2.17,2.16,2.69,2.61,2.58,2.72,2.66,2.36,2.16,2.17,2.68,1.82,8.45,False
2022-03-10 18:50:47.817,ETR700,e700_4801,018201,CCU_FltWtbR2,Mancata ricezione R2 in CCU M8,N,2022-03-10 18:50:49.615,2.0,Venezia,VEHICLE,VEHICLE,45.4815,12.2336,0,2022-03-10 18:50:46.417,1.0,0.0,1.0,0.0,0.0,0.0,1.0,68.0,0.0,1.0,28.9,29.2,29.3,29.1,3638.0,1600.0,2.0,0.0,1.0,45.4815,12.2336,30.0,0.0,2.61,2.6,2.69,2.65,2.39,2.17,2.16,2.69,2.61,2.58,2.72,2.66,2.36,2.16,2.17,2.68,1.82,8.45,False
2022-03-10 18:50:32.217,ETR700,e700_4801,ILCK_PROP_02,ILCK_PROP_02,Cod. 02 Taglio trazione comandato da RCEC,N,2022-03-10 18:56:01.016,329.0,Venezia,VEHICLE,VEHICLE,45.4815,12.2336,0,2022-03-10 18:50:27.817,1.0,0.0,1.0,0.0,0.0,0.0,1.0,68.0,0.0,1.0,28.9,29.2,29.3,29.1,3543.0,1600.0,2.0,0.0,1.0,45.4816,12.2336,30.0,0.0,1.1,1.04,1.12,1.03,1.05,0.93,0.91,1.04,1.13,1.06,1.1,1.04,1.03,0.91,0.89,1.05,4.26,8.19,False
2022-03-10 18:50:25.616,ETR700,e700_4801,ILCK_PROP_11M1,ILCK_PROP_11M1,Cod. 11 Rilascio Porte Destre Attivo,N,2022-03-10 18:50:48.218,23.0,Venezia,MDS,MDS,45.4816,12.2336,0,2022-03-10 18:50:22.622,1.0,0.0,1.0,0.0,0.0,0.0,1.0,60.0,0.0,1.0,29.0,29.2,29.3,29.1,3571.0,1600.0,2.0,0.0,1.0,45.4816,12.2336,30.0,7.0,1.23,1.18,1.3,1.26,1.45,1.46,1.47,1.57,1.2,1.17,1.27,1.19,1.42,1.41,1.55,1.6,4.09,8.15,False
2022-03-10 18:47:46.216,ETR700,e700_4801,ILCK_PROP_10,ILCK_PROP_10,Cod. 10 Nessuna velocita' impostata,N,2022-03-10 18:47:48.019,2.0,Venezia,VEHICLE,VEHICLE,45.4882,12.223,1,2022-03-10 18:47:46.216,1.0,0.0,1.0,0.0,0.0,0.0,1.0,64.0,0.0,1.0,29.0,29.2,29.3,29.1,3533.0,1600.0,2.0,0.0,1.0,45.4882,12.223,0.0,27.0,0.01,0.0,0.0,0.0,0.0,0.0,0.0,0.0,0.01,0.0,0.0,0.0,0.0,0.0,0.0,0.01,4.95,9.19,False
2022-03-10 18:02:54.423,ETR700,e700_4801,ILCK_PROP_11M1,ILCK_PROP_11M1,Cod. 11 Rilascio Porte Destre Attivo,N,2022-03-10 18:05:11.811,138.0,Palazzolo dello Stella,MDS,MDS,45.7777,13.0012,0,2022-03-10 18:02:52.424,1.0,0.0,1.0,0.0,0.0,0.0,1.0,60.0,0.0,1.0,28.9,29.2,29.3,29.1,3646.0,1200.0,2.0,0.0,1.0,45.7777,13.0012,150.0,3.0,0.92,1.09,0.85,1.04,0.85,0.95,0.81,0.88,0.95,1.09,0.91,1.05,0.88,0.93,0.84,0.91,4.28,8.94,False
2022-03-10 17:04:29.019,ETR700,e700_4801,151023,_Front_,Direzione avanti in M1,N,2022-03-10 18:50:37.22,6369.0,Trieste,VEHICLE,VEHICLE,45.6598,13.7702,1,2022-03-10 17:04:29.019,1.0,0.0,1.0,0.0,0.0,0.0,1.0,138.0,0.0,1.0,28.9,29.2,29.3,29.2,3514.0,1200.0,2.0,0.0,1.0,45.6598,13.7702,30.0,0.0,0.5,0.48,0.49,0.51,0.52,0.52,0.51,0.5,0.51,0.5,0.51,0.51,0.51,0.5,0.49,0.51,4.45,9.02,False
2022-03-10 17:04:29.019,ETR700,e700_4801,158024,_Rear_,Direzione indietro in M8,N,2022-03-10 18:50:37.22,6369.0,Trieste,VEHICLE,VEHICLE,45.6598,13.7702,1,2022-03-10 17:04:29.019,1.0,0.0,1.0,0.0,0.0,0.0,1.0,138.0,0.0,1.0,28.9,29.2,29.3,29.2,3514.0,1200.0,2.0,0.0,1.0,45.6598,13.7702,30.0,0.0,0.5,0.48,0.49,0.51,0.52,0.52,0.51,0.5,0.51,0.5,0.51,0.51,0.51,0.5,0.49,0.51,4.45,9.02,False
2022-03-10 17:03:18.016,ETR700,e700_4801,ILCK_PROP_10,ILCK_PROP_10,Cod. 10 Nessuna velocita' impostata,N,2022-03-10 17:03:19.814,2.0,Trieste,VEHICLE,VEHICLE,45.6598,13.7702,1,2022-03-10 17:03:18.016,1.0,0.0,1.0,0.0,0.0,0.0,1.0,48.0,0.0,1.0,28.9,29.2,29.3,29.2,3529.0,1200.0,2.0,0.0,1.0,45.6598,13.7702,0.0,0.0,0.5,0.48,0.49,0.51,0.52,0.52,0.51,0.5,0.51,0.5,0.51,0.51,0.51,0.5,0.49,0.51,4.45,9.16,False
2022-03-10 16:37:28.415,ETR700,e700_4801,ILCK_PROP_11M1,ILCK_PROP_11M1,Cod. 11 Rilascio Porte Destre Attivo,N,2022-03-10 17:04:36.216,1628.0,Trieste,MDS,MDS,45.6598,13.7702,1,2022-03-10 16:37:28.415,1.0,0.0,1.0,0.0,0.0,0.0,1.0,56.0,0.0,1.0,29.2,29.3,29.4,29.2,3589.0,2400.0,2.0,0.0,1.0,45.6598,13.7702,250.0,0.0,0.0,0.0,0.0,0.0,0.0,0.0,0.0,0.0,0.0,0.0,0.0,0.0,0.0,0.0,0.0,0.0,4.97,8.6,False
2022-03-10 16:16:14.619,ETR700,e700_4801,ILCK_PROP_02,ILCK_PROP_02,Cod. 02 Taglio trazione comandato da RCEC,N,2022-03-10 16:59:35.213,2601.0,Trieste,VEHICLE,VEHICLE,45.6599,13.7703,0,2022-03-10 16:16:12.614,0.0,0.0,0.0,0.0,0.0,1.0,1.0,60.0,1.0,0.0,28.8,28.9,28.9,28.7,3640.0,2400.0,2.0,0.0,2.0,45.6599,13.7703,0.0,0.0,2.68,2.61,2.66,2.6,2.42,2.16,2.09,2.6,2.67,2.58,2.63,2.6,2.39,2.16,2.08,2.62,0.09,9.49,False
2022-03-10 16:16:14.619,ETR700,e700_4801,150006,_Running_,Stato RUNNING attivo,N,2022-03-10 18:50:48.019,9274.0,Trieste,VEHICLE,VEHICLE,45.6599,13.7703,0,2022-03-10 16:16:12.614,0.0,0.0,0.0,0.0,0.0,1.0,1.0,60.0,1.0,0.0,28.8,28.9,28.9,28.7,3640.0,2400.0,2.0,0.0,2.0,45.6599,13.7703,0.0,0.0,2.68,2.61,2.66,2.6,2.42,2.16,2.09,2.6,2.67,2.58,2.63,2.6,2.39,2.16,2.08,2.62,0.09,9.49,False
2022-03-10 16:16:14.418,ETR700,e700_4801,018202,CCU_FltWtbComm,Mancata comunicazione WTB in CCU M8,N,2022-03-10 16:16:16.011,2.0,Trieste,VEHICLE,VEHICLE,45.6599,13.7703,0,2022-03-10 16:16:12.614,0.0,0.0,0.0,0.0,0.0,1.0,1.0,60.0,1.0,0.0,28.8,28.9,28.9,28.7,3640.0,2400.0,2.0,0.0,2.0,45.6599,13.7703,0.0,0.0,2.68,2.61,2.66,2.6,2.42,2.16,2.09,2.6,2.67,2.58,2.63,2.6,2.39,2.16,2.08,2.62,0.09,9.49,False
2022-03-10 16:16:14.418,ETR700,e700_4801,018200,CCU_FltWtbR1,Mancata ricezione R1 in CCU M8,N,2022-03-10 16:16:16.011,2.0,Trieste,VEHICLE,VEHICLE,45.6599,13.7703,0,2022-03-10 16:16:12.614,0.0,0.0,0.0,0.0,0.0,1.0,1.0,60.0,1.0,0.0,28.8,28.9,28.9,28.7,3640.0,2400.0,2.0,0.0,2.0,45.6599,13.7703,0.0,0.0,2.68,2.61,2.66,2.6,2.42,2.16,2.09,2.6,2.67,2.58,2.63,2.6,2.39,2.16,2.08,2.62,0.09,9.49,True
2022-03-10 16:16:12.614,ETR700,e700_4801,150007,_Standby_,Stato STANDBY attivo,N,2022-03-10 16:16:14.619,3.0,Trieste,VEHICLE,VEHICLE,45.6599,13.7703,1,2022-03-10 16:16:12.614,0.0,0.0,0.0,0.0,0.0,1.0,1.0,60.0,1.0,0.0,28.8,28.9,28.9,28.7,3640.0,2400.0,2.0,0.0,2.0,45.6599,13.7703,0.0,0.0,2.68,2.61,2.66,2.6,2.42,2.16,2.09,2.6,2.67,2.58,2.63,2.6,2.39,2.16,2.08,2.62,0.09,9.49,False
2022-03-10 16:12:31.417,ETR700,e700_4801,150009,_Parking_,Stato PARKING attivo,N,2022-03-10 16:16:12.614,222.0,Trieste,VEHICLE,VEHICLE,45.6599,13.7703,0,2022-03-10 16:12:27.617,0.0,0.0,0.0,0.0,0.0,1.0,1.0,56.0,1.0,0.0,28.6,28.5,28.6,28.3,3371.0,2400.0,2.0,0.0,2.0,45.6599,13.7703,0.0,0.0,2.67,2.6,2.65,2.59,2.41,2.15,2.09,2.6,2.65,2.58,2.63,2.61,2.4,2.15,2.08,2.61,0.56,8.78,False
2022-03-10 16:12:27.617,ETR700,e700_4801,158014,_DCPantoSts_,Pantografo DC alto in T7,N,2022-03-10 18:54:24.216,9717.0,Trieste,VEHICLE,VEHICLE,45.6599,13.7703,0,2022-03-10 16:12:23.221,0.0,0.0,0.0,0.0,0.0,1.0,0.0,60.0,1.0,0.0,28.6,28.5,28.6,28.3,3371.0,2400.0,2.0,0.0,2.0,45.6599,13.7703,250.0,0.0,2.66,2.58,2.63,2.6,2.41,2.14,2.08,2.6,2.65,2.57,2.63,2.58,2.38,2.14,2.09,2.6,1.68,8.81,False
2022-03-10 16:12:23.622,ETR700,e700_4801,150007,_Standby_,Stato STANDBY attivo,N,2022-03-10 16:12:31.417,8.0,Trieste,VEHICLE,VEHICLE,45.6599,13.7703,0,2022-03-10 16:12:23.221,0.0,0.0,0.0,0.0,0.0,1.0,0.0,60.0,1.0,0.0,28.6,28.5,28.6,28.3,3371.0,2400.0,2.0,0.0,2.0,45.6599,13.7703,250.0,0.0,2.66,2.58,2.63,2.6,2.41,2.14,2.08,2.6,2.65,2.57,2.63,2.58,2.38,2.14,2.09,2.6,1.68,8.81,False
2022-03-10 16:12:23.417,ETR700,e700_4801,011202,CCU_FltWtbComm,Mancata comunicazione WTB in CCU M1,N,2022-03-10 16:12:24.82,2.0,Trieste,VEHICLE,VEHICLE,45.6599,13.7703,0,2022-03-10 16:12:23.221,0.0,0.0,0.0,0.0,0.0,1.0,0.0,60.0,1.0,0.0,28.6,28.5,28.6,28.3,3371.0,2400.0,2.0,0.0,2.0,45.6599,13.7703,250.0,0.0,2.66,2.58,2.63,2.6,2.41,2.14,2.08,2.6,2.65,2.57,2.63,2.58,2.38,2.14,2.09,2.6,1.68,8.81,False
2022-03-10 16:12:23.417,ETR700,e700_4801,011201,CCU_FltWtbR2,Mancata ricezione R2 in CCU M1,N,2022-03-10 16:12:24.82,2.0,Trieste,VEHICLE,VEHICLE,45.6599,13.7703,0,2022-03-10 16:12:23.221,0.0,0.0,0.0,0.0,0.0,1.0,0.0,60.0,1.0,0.0,28.6,28.5,28.6,28.3,3371.0,2400.0,2.0,0.0,2.0,45.6599,13.7703,250.0,0.0,2.66,2.58,2.63,2.6,2.41,2.14,2.08,2.6,2.65,2.57,2.63,2.58,2.38,2.14,2.09,2.6,1.68,8.81,False
2022-03-10 16:12:23.221,ETR700,e700_4801,ILCK_PROP_15,ILCK_PROP_15,Cod. 15 Nessun banco abilitato,N,2022-03-10 16:16:14.418,232.0,Trieste,MDS,MDS,45.6599,13.7703,1,2022-03-10 16:12:23.221,0.0,0.0,0.0,0.0,0.0,1.0,0.0,60.0,1.0,0.0,28.6,28.5,28.6,28.3,3371.0,2400.0,2.0,0.0,2.0,45.6599,13.7703,250.0,0.0,2.66,2.58,2.63,2.6,2.41,2.14,2.08,2.6,2.65,2.57,2.63,2.58,2.38,2.14,2.09,2.6,1.68,8.81,False
2022-03-10 16:04:49.014,ETR700,e700_4801,152019,_1Q21_,IR chiuso in cassa T2,N,2022-03-10 16:16:20.742,692.0,Trieste,AT,T2_1Q2_IR,45.6599,13.7703,1,2022-03-10 16:04:49.014,0.0,1.0,0.0,0.0,0.0,1.0,0.0,12.0,1.0,0.0,22.3,22.8,22.9,23.0,3490.0,2400.0,2.0,0.0,1.0,45.6599,13.7703,250.0,0.0,2.65,2.6,2.64,2.67,2.0,2.19,0.05,2.58,2.63,2.57,2.65,2.67,2.0,2.18,0.06,2.6,0.0,0.15,False
2022-03-10 16:04:49.014,ETR700,e700_4801,150025,_9S13_,Pressione CP sotto 7.5 bar in M1 (press. 9S13),N,2022-03-10 16:08:26.418,218.0,Trieste,VEHICLE,VEHICLE,45.6599,13.7703,1,2022-03-10 16:04:49.014,0.0,1.0,0.0,0.0,0.0,1.0,0.0,12.0,1.0,0.0,22.3,22.8,22.9,23.0,3490.0,2400.0,2.0,0.0,1.0,45.6599,13.7703,250.0,0.0,2.65,2.6,2.64,2.67,2.0,2.19,0.05,2.58,2.63,2.57,2.65,2.67,2.0,2.18,0.06,2.6,0.0,0.15,True
2022-03-10 16:04:49.014,ETR700,e700_4801,088172,_CabDamperY5S2ntcl_,Mancata chiusura damper Y5_S,N,2022-03-10 16:06:06.017,78.0,Trieste,HVAC,HVAC_CAB_M8,45.6599,13.7703,1,2022-03-10 16:04:49.014,0.0,1.0,0.0,0.0,0.0,1.0,0.0,12.0,1.0,0.0,22.3,22.8,22.9,23.0,3490.0,2400.0,2.0,0.0,1.0,45.6599,13.7703,250.0,0.0,2.65,2.6,2.64,2.67,2.0,2.19,0.05,2.58,2.63,2.57,2.65,2.67,2.0,2.18,0.06,2.6,0.0,0.15,True
2022-03-10 16:04:49.014,ETR700,e700_4801,151014,_DCPantoSts_,Pantografo DC alto in T2,N,2022-03-10 16:16:27.215,699.0,Trieste,VEHICLE,VEHICLE,45.6599,13.7703,1,2022-03-10 16:04:49.014,0.0,1.0,0.0,0.0,0.0,1.0,0.0,12.0,1.0,0.0,22.3,22.8,22.9,23.0,3490.0,2400.0,2.0,0.0,1.0,45.6599,13.7703,250.0,0.0,2.65,2.6,2.64,2.67,2.0,2.19,0.05,2.58,2.63,2.57,2.65,2.67,2.0,2.18,0.06,2.6,0.0,0.15,False
2022-03-10 16:04:49.014,ETR700,e700_4801,ILCK_PROP_02,ILCK_PROP_02,Cod. 02 Taglio trazione comandato da RCEC,N,2022-03-10 16:12:23.417,455.0,Trieste,VEHICLE,VEHICLE,45.6599,13.7703,1,2022-03-10 16:04:49.014,0.0,1.0,0.0,0.0,0.0,1.0,0.0,12.0,1.0,0.0,22.3,22.8,22.9,23.0,3490.0,2400.0,2.0,0.0,1.0,45.6599,13.7703,250.0,0.0,2.65,2.6,2.64,2.67,2.0,2.19,0.05,2.58,2.63,2.57,2.65,2.67,2.0,2.18,0.06,2.6,0.0,0.15,False
2022-03-10 16:04:49.014,ETR700,e700_4801,150004,_LineVoltType_,Selezionata tensione 3 kV,N,2022-03-10 20:50:27.017,17139.0,Trieste,VEHICLE,VEHICLE,45.6599,13.7703,1,2022-03-10 16:04:49.014,0.0,1.0,0.0,0.0,0.0,1.0,0.0,12.0,1.0,0.0,22.3,22.8,22.9,23.0,3490.0,2400.0,2.0,0.0,1.0,45.6599,13.7703,250.0,0.0,2.65,2.6,2.64,2.67,2.0,2.19,0.05,2.58,2.63,2.57,2.65,2.67,2.0,2.18,0.06,2.6,0.0,0.15,True
2022-03-10 16:04:49.014,ETR700,e700_4801,150006,_Running_,Stato RUNNING attivo,N,2022-03-10 16:12:23.622,455.0,Trieste,VEHICLE,VEHICLE,45.6599,13.7703,1,2022-03-10 16:04:49.014,0.0,1.0,0.0,0.0,0.0,1.0,0.0,12.0,1.0,0.0,22.3,22.8,22.9,23.0,3490.0,2400.0,2.0,0.0,1.0,45.6599,13.7703,250.0,0.0,2.65,2.6,2.64,2.67,2.0,2.19,0.05,2.58,2.63,2.57,2.65,2.67,2.0,2.18,0.06,2.6,0.0,0.15,False
2022-03-10 12:21:16.056,ETR700,e700_4801,ILCK_PROP_21M8,ILCK_PROP_21M8,Cod. 21 AT non presente,N,2022-03-10 12:21:29.266,14.0,Trieste,MDS,MDS,45.6598,13.7701,0,2022-03-10 12:21:12.03,0.0,1.0,0.0,0.0,0.0,1.0,0.0,56.0,1.0,0.0,29.1,29.2,29.3,29.2,3501.0,1600.0,2.0,0.0,1.0,45.6598,13.7701,80.0,0.0,2.66,2.59,2.63,2.63,2.4,2.19,2.13,2.61,2.64,2.57,2.64,2.62,2.38,2.18,2.13,2.63,0.17,9.16,False
2022-03-10 12:21:12.230,ETR700,e700_4801,150018,_CmdOpenIR_,Comando apertura IR/IP da banco,N,2022-03-10 12:21:13.032,1.0,Trieste,VEHICLE,VEHICLE,45.6598,13.7701,0,2022-03-10 12:21:09.228,0.0,1.0,0.0,0.0,0.0,1.0,0.0,56.0,1.0,0.0,29.1,29.2,29.3,29.2,3500.0,1600.0,2.0,0.0,1.0,45.6598,13.7701,80.0,0.0,2.66,2.59,2.63,2.63,2.41,2.19,2.13,2.61,2.64,2.57,2.64,2.61,2.38,2.18,2.13,2.63,0.17,9.17,False
2022-03-10 11:47:16.831,ETR700,e700_4801,ILCK_PROP_11M8,ILCK_PROP_11M8,Cod. 11 Rilascio Porte Destre Attivo,N,2022-03-10 11:48:21.026,65.0,Ronchi dei Legionari,MDS,MDS,45.808,13.5419,0,2022-03-10 11:47:13.233,0.0,1.0,2.0,0.0,0.0,1.0,0.0,51.0,1.0,0.0,29.0,29.2,29.2,28.9,3525.0,1600.0,2.0,0.0,1.0,45.808,13.5418,105.0,5.0,0.85,0.86,0.81,0.93,0.92,0.84,0.9,1.03,0.83,0.86,0.89,0.92,0.95,0.85,0.91,1.05,4.36,8.54,False
2022-03-10 11:26:17.036,ETR700,e700_4801,ILCK_PROP_10,ILCK_PROP_10,Cod. 10 Nessuna velocita' impostata,N,2022-03-10 11:26:18.231,2.0,Torviscosa,VEHICLE,VEHICLE,45.8272,13.2383,0,2022-03-10 11:26:14.437,0.0,1.0,2.0,0.0,0.0,1.0,0.0,68.0,1.0,0.0,29.0,29.2,29.3,29.1,3676.0,1600.0,2.0,0.0,1.0,45.8272,13.2374,150.0,80.0,2.46,2.36,2.41,2.5,2.45,2.09,1.99,2.47,2.51,2.32,2.37,2.39,2.3,2.09,2.06,2.43,3.95,9.16,False
2022-03-10 11:13:28.031,ETR700,e700_4801,ILCK_PROP_11M8,ILCK_PROP_11M8,Cod. 11 Rilascio Porte Destre Attivo,N,2022-03-10 11:14:45.028,77.0,Palazzolo dello Stella,MDS,MDS,45.7778,13.0011,0,2022-03-10 11:13:25.435,0.0,1.0,2.0,0.0,0.0,1.0,0.0,64.0,1.0,0.0,29.1,29.2,29.2,28.9,3707.0,1600.0,2.0,0.0,1.0,45.7778,13.0011,150.0,4.0,0.43,0.48,0.51,0.51,0.53,0.52,0.48,0.5,0.48,0.49,0.47,0.54,0.55,0.6,0.51,0.49,4.44,7.81,False
2022-03-10 10:15:32.432,ETR700,e700_4801,ILCK_PROP_10,ILCK_PROP_10,Cod. 10 Nessuna velocita' impostata,N,2022-03-10 10:15:33.23,1.0,Venezia,VEHICLE,VEHICLE,45.4834,12.2265,1,2022-03-10 10:15:32.432,0.0,1.0,2.0,0.0,0.0,1.0,0.0,60.0,1.0,0.0,29.1,29.3,29.4,29.2,3626.0,1600.0,2.0,0.0,1.0,45.4834,12.2265,0.0,24.0,0.01,0.0,0.0,0.0,0.0,0.0,0.0,0.0,0.01,0.0,0.0,0.0,0.0,0.0,0.0,0.01,4.95,9.19,False
2022-03-10 10:12:27.826,ETR700,e700_4801,158023,_Front_,Direzione avanti in M8,N,2022-03-10 12:21:28.62,7741.0,Venezia,VEHICLE,VEHICLE,45.4814,12.2336,0,2022-03-10 10:12:25.027,0.0,1.0,2.0,0.0,0.0,1.0,0.0,52.0,1.0,0.0,29.1,29.3,29.3,29.2,3515.0,2400.0,2.0,0.0,1.0,45.4814,12.2336,250.0,0.0,2.64,2.62,2.68,2.62,2.41,2.21,2.17,2.68,2.62,2.6,2.67,2.63,2.4,2.21,2.16,2.69,3.32,9.1,False
2022-03-10 10:12:27.826,ETR700,e700_4801,151024,_Rear_,Direzione indietro in M1,N,2022-03-10 12:21:28.82,7741.0,Venezia,VEHICLE,VEHICLE,45.4814,12.2336,0,2022-03-10 10:12:25.027,0.0,1.0,2.0,0.0,0.0,1.0,0.0,52.0,1.0,0.0,29.1,29.3,29.3,29.2,3515.0,2400.0,2.0,0.0,1.0,45.4814,12.2336,250.0,0.0,2.64,2.62,2.68,2.62,2.41,2.21,2.17,2.68,2.62,2.6,2.67,2.63,2.4,2.21,2.16,2.69,3.32,9.1,False
2022-03-10 10:05:55.383,ETR700,e700_4801,152019,_1Q21_,IR chiuso in cassa T2,N,2022-03-10 12:21:14.029,8119.0,Venezia,AT,T2_1Q2_IR,45.4814,12.2336,0,2022-03-10 10:05:50.627,0.0,0.0,0.0,0.0,0.0,1.0,1.0,52.0,0.0,1.0,29.2,29.3,29.4,29.2,3548.0,2400.0,2.0,0.0,4.0,45.4814,12.2336,0.0,0.0,2.66,2.61,2.7,2.65,2.41,2.21,2.19,2.7,2.66,2.58,2.69,2.64,2.4,2.21,2.18,2.72,0.13,8.95,False
2022-03-10 10:05:51.031,ETR700,e700_4801,150006,_Running_,Stato RUNNING attivo,N,2022-03-10 12:21:29.898,8139.0,Venezia,VEHICLE,VEHICLE,45.4814,12.2336,0,2022-03-10 10:05:50.627,0.0,0.0,0.0,0.0,0.0,1.0,1.0,52.0,0.0,1.0,29.2,29.3,29.4,29.2,3548.0,2400.0,2.0,0.0,4.0,45.4814,12.2336,0.0,0.0,2.66,2.61,2.7,2.65,2.41,2.21,2.19,2.7,2.66,2.58,2.69,2.64,2.4,2.21,2.18,2.72,0.13,8.95,False
2022-03-10 10:05:50.835,ETR700,e700_4801,011202,CCU_FltWtbComm,Mancata comunicazione WTB in CCU M1,N,2022-03-10 10:05:52.623,2.0,Venezia,VEHICLE,VEHICLE,45.4814,12.2336,0,2022-03-10 10:05:50.627,0.0,0.0,0.0,0.0,0.0,1.0,1.0,52.0,0.0,1.0,29.2,29.3,29.4,29.2,3548.0,2400.0,2.0,0.0,4.0,45.4814,12.2336,0.0,0.0,2.66,2.61,2.7,2.65,2.41,2.21,2.19,2.7,2.66,2.58,2.69,2.64,2.4,2.21,2.18,2.72,0.13,8.95,False
2022-03-10 10:05:50.835,ETR700,e700_4801,011200,CCU_FltWtbR1,Mancata ricezione R1 in CCU M1,N,2022-03-10 10:05:52.623,2.0,Venezia,VEHICLE,VEHICLE,45.4814,12.2336,0,2022-03-10 10:05:50.627,0.0,0.0,0.0,0.0,0.0,1.0,1.0,52.0,0.0,1.0,29.2,29.3,29.4,29.2,3548.0,2400.0,2.0,0.0,4.0,45.4814,12.2336,0.0,0.0,2.66,2.61,2.7,2.65,2.41,2.21,2.19,2.7,2.66,2.58,2.69,2.64,2.4,2.21,2.18,2.72,0.13,8.95,False
2022-03-10 10:05:50.835,ETR700,e700_4801,ILCK_PROP_11M8,ILCK_PROP_11M8,Cod. 11 Rilascio Porte Destre Attivo,N,2022-03-10 10:12:18.032,388.0,Venezia,MDS,MDS,45.4814,12.2336,0,2022-03-10 10:05:50.627,0.0,0.0,0.0,0.0,0.0,1.0,1.0,52.0,0.0,1.0,29.2,29.3,29.4,29.2,3548.0,2400.0,2.0,0.0,4.0,45.4814,12.2336,0.0,0.0,2.66,2.61,2.7,2.65,2.41,2.21,2.19,2.7,2.66,2.58,2.69,2.64,2.4,2.21,2.18,2.72,0.13,8.95,False
2022-03-10 10:02:56.626,ETR700,e700_4801,150009,_Parking_,Stato PARKING attivo,N,2022-03-10 10:05:51.031,175.0,Venezia,VEHICLE,VEHICLE,45.4814,12.2336,0,2022-03-10 10:02:51.827,0.0,0.0,1.0,0.0,0.0,0.0,1.0,64.0,0.0,1.0,29.1,29.2,29.3,29.2,3585.0,2400.0,2.0,0.0,2.0,45.4814,12.2336,0.0,0.0,2.65,2.58,2.68,2.64,2.41,2.19,2.18,2.69,2.64,2.55,2.68,2.64,2.41,2.2,2.18,2.71,0.45,9.48,False
2022-03-10 10:02:52.229,ETR700,e700_4801,151014,_DCPantoSts_,Pantografo DC alto in T2,N,2022-03-10 12:21:25.727,8314.0,Venezia,VEHICLE,VEHICLE,45.4814,12.2336,0,2022-03-10 10:02:47.429,0.0,0.0,1.0,0.0,0.0,0.0,1.0,73.0,0.0,1.0,29.1,29.3,29.3,29.2,3571.0,2400.0,2.0,0.0,1.0,45.4814,12.2336,60.0,0.0,2.64,2.53,2.66,2.64,2.41,2.18,2.14,2.69,2.62,2.49,2.68,2.62,2.38,2.18,2.15,2.7,0.41,9.41,False
2022-03-10 10:02:48.032,ETR700,e700_4801,018202,CCU_FltWtbComm,Mancata comunicazione WTB in CCU M8,N,2022-03-10 10:02:49.429,2.0,Venezia,VEHICLE,VEHICLE,45.4814,12.2336,0,2022-03-10 10:02:46.628,1.0,0.0,1.0,0.0,0.0,0.0,1.0,68.0,0.0,1.0,29.0,29.3,29.3,29.2,3563.0,2400.0,2.0,0.0,1.0,45.4814,12.2336,60.0,0.0,2.64,2.52,2.66,2.64,2.41,2.18,2.13,2.69,2.62,2.48,2.68,2.62,2.38,2.18,2.14,2.69,0.39,9.39,False
2022-03-10 10:02:48.032,ETR700,e700_4801,018201,CCU_FltWtbR2,Mancata ricezione R2 in CCU M8,N,2022-03-10 10:02:49.429,2.0,Venezia,VEHICLE,VEHICLE,45.4814,12.2336,0,2022-03-10 10:02:46.628,1.0,0.0,1.0,0.0,0.0,0.0,1.0,68.0,0.0,1.0,29.0,29.3,29.3,29.2,3563.0,2400.0,2.0,0.0,1.0,45.4814,12.2336,60.0,0.0,2.64,2.52,2.66,2.64,2.41,2.18,2.13,2.69,2.62,2.48,2.68,2.62,2.38,2.18,2.14,2.69,0.39,9.39,False
2022-03-10 10:02:47.835,ETR700,e700_4801,150007,_Standby_,Stato STANDBY attivo,N,2022-03-10 10:02:56.626,9.0,Venezia,VEHICLE,VEHICLE,45.4814,12.2336,0,2022-03-10 10:02:46.628,1.0,0.0,1.0,0.0,0.0,0.0,1.0,68.0,0.0,1.0,29.0,29.3,29.3,29.2,3563.0,2400.0,2.0,0.0,1.0,45.4814,12.2336,60.0,0.0,2.64,2.52,2.66,2.64,2.41,2.18,2.13,2.69,2.62,2.48,2.68,2.62,2.38,2.18,2.14,2.69,0.39,9.39,False
2022-03-10 10:02:47.429,ETR700,e700_4801,ILCK_PROP_15,ILCK_PROP_15,Cod. 15 Nessun banco abilitato,N,2022-03-10 10:05:50.835,184.0,Venezia,MDS,MDS,45.4814,12.2336,0,2022-03-10 10:02:42.831,1.0,0.0,1.0,0.0,0.0,0.0,1.0,64.0,0.0,1.0,29.0,29.2,29.3,29.2,3608.0,2400.0,2.0,0.0,1.0,45.4814,12.2336,60.0,0.0,2.38,2.3,2.5,2.6,2.22,1.93,2.15,2.62,2.34,2.47,2.48,2.58,2.16,1.93,2.16,2.68,0.3,9.32,False
2022-03-10 10:02:39.629,ETR700,e700_4801,ILCK_PROP_02,ILCK_PROP_02,Cod. 02 Taglio trazione comandato da RCEC,N,2022-03-10 10:12:42.63,604.0,Venezia,VEHICLE,VEHICLE,45.4814,12.2336,0,2022-03-10 10:02:34.635,1.0,0.0,1.0,0.0,0.0,0.0,1.0,64.0,0.0,1.0,29.1,29.3,29.3,29.2,3544.0,2400.0,2.0,0.0,1.0,45.4814,12.2336,60.0,0.0,1.86,1.91,2.06,2.29,2.36,2.08,2.32,1.9,1.83,2.07,2.07,2.25,2.37,2.09,2.23,1.94,2.42,9.42,False
2022-03-10 09:59:46.835,ETR700,e700_4801,ILCK_PROP_10,ILCK_PROP_10,Cod. 10 Nessuna velocita' impostata,N,2022-03-10 09:59:47.432,1.0,Venezia,VEHICLE,VEHICLE,45.4836,12.2148,1,2022-03-10 09:59:46.835,1.0,0.0,1.0,0.0,0.0,0.0,1.0,55.0,0.0,1.0,29.0,29.3,29.3,29.1,3529.0,2400.0,2.0,0.0,1.0,45.4836,12.2148,0.0,32.0,0.01,0.0,0.0,0.0,0.01,0.0,0.0,0.0,0.01,0.0,0.0,0.0,0.0,0.0,0.0,0.0,4.76,8.73,False
2022-03-10 08:39:52.830,ETR700,e700_4801,ILCK_PROP_10,ILCK_PROP_10,Cod. 10 Nessuna velocita' impostata,N,2022-03-10 08:39:54.629,2.0,Lonato del Garda,VEHICLE,VEHICLE,45.4674,10.4435,1,2022-03-10 08:39:52.83,1.0,0.0,1.0,0.0,0.0,0.0,1.0,60.0,0.0,1.0,29.1,29.3,29.4,29.2,3486.0,1600.0,2.0,0.0,1.0,45.4674,10.4435,0.0,151.0,0.01,0.0,0.0,0.0,0.0,0.0,0.0,0.01,0.01,0.0,0.0,0.0,0.0,0.0,0.0,0.01,4.85,9.3,False
2022-03-10 08:29:03.233,ETR700,e700_4801,ILCK_PROP_11M1,ILCK_PROP_11M1,Cod. 11 Rilascio Porte Destre Attivo,N,2022-03-10 08:30:22.628,80.0,Brescia,MDS,MDS,45.531,10.2161,0,2022-03-10 08:29:00.831,1.0,0.0,1.0,0.0,0.0,0.0,1.0,89.0,0.0,1.0,29.1,29.3,29.3,29.2,3622.0,1600.0,2.0,0.0,1.0,45.531,10.2161,60.0,3.0,0.9,0.85,0.88,0.86,0.83,0.77,0.72,0.85,0.9,0.84,0.87,0.85,0.83,0.76,0.71,0.86,4.3,8.18,False
2022-03-10 08:22:48.229,ETR700,e700_4801,ILCK_PROP_10,ILCK_PROP_10,Cod. 10 Nessuna velocita' impostata,N,2022-03-10 08:22:48.83,1.0,Brescia,VEHICLE,VEHICLE,45.5428,10.1562,0,2022-03-10 08:22:45.636,1.0,0.0,1.0,0.0,0.0,0.0,1.0,948.0,0.0,1.0,29.1,29.3,29.3,29.2,3484.0,1600.0,2.0,0.0,1.0,45.5431,10.1551,250.0,108.0,0.01,0.0,0.0,0.0,0.01,0.0,0.0,0.0,0.01,0.0,0.0,0.0,0.0,0.0,0.0,0.01,4.93,9.07,False
2022-03-10 08:17:37.632,ETR700,e700_4801,158014,_DCPantoSts_,Pantografo DC alto in T7,N,2022-03-10 10:06:01.828,6505.0,Rovato,VEHICLE,VEHICLE,45.5277,10.0427,0,2022-03-10 08:17:33.025,1.0,0.0,1.0,0.0,0.0,0.0,0.0,0.0,0.0,0.0,23.3,23.8,23.9,24.0,0.0,1600.0,2.0,0.0,1.0,45.5272,10.0409,250.0,135.0,0.01,0.0,0.0,0.0,0.01,0.0,0.0,0.0,0.0,0.0,0.0,0.0,0.0,0.0,0.0,0.01,4.93,8.92,False
2022-03-10 08:17:18.651,ETR700,e700_4801,150011,_PantoLowSts_,Nessun pantografo alto,N,2022-03-10 08:17:37.632,19.0,Rovato,VEHICLE,VEHICLE,45.5255,10.0341,0,2022-03-10 08:17:14.233,1.0,0.0,1.0,0.0,1.0,0.0,0.0,0.0,0.0,0.0,29.1,29.3,29.4,29.2,26550.0,1600.0,4.0,0.0,1.0,45.525,10.0322,250.0,138.0,0.01,0.0,0.0,0.0,0.01,0.0,0.0,0.0,0.0,0.0,0.0,0.0,0.0,0.0,0.0,0.01,4.93,9.03,False
2022-03-10 08:17:14.632,ETR700,e700_4801,150010,_Poc_,Ingresso in POC,N,2022-03-10 08:17:28.829,15.0,Rovato,VEHICLE,VEHICLE,45.525,10.0322,0,2022-03-10 08:17:10.032,1.0,0.0,1.0,0.0,1.0,0.0,0.0,11.0,0.0,1.0,29.1,29.3,29.4,29.2,26537.0,1600.0,4.0,0.0,1.0,45.5245,10.0303,250.0,139.0,0.01,0.0,0.0,0.0,0.0,0.0,0.0,0.0,0.0,0.0,0.0,0.0,0.0,0.0,0.0,0.0,4.92,9.05,False
2022-03-10 08:17:14.429,ETR700,e700_4801,ILCK_PROP_21M1,ILCK_PROP_21M1,Cod. 21 AT non presente,N,2022-03-10 08:17:46.228,32.0,Rovato,MDS,MDS,45.525,10.0322,0,2022-03-10 08:17:10.032,1.0,0.0,1.0,0.0,1.0,0.0,0.0,11.0,0.0,1.0,29.1,29.3,29.4,29.2,26537.0,1600.0,4.0,0.0,1.0,45.5245,10.0303,250.0,139.0,0.01,0.0,0.0,0.0,0.0,0.0,0.0,0.0,0.0,0.0,0.0,0.0,0.0,0.0,0.0,0.0,4.92,9.05,False
2022-03-10 08:17:14.233,ETR700,e700_4801,150016,_IRIP_OpenSts_,Nessun IR o IP chiuso,N,2022-03-10 08:17:46.031,32.0,Rovato,VEHICLE,VEHICLE,45.525,10.0322,0,2022-03-10 08:17:10.032,1.0,0.0,1.0,0.0,1.0,0.0,0.0,11.0,0.0,1.0,29.1,29.3,29.4,29.2,26537.0,1600.0,4.0,0.0,1.0,45.5245,10.0303,250.0,139.0,0.01,0.0,0.0,0.0,0.0,0.0,0.0,0.0,0.0,0.0,0.0,0.0,0.0,0.0,0.0,0.0,4.92,9.05,False
2022-03-10 08:17:12.632,ETR700,e700_4801,ILCK_IRIP_T2_09,ILCK_IRIP_T2_09,Cod 09. Apertura Interruttore principale da ETCS ,N,2022-03-10 08:17:18.651,7.0,Rovato,AT,T2_1Q2_IR,45.5248,10.0313,0,2022-03-10 08:17:09.23,1.0,0.0,1.0,0.0,1.0,0.0,0.0,11.0,0.0,1.0,29.1,29.3,29.4,29.2,26533.0,1600.0,4.0,0.0,1.0,45.5243,10.0294,250.0,139.0,0.01,0.0,0.0,0.0,0.01,0.0,0.0,0.0,0.0,0.0,0.01,0.0,0.0,0.0,0.0,0.01,4.93,9.05,False
2022-03-10 08:06:04.230,ETR700,e700_4801,158015,_ACPantoSts_,Pantografo AC alto in T7,N,2022-03-10 08:17:18.651,675.0,Treviglio,VEHICLE,VEHICLE,45.5102,9.5468,0,2022-03-10 08:05:59.832,1.0,0.0,1.0,0.0,0.0,0.0,0.0,0.0,0.0,0.0,23.3,23.8,23.9,24.0,1573.0,1600.0,4.0,0.0,5.0,45.5105,9.5447,200.0,154.0,0.01,0.0,0.0,0.0,0.0,0.0,0.0,0.0,0.0,0.0,0.0,0.0,0.0,0.0,0.0,0.01,4.93,9.2,True
2022-03-10 08:06:00.232,ETR700,e700_4801,150006,_Running_,Stato RUNNING attivo,N,2022-03-10 08:17:14.632,675.0,Treviglio,VEHICLE,VEHICLE,45.5105,9.5447,0,2022-03-10 08:05:55.415,1.0,0.0,1.0,0.0,0.0,0.0,0.0,0.0,0.0,0.0,23.3,23.9,24.0,24.0,1841.0,1600.0,4.0,0.0,5.0,45.5109,9.542,200.0,155.0,0.01,0.0,0.0,0.0,0.0,0.0,0.0,0.0,0.0,0.0,0.0,0.0,0.0,0.0,0.0,0.0,4.93,9.22,False
2022-03-10 08:05:53.160,ETR700,e700_4801,ILCK_IR_T2_41,ILCK_IR_T2_41,Cod 41. Line Voltage Type non 3KV,N,2022-03-10 08:17:22.225,690.0,Treviglio,AT,T2_1Q2_IR,45.5111,9.5404,0,2022-03-10 08:05:48.665,1.0,0.0,1.0,0.0,0.0,0.0,1.0,8.0,0.0,0.0,23.4,23.9,24.0,24.1,0.0,1600.0,2.0,0.0,5.0,45.5113,9.5382,200.0,156.0,0.01,0.0,0.0,0.0,0.01,0.0,0.0,0.0,0.0,0.0,0.0,0.01,0.0,0.0,0.0,0.0,4.93,9.29,True
2022-03-10 08:05:53.160,ETR700,e700_4801,150005,_LineVoltType_,Selezionata tensione 25 kV,N,2022-03-10 08:17:22.225,690.0,Treviglio,VEHICLE,VEHICLE,45.5111,9.5404,0,2022-03-10 08:05:48.665,1.0,0.0,1.0,0.0,0.0,0.0,1.0,8.0,0.0,0.0,23.4,23.9,24.0,24.1,0.0,1600.0,2.0,0.0,5.0,45.5113,9.5382,200.0,156.0,0.01,0.0,0.0,0.0,0.01,0.0,0.0,0.0,0.0,0.0,0.0,0.01,0.0,0.0,0.0,0.0,4.93,9.29,True
2022-03-10 08:05:50.030,ETR700,e700_4801,ILCK_IR_T2_42,ILCK_IR_T2_42,Cod 42. Pantografo DC non alto,N,2022-03-10 08:05:53.16,4.0,Treviglio,AT,T2_1Q2_IR,45.5112,9.5387,0,2022-03-10 08:05:46.427,1.0,0.0,1.0,0.0,0.0,0.0,1.0,8.0,0.0,0.0,23.4,23.9,24.0,24.1,452.0,1600.0,2.0,0.0,5.0,45.5114,9.5371,200.0,156.0,0.01,0.0,0.0,0.0,0.0,0.0,0.0,0.0,0.0,0.0,0.01,0.0,0.0,0.0,0.0,0.0,4.93,9.29,True
2022-03-10 08:05:50.030,ETR700,e700_4801,150011,_PantoLowSts_,Nessun pantografo alto,N,2022-03-10 08:06:04.23,15.0,Treviglio,VEHICLE,VEHICLE,45.5112,9.5387,0,2022-03-10 08:05:46.427,1.0,0.0,1.0,0.0,0.0,0.0,1.0,8.0,0.0,0.0,23.4,23.9,24.0,24.1,452.0,1600.0,2.0,0.0,5.0,45.5114,9.5371,200.0,156.0,0.01,0.0,0.0,0.0,0.0,0.0,0.0,0.0,0.0,0.0,0.01,0.0,0.0,0.0,0.0,0.0,4.93,9.29,False
2022-03-10 08:05:43.430,ETR700,e700_4801,ILCK_PROP_21M1,ILCK_PROP_21M1,Cod. 21 AT non presente,N,2022-03-10 08:06:10.428,27.0,Treviglio,MDS,MDS,45.5114,9.5354,0,2022-03-10 08:05:39.233,1.0,0.0,1.0,0.0,0.0,0.0,1.0,89.0,0.0,1.0,29.1,29.3,29.4,29.2,3653.0,1600.0,2.0,0.0,1.0,45.5115,9.5326,200.0,157.0,0.01,0.0,0.0,0.0,0.01,0.0,0.0,0.0,0.0,0.0,0.0,0.0,0.0,0.0,0.0,0.0,4.93,9.33,False
2022-03-10 08:05:43.430,ETR700,e700_4801,150010,_Poc_,Ingresso in POC,N,2022-03-10 08:06:00.232,17.0,Treviglio,VEHICLE,VEHICLE,45.5114,9.5354,0,2022-03-10 08:05:39.233,1.0,0.0,1.0,0.0,0.0,0.0,1.0,89.0,0.0,1.0,29.1,29.3,29.4,29.2,3653.0,1600.0,2.0,0.0,1.0,45.5115,9.5326,200.0,157.0,0.01,0.0,0.0,0.0,0.01,0.0,0.0,0.0,0.0,0.0,0.0,0.0,0.0,0.0,0.0,0.0,4.93,9.33,False
2022-03-10 08:05:43.228,ETR700,e700_4801,150016,_IRIP_OpenSts_,Nessun IR o IP chiuso,N,2022-03-10 08:06:10.231,28.0,Treviglio,VEHICLE,VEHICLE,45.5114,9.5354,0,2022-03-10 08:05:39.233,1.0,0.0,1.0,0.0,0.0,0.0,1.0,89.0,0.0,1.0,29.1,29.3,29.4,29.2,3653.0,1600.0,2.0,0.0,1.0,45.5115,9.5326,200.0,157.0,0.01,0.0,0.0,0.0,0.01,0.0,0.0,0.0,0.0,0.0,0.0,0.0,0.0,0.0,0.0,0.0,4.93,9.33,False
2022-03-10 08:05:41.431,ETR700,e700_4801,ILCK_IRIP_T2_09,ILCK_IRIP_T2_09,Cod 09. Apertura Interruttore principale da ETCS ,N,2022-03-10 08:05:46.833,6.0,Treviglio,AT,T2_1Q2_IR,45.5114,9.5342,0,2022-03-10 08:05:38.035,1.0,0.0,1.0,0.0,0.0,0.0,1.0,130.0,0.0,1.0,29.1,29.3,29.4,29.2,3649.0,1600.0,2.0,0.0,1.0,45.5115,9.532,200.0,157.0,0.01,0.0,0.0,0.0,0.0,0.0,0.0,0.0,0.0,0.0,0.0,0.0,0.0,0.0,0.0,0.0,4.93,9.34,False
2022-03-10 07:51:24.631,ETR700,e700_4801,ILCK_PROP_10,ILCK_PROP_10,Cod. 10 Nessuna velocita' impostata,N,2022-03-10 07:51:25.228,1.0,Milano,VEHICLE,VEHICLE,45.4956,9.2274,1,2022-03-10 07:51:24.631,1.0,0.0,1.0,0.0,0.0,0.0,1.0,98.0,0.0,1.0,29.0,29.2,29.3,29.2,3545.0,1600.0,2.0,0.0,1.0,45.4956,9.2274,0.0,34.0,0.01,0.0,0.0,0.0,0.01,0.0,0.0,0.0,0.0,0.0,0.0,0.0,0.0,0.0,0.0,0.0,4.92,9.21,False
2022-03-10 07:44:44.628,ETR700,e700_4801,ILCK_PROP_10,ILCK_PROP_10,Cod. 10 Nessuna velocita' impostata,N,2022-03-10 07:44:46.427,2.0,Milano,VEHICLE,VEHICLE,45.4878,9.2059,0,2022-03-10 07:44:42.226,1.0,0.0,1.0,0.0,0.0,0.0,1.0,90.0,0.0,1.0,28.9,29.2,29.3,29.2,3409.0,1600.0,2.0,0.0,1.0,45.4878,9.2059,250.0,0.0,0.01,0.0,0.0,0.0,0.0,0.0,0.0,0.0,0.0,0.0,0.0,0.0,0.0,0.0,0.0,0.0,4.92,9.17,False
2022-03-10 07:44:38.432,ETR700,e700_4801,151023,_Front_,Direzione avanti in M1,N,2022-03-10 10:02:36.034,8278.0,Milano,VEHICLE,VEHICLE,45.4878,9.2059,1,2022-03-10 07:44:38.432,1.0,0.0,1.0,0.0,0.0,0.0,1.0,129.0,0.0,1.0,28.9,29.2,29.3,29.2,3432.0,1600.0,2.0,0.0,1.0,45.4878,9.2059,250.0,0.0,0.01,0.0,0.0,0.0,0.0,0.0,0.0,0.0,0.0,0.0,0.0,0.0,0.0,0.0,0.0,0.0,4.92,9.19,False
2022-03-10 07:44:38.432,ETR700,e700_4801,158024,_Rear_,Direzione indietro in M8,N,2022-03-10 10:02:36.034,8278.0,Milano,VEHICLE,VEHICLE,45.4878,9.2059,1,2022-03-10 07:44:38.432,1.0,0.0,1.0,0.0,0.0,0.0,1.0,129.0,0.0,1.0,28.9,29.2,29.3,29.2,3432.0,1600.0,2.0,0.0,1.0,45.4878,9.2059,250.0,0.0,0.01,0.0,0.0,0.0,0.0,0.0,0.0,0.0,0.0,0.0,0.0,0.0,0.0,0.0,0.0,0.0,4.92,9.19,False
2022-03-10 07:29:27.633,ETR700,e700_4801,150006,_Running_,Stato RUNNING attivo,N,2022-03-10 08:05:43.43,2176.0,Milano,VEHICLE,VEHICLE,45.4878,9.2059,0,2022-03-10 07:29:26.028,0.0,0.0,0.0,0.0,0.0,1.0,1.0,40.0,1.0,0.0,29.1,29.2,29.3,29.2,3471.0,2000.0,2.0,0.0,2.0,45.4878,9.2059,0.0,0.0,2.7,2.62,2.68,2.61,2.42,2.13,2.12,2.59,2.68,2.59,2.67,2.6,2.4,2.12,2.11,2.6,0.0,8.97,False
2022-03-10 07:29:27.428,ETR700,e700_4801,018202,CCU_FltWtbComm,Mancata comunicazione WTB in CCU M8,N,2022-03-10 07:29:29.23,2.0,Milano,VEHICLE,VEHICLE,45.4878,9.2059,0,2022-03-10 07:29:26.028,0.0,0.0,0.0,0.0,0.0,1.0,1.0,40.0,1.0,0.0,29.1,29.2,29.3,29.2,3471.0,2000.0,2.0,0.0,2.0,45.4878,9.2059,0.0,0.0,2.7,2.62,2.68,2.61,2.42,2.13,2.12,2.59,2.68,2.59,2.67,2.6,2.4,2.12,2.11,2.6,0.0,8.97,False
2022-03-10 07:29:27.428,ETR700,e700_4801,018200,CCU_FltWtbR1,Mancata ricezione R1 in CCU M8,N,2022-03-10 07:29:29.23,2.0,Milano,VEHICLE,VEHICLE,45.4878,9.2059,0,2022-03-10 07:29:26.028,0.0,0.0,0.0,0.0,0.0,1.0,1.0,40.0,1.0,0.0,29.1,29.2,29.3,29.2,3471.0,2000.0,2.0,0.0,2.0,45.4878,9.2059,0.0,0.0,2.7,2.62,2.68,2.61,2.42,2.13,2.12,2.59,2.68,2.59,2.67,2.6,2.4,2.12,2.11,2.6,0.0,8.97,True
2022-03-10 07:29:21.627,ETR700,e700_4801,150007,_Standby_,Stato STANDBY attivo,N,2022-03-10 07:29:27.633,7.0,Milano,VEHICLE,VEHICLE,45.4878,9.2059,1,2022-03-10 07:29:21.627,0.0,0.0,0.0,0.0,0.0,1.0,1.0,52.0,1.0,0.0,29.1,29.2,29.3,29.2,3473.0,2000.0,2.0,0.0,2.0,45.4878,9.2059,0.0,0.0,2.7,2.62,2.68,2.61,2.42,2.13,2.12,2.59,2.68,2.59,2.67,2.6,2.4,2.12,2.11,2.6,0.0,8.93,False
2022-03-10 07:15:25.430,ETR700,e700_4801,150009,_Parking_,Stato PARKING attivo,N,2022-03-10 07:29:21.627,837.0,Milano,VEHICLE,VEHICLE,45.4878,9.206,0,2022-03-10 07:15:21.829,0.0,0.0,0.0,0.0,0.0,1.0,1.0,93.0,1.0,0.0,29.2,29.4,29.4,29.3,3387.0,2000.0,2.0,0.0,2.0,45.4878,9.206,0.0,0.0,2.67,2.6,2.68,2.6,2.42,2.13,2.1,2.62,2.67,2.59,2.67,2.61,2.4,2.12,2.1,2.63,0.42,9.2,False
2022-03-10 07:15:21.829,ETR700,e700_4801,158014,_DCPantoSts_,Pantografo DC alto in T7,N,2022-03-10 08:05:50.03,3029.0,Milano,VEHICLE,VEHICLE,45.4878,9.206,0,2022-03-10 07:15:17.43,0.0,1.0,0.0,0.0,0.0,1.0,0.0,97.0,1.0,0.0,29.2,29.4,29.4,29.3,3398.0,2000.0,2.0,0.0,1.0,45.4878,9.2061,0.0,0.0,2.66,2.58,2.68,2.6,2.41,2.13,2.07,2.61,2.64,2.57,2.67,2.61,2.38,2.12,2.09,2.63,0.43,9.21,False
2022-03-10 07:15:18.031,ETR700,e700_4801,150007,_Standby_,Stato STANDBY attivo,N,2022-03-10 07:15:25.43,8.0,Milano,VEHICLE,VEHICLE,45.4878,9.2061,0,2022-03-10 07:15:17.43,0.0,1.0,0.0,0.0,0.0,1.0,0.0,97.0,1.0,0.0,29.2,29.4,29.4,29.3,3398.0,2000.0,2.0,0.0,1.0,45.4878,9.2061,0.0,0.0,2.66,2.58,2.68,2.6,2.41,2.13,2.07,2.61,2.64,2.57,2.67,2.61,2.38,2.12,2.09,2.63,0.43,9.21,False
2022-03-10 07:15:17.631,ETR700,e700_4801,011202,CCU_FltWtbComm,Mancata comunicazione WTB in CCU M1,N,2022-03-10 07:15:19.229,2.0,Milano,VEHICLE,VEHICLE,45.4878,9.2061,0,2022-03-10 07:15:17.43,0.0,1.0,0.0,0.0,0.0,1.0,0.0,97.0,1.0,0.0,29.2,29.4,29.4,29.3,3398.0,2000.0,2.0,0.0,1.0,45.4878,9.2061,0.0,0.0,2.66,2.58,2.68,2.6,2.41,2.13,2.07,2.61,2.64,2.57,2.67,2.61,2.38,2.12,2.09,2.63,0.43,9.21,False
2022-03-10 07:15:17.631,ETR700,e700_4801,011201,CCU_FltWtbR2,Mancata ricezione R2 in CCU M1,N,2022-03-10 07:15:19.229,2.0,Milano,VEHICLE,VEHICLE,45.4878,9.2061,0,2022-03-10 07:15:17.43,0.0,1.0,0.0,0.0,0.0,1.0,0.0,97.0,1.0,0.0,29.2,29.4,29.4,29.3,3398.0,2000.0,2.0,0.0,1.0,45.4878,9.2061,0.0,0.0,2.66,2.58,2.68,2.6,2.41,2.13,2.07,2.61,2.64,2.57,2.67,2.61,2.38,2.12,2.09,2.63,0.43,9.21,False
2022-03-10 07:15:17.631,ETR700,e700_4801,ILCK_PROP_15,ILCK_PROP_15,Cod. 15 Nessun banco abilitato,N,2022-03-10 07:29:27.633,851.0,Milano,MDS,MDS,45.4878,9.2061,0,2022-03-10 07:15:17.43,0.0,1.0,0.0,0.0,0.0,1.0,0.0,97.0,1.0,0.0,29.2,29.4,29.4,29.3,3398.0,2000.0,2.0,0.0,1.0,45.4878,9.2061,0.0,0.0,2.66,2.58,2.68,2.6,2.41,2.13,2.07,2.61,2.64,2.57,2.67,2.61,2.38,2.12,2.09,2.63,0.43,9.21,False
2022-03-10 07:14:17.630,ETR700,e700_4801,ILCK_PROP_11M8,ILCK_PROP_11M8,Cod. 11 Rilascio Porte Destre Attivo,N,2022-03-10 07:15:17.631,61.0,Milano,MDS,MDS,45.4877,9.2059,1,2022-03-10 07:14:17.63,0.0,1.0,0.0,0.0,0.0,1.0,0.0,105.0,1.0,0.0,29.2,29.4,29.4,29.2,3395.0,2000.0,2.0,0.0,1.0,45.4877,9.2059,30.0,0.0,2.68,2.56,2.69,2.8,2.68,2.14,2.19,2.61,2.65,2.55,2.67,2.65,2.55,2.14,2.17,2.6,0.06,8.12,False
2022-03-10 07:12:39.828,ETR700,e700_4801,151024,_Rear_,Direzione indietro in M1,N,2022-03-10 07:15:11.828,152.0,Milano,VEHICLE,VEHICLE,45.4905,9.2089,0,2022-03-10 07:12:37.43,0.0,1.0,2.0,0.0,0.0,1.0,0.0,134.0,1.0,0.0,29.2,29.4,29.4,29.2,3400.0,2000.0,2.0,0.0,1.0,45.4906,9.209,30.0,26.0,0.01,0.0,0.0,0.0,0.0,0.0,0.0,0.0,0.01,0.0,0.0,0.0,0.0,0.0,0.0,0.0,4.94,9.43,False
2022-03-10 07:12:39.632,ETR700,e700_4801,158023,_Front_,Direzione avanti in M8,N,2022-03-10 07:15:12.03,153.0,Milano,VEHICLE,VEHICLE,45.4905,9.2089,0,2022-03-10 07:12:37.43,0.0,1.0,2.0,0.0,0.0,1.0,0.0,134.0,1.0,0.0,29.2,29.4,29.4,29.2,3400.0,2000.0,2.0,0.0,1.0,45.4906,9.209,30.0,26.0,0.01,0.0,0.0,0.0,0.0,0.0,0.0,0.0,0.01,0.0,0.0,0.0,0.0,0.0,0.0,0.0,4.94,9.43,False
2022-03-10 07:05:17.829,ETR700,e700_4801,ILCK_PROP_10,ILCK_PROP_10,Cod. 10 Nessuna velocita' impostata,N,2022-03-10 07:05:19.029,2.0,Milano,VEHICLE,VEHICLE,45.4991,9.2176,1,2022-03-10 07:05:17.829,0.0,1.0,2.0,0.0,0.0,1.0,0.0,150.0,1.0,0.0,29.0,29.1,29.2,29.0,3439.0,2000.0,2.0,0.0,1.0,45.4991,9.2176,0.0,0.0,0.01,0.0,0.0,0.0,0.0,0.0,0.0,0.0,0.0,0.0,0.0,0.0,0.0,0.0,0.0,0.0,4.95,9.35,False
2022-03-10 07:02:10.633,ETR700,e700_4801,ILCK_PROP_11M8,ILCK_PROP_11M8,Cod. 11 Rilascio Porte Destre Attivo,N,2022-03-10 07:02:30.826,21.0,Milano,MDS,MDS,45.4991,9.2177,1,2022-03-10 07:02:10.633,0.0,1.0,2.0,0.0,0.0,1.0,0.0,150.0,1.0,0.0,29.0,29.1,29.1,28.8,3441.0,2000.0,2.0,0.0,1.0,45.4991,9.2177,250.0,0.0,0.18,0.12,0.0,0.12,0.13,0.13,0.0,0.11,0.16,0.11,0.01,0.11,0.12,0.11,0.0,0.1,4.95,8.79,False
2022-03-10 07:01:46.629,ETR700,e700_4801,158023,_Front_,Direzione avanti in M8,N,2022-03-10 07:12:37.43,651.0,Milano,VEHICLE,VEHICLE,45.4991,9.2176,0,2022-03-10 07:01:46.428,0.0,1.0,2.0,0.0,0.0,1.0,0.0,150.0,1.0,0.0,29.0,29.1,29.1,28.8,3424.0,2000.0,2.0,0.0,1.0,45.4991,9.2176,250.0,0.0,0.01,0.0,0.0,0.0,0.01,0.0,0.0,0.0,0.0,0.0,0.0,0.0,0.0,0.0,0.0,0.01,4.94,9.32,False
2022-03-10 07:01:46.428,ETR700,e700_4801,151024,_Rear_,Direzione indietro in M1,N,2022-03-10 07:12:37.634,652.0,Milano,VEHICLE,VEHICLE,45.4991,9.2176,1,2022-03-10 07:01:46.428,0.0,1.0,2.0,0.0,0.0,1.0,0.0,150.0,1.0,0.0,29.0,29.1,29.1,28.8,3424.0,2000.0,2.0,0.0,1.0,45.4991,9.2176,250.0,0.0,0.01,0.0,0.0,0.0,0.01,0.0,0.0,0.0,0.0,0.0,0.0,0.0,0.0,0.0,0.0,0.01,4.94,9.32,False
2022-03-10 06:58:46.229,ETR700,e700_4801,ILCK_PROP_02,ILCK_PROP_02,Cod. 02 Taglio trazione comandato da RCEC,N,2022-03-10 07:00:14.22,88.0,Milano,VEHICLE,VEHICLE,45.4991,9.2176,0,2022-03-10 06:58:45.829,0.0,1.0,0.0,0.0,0.0,1.0,1.0,150.0,0.0,1.0,28.8,29.0,29.0,28.8,3474.0,2400.0,2.0,0.0,4.0,45.4991,9.2176,0.0,0.0,2.73,2.63,2.71,2.59,2.42,2.15,2.11,2.56,2.73,2.61,2.72,2.62,2.4,2.14,2.09,2.6,0.06,8.84,False
2022-03-10 06:58:46.035,ETR700,e700_4801,011202,CCU_FltWtbComm,Mancata comunicazione WTB in CCU M1,N,2022-03-10 06:58:47.829,2.0,Milano,VEHICLE,VEHICLE,45.4991,9.2176,0,2022-03-10 06:58:45.829,0.0,1.0,0.0,0.0,0.0,1.0,1.0,150.0,0.0,1.0,28.8,29.0,29.0,28.8,3474.0,2400.0,2.0,0.0,4.0,45.4991,9.2176,0.0,0.0,2.73,2.63,2.71,2.59,2.42,2.15,2.11,2.56,2.73,2.61,2.72,2.62,2.4,2.14,2.09,2.6,0.06,8.84,False
2022-03-10 06:58:46.035,ETR700,e700_4801,011200,CCU_FltWtbR1,Mancata ricezione R1 in CCU M1,N,2022-03-10 06:58:47.829,2.0,Milano,VEHICLE,VEHICLE,45.4991,9.2176,0,2022-03-10 06:58:45.829,0.0,1.0,0.0,0.0,0.0,1.0,1.0,150.0,0.0,1.0,28.8,29.0,29.0,28.8,3474.0,2400.0,2.0,0.0,4.0,45.4991,9.2176,0.0,0.0,2.73,2.63,2.71,2.59,2.42,2.15,2.11,2.56,2.73,2.61,2.72,2.62,2.4,2.14,2.09,2.6,0.06,8.84,False
2022-03-10 06:58:46.035,ETR700,e700_4801,150006,_Running_,Stato RUNNING attivo,N,2022-03-10 07:15:18.031,992.0,Milano,VEHICLE,VEHICLE,45.4991,9.2176,0,2022-03-10 06:58:45.829,0.0,1.0,0.0,0.0,0.0,1.0,1.0,150.0,0.0,1.0,28.8,29.0,29.0,28.8,3474.0,2400.0,2.0,0.0,4.0,45.4991,9.2176,0.0,0.0,2.73,2.63,2.71,2.59,2.42,2.15,2.11,2.56,2.73,2.61,2.72,2.62,2.4,2.14,2.09,2.6,0.06,8.84,False
2022-03-10 06:58:45.829,ETR700,e700_4801,ILCK_PROP_19M8,ILCK_PROP_19M8,Cod. 19 Maniglia Allarme Passeggeri Attivata,N,2022-03-10 06:58:46.429,1.0,Milano,MDS,MDS,45.4991,9.2176,1,2022-03-10 06:58:45.829,0.0,1.0,0.0,0.0,0.0,1.0,1.0,150.0,0.0,1.0,28.8,29.0,29.0,28.8,3474.0,2400.0,2.0,0.0,4.0,45.4991,9.2176,0.0,0.0,2.73,2.63,2.71,2.59,2.42,2.15,2.11,2.56,2.73,2.61,2.72,2.62,2.4,2.14,2.09,2.6,0.06,8.84,True
2022-03-10 06:54:26.830,ETR700,e700_4801,150009,_Parking_,Stato PARKING attivo,N,2022-03-10 06:58:46.035,260.0,Milano,VEHICLE,VEHICLE,45.4991,9.2176,0,2022-03-10 06:54:22.03,0.0,0.0,1.0,0.0,0.0,1.0,1.0,154.0,0.0,1.0,28.7,28.9,29.0,28.8,3499.0,2400.0,2.0,0.0,2.0,45.4991,9.2176,0.0,0.0,2.76,2.64,2.72,2.6,2.43,2.15,2.12,2.63,2.74,2.62,2.72,2.63,2.41,2.15,2.11,2.64,0.5,8.89,False
2022-03-10 06:54:22.030,ETR700,e700_4801,151014,_DCPantoSts_,Pantografo DC alto in T2,N,2022-03-10 07:29:40.229,2119.0,Milano,VEHICLE,VEHICLE,45.4991,9.2176,0,2022-03-10 06:54:17.63,1.0,0.0,1.0,0.0,0.0,0.0,1.0,162.0,0.0,1.0,28.7,28.9,29.0,28.8,3488.0,2400.0,2.0,0.0,1.0,45.4991,9.2176,250.0,0.0,2.75,2.64,2.72,2.61,2.43,2.15,2.11,2.63,2.75,2.63,2.72,2.63,2.4,2.15,2.1,2.64,0.54,8.83,False
2022-03-10 06:54:17.832,ETR700,e700_4801,018202,CCU_FltWtbComm,Mancata comunicazione WTB in CCU M8,N,2022-03-10 06:54:19.43,2.0,Milano,VEHICLE,VEHICLE,45.4991,9.2176,0,2022-03-10 06:54:17.63,1.0,0.0,1.0,0.0,0.0,0.0,1.0,162.0,0.0,1.0,28.7,28.9,29.0,28.8,3488.0,2400.0,2.0,0.0,1.0,45.4991,9.2176,250.0,0.0,2.75,2.64,2.72,2.61,2.43,2.15,2.11,2.63,2.75,2.63,2.72,2.63,2.4,2.15,2.1,2.64,0.54,8.83,False
2022-03-10 06:54:17.832,ETR700,e700_4801,018201,CCU_FltWtbR2,Mancata ricezione R2 in CCU M8,N,2022-03-10 06:54:19.43,2.0,Milano,VEHICLE,VEHICLE,45.4991,9.2176,0,2022-03-10 06:54:17.63,1.0,0.0,1.0,0.0,0.0,0.0,1.0,162.0,0.0,1.0,28.7,28.9,29.0,28.8,3488.0,2400.0,2.0,0.0,1.0,45.4991,9.2176,250.0,0.0,2.75,2.64,2.72,2.61,2.43,2.15,2.11,2.63,2.75,2.63,2.72,2.63,2.4,2.15,2.1,2.64,0.54,8.83,False
2022-03-10 06:54:17.832,ETR700,e700_4801,ILCK_PROP_15,ILCK_PROP_15,Cod. 15 Nessun banco abilitato,N,2022-03-10 06:58:45.829,268.0,Milano,MDS,MDS,45.4991,9.2176,0,2022-03-10 06:54:17.63,1.0,0.0,1.0,0.0,0.0,0.0,1.0,162.0,0.0,1.0,28.7,28.9,29.0,28.8,3488.0,2400.0,2.0,0.0,1.0,45.4991,9.2176,250.0,0.0,2.75,2.64,2.72,2.61,2.43,2.15,2.11,2.63,2.75,2.63,2.72,2.63,2.4,2.15,2.1,2.64,0.54,8.83,False
2022-03-10 06:54:17.832,ETR700,e700_4801,150007,_Standby_,Stato STANDBY attivo,N,2022-03-10 06:54:26.83,9.0,Milano,VEHICLE,VEHICLE,45.4991,9.2176,0,2022-03-10 06:54:17.63,1.0,0.0,1.0,0.0,0.0,0.0,1.0,162.0,0.0,1.0,28.7,28.9,29.0,28.8,3488.0,2400.0,2.0,0.0,1.0,45.4991,9.2176,250.0,0.0,2.75,2.64,2.72,2.61,2.43,2.15,2.11,2.63,2.75,2.63,2.72,2.63,2.4,2.15,2.1,2.64,0.54,8.83,False
2022-03-10 06:54:02.429,ETR700,e700_4801,ILCK_PROP_10,ILCK_PROP_10,Cod. 10 Nessuna velocita' impostata,N,2022-03-10 06:54:02.844,1.0,Milano,VEHICLE,VEHICLE,45.4991,9.2176,0,2022-03-10 06:53:58.628,0.0,0.0,1.0,0.0,0.0,1.0,1.0,158.0,0.0,1.0,28.7,28.9,29.0,28.8,3423.0,2400.0,2.0,0.0,4.0,45.4991,9.2176,0.0,0.0,2.76,2.65,2.72,2.63,2.44,2.15,2.11,2.64,2.76,2.62,2.71,2.63,2.42,2.15,2.1,2.64,0.55,8.6,False
2022-03-10 06:54:02.429,ETR700,e700_4801,ILCK_PROP_11M1,ILCK_PROP_11M1,Cod. 11 Rilascio Porte Destre Attivo,N,2022-03-10 06:54:17.832,16.0,Milano,MDS,MDS,45.4991,9.2176,0,2022-03-10 06:53:58.628,0.0,0.0,1.0,0.0,0.0,1.0,1.0,158.0,0.0,1.0,28.7,28.9,29.0,28.8,3423.0,2400.0,2.0,0.0,4.0,45.4991,9.2176,0.0,0.0,2.76,2.65,2.72,2.63,2.44,2.15,2.11,2.64,2.76,2.62,2.71,2.63,2.42,2.15,2.1,2.64,0.55,8.6,False
2022-03-10 06:54:02.429,ETR700,e700_4801,ILCK_PROP_19M1,ILCK_PROP_19M1,Cod. 19 Maniglia Allarme Passeggeri Attivata,N,2022-03-10 06:54:03.328,1.0,Milano,MDS,MDS,45.4991,9.2176,0,2022-03-10 06:53:58.628,0.0,0.0,1.0,0.0,0.0,1.0,1.0,158.0,0.0,1.0,28.7,28.9,29.0,28.8,3423.0,2400.0,2.0,0.0,4.0,45.4991,9.2176,0.0,0.0,2.76,2.65,2.72,2.63,2.44,2.15,2.11,2.64,2.76,2.62,2.71,2.63,2.42,2.15,2.1,2.64,0.55,8.6,True
2022-03-10 06:53:59.828,ETR700,e700_4801,150007,_Standby_,Stato STANDBY attivo,N,2022-03-10 06:54:02.844,4.0,Milano,VEHICLE,VEHICLE,45.4991,9.2176,0,2022-03-10 06:53:58.628,0.0,0.0,1.0,0.0,0.0,1.0,1.0,158.0,0.0,1.0,28.7,28.9,29.0,28.8,3423.0,2400.0,2.0,0.0,4.0,45.4991,9.2176,0.0,0.0,2.76,2.65,2.72,2.63,2.44,2.15,2.11,2.64,2.76,2.62,2.71,2.63,2.42,2.15,2.1,2.64,0.55,8.6,False
2022-03-10 06:53:58.628,ETR700,e700_4801,150009,_Parking_,Stato PARKING attivo,N,2022-03-10 06:53:59.828,2.0,Milano,VEHICLE,VEHICLE,45.4991,9.2176,0,2022-03-10 06:53:53.832,0.0,0.0,1.0,0.0,0.0,1.0,1.0,158.0,0.0,1.0,28.7,28.9,29.0,28.8,3424.0,2400.0,2.0,0.0,2.0,45.4991,9.2176,0.0,0.0,2.77,2.65,2.72,2.63,2.44,2.14,2.11,2.64,2.76,2.62,2.71,2.63,2.42,2.15,2.1,2.64,0.65,8.7,False
2022-03-10 06:53:53.832,ETR700,e700_4801,151014,_DCPantoSts_,Pantografo DC alto in T2,N,2022-03-10 06:54:07.231,14.0,Milano,VEHICLE,VEHICLE,45.4991,9.2176,0,2022-03-10 06:53:49.234,0.0,0.0,1.0,0.0,0.0,0.0,1.0,166.0,0.0,1.0,28.7,28.9,29.0,28.8,3390.0,2400.0,2.0,0.0,2.0,45.4991,9.2176,250.0,0.0,0.01,0.0,0.0,0.0,0.01,0.0,0.0,0.0,0.0,0.0,0.01,0.0,0.0,0.0,0.0,0.0,3.3,8.99,False
2022-03-10 06:53:49.437,ETR700,e700_4801,018202,CCU_FltWtbComm,Mancata comunicazione WTB in CCU M8,N,2022-03-10 06:53:50.833,2.0,Milano,VEHICLE,VEHICLE,45.4991,9.2176,0,2022-03-10 06:53:44.828,1.0,0.0,1.0,0.0,0.0,0.0,1.0,166.0,0.0,1.0,28.7,28.9,29.0,28.8,3391.0,2400.0,2.0,0.0,1.0,45.4991,9.2176,250.0,0.0,0.01,0.0,0.01,0.0,0.01,0.0,0.0,0.0,0.0,0.0,0.01,0.0,0.0,0.0,0.0,0.01,3.3,8.9,False
2022-03-10 06:53:49.437,ETR700,e700_4801,018201,CCU_FltWtbR2,Mancata ricezione R2 in CCU M8,N,2022-03-10 06:53:50.833,2.0,Milano,VEHICLE,VEHICLE,45.4991,9.2176,0,2022-03-10 06:53:44.828,1.0,0.0,1.0,0.0,0.0,0.0,1.0,166.0,0.0,1.0,28.7,28.9,29.0,28.8,3391.0,2400.0,2.0,0.0,1.0,45.4991,9.2176,250.0,0.0,0.01,0.0,0.01,0.0,0.01,0.0,0.0,0.0,0.0,0.0,0.01,0.0,0.0,0.0,0.0,0.01,3.3,8.9,False
2022-03-10 06:53:49.234,ETR700,e700_4801,ILCK_PROP_15,ILCK_PROP_15,Cod. 15 Nessun banco abilitato,N,2022-03-10 06:54:02.429,14.0,Milano,MDS,MDS,45.4991,9.2176,0,2022-03-10 06:53:44.43,1.0,0.0,1.0,0.0,0.0,0.0,1.0,166.0,0.0,1.0,28.7,28.9,28.9,28.8,3391.0,2400.0,2.0,0.0,1.0,45.4991,9.2176,250.0,0.0,0.01,0.01,0.01,0.0,0.07,0.0,0.01,0.01,0.0,0.0,0.01,0.0,0.04,0.0,0.02,0.03,3.3,8.89,False
2022-03-10 06:53:49.234,ETR700,e700_4801,150007,_Standby_,Stato STANDBY attivo,N,2022-03-10 06:53:58.628,10.0,Milano,VEHICLE,VEHICLE,45.4991,9.2176,0,2022-03-10 06:53:44.43,1.0,0.0,1.0,0.0,0.0,0.0,1.0,166.0,0.0,1.0,28.7,28.9,28.9,28.8,3391.0,2400.0,2.0,0.0,1.0,45.4991,9.2176,250.0,0.0,0.01,0.01,0.01,0.0,0.07,0.0,0.01,0.01,0.0,0.0,0.01,0.0,0.04,0.0,0.02,0.03,3.3,8.89,False
2022-03-10 06:43:42.632,ETR700,e700_4801,ILCK_PROP_11M1,ILCK_PROP_11M1,Cod. 11 Rilascio Porte Destre Attivo,N,2022-03-10 06:53:49.234,607.0,Milano,MDS,MDS,45.4991,9.2176,1,2022-03-10 06:43:42.632,1.0,0.0,1.0,0.0,0.0,0.0,1.0,162.0,0.0,1.0,28.1,28.2,28.1,27.8,3410.0,2400.0,2.0,0.0,1.0,45.4991,9.2176,250.0,0.0,0.01,0.0,0.0,0.0,0.0,0.0,0.0,0.0,0.0,0.0,0.0,0.0,0.0,0.0,0.0,0.0,4.93,9.51,False
2022-03-10 06:41:23.028,ETR700,e700_4801,150017,_CmdCloseIR_,Comando chiusura IR/IP da banco,N,2022-03-10 06:41:24.03,2.0,Milano,VEHICLE,VEHICLE,45.4991,9.2177,1,2022-03-10 06:41:23.028,1.0,0.0,1.0,0.0,0.0,0.0,1.0,8.0,0.0,0.0,22.6,23.1,23.2,23.3,3476.0,2400.0,2.0,0.0,1.0,45.4991,9.2177,250.0,0.0,0.01,0.0,0.0,0.0,0.01,0.0,0.0,0.0,0.0,0.0,0.0,0.0,0.0,0.0,0.0,0.0,4.94,8.33,False
2022-03-10 06:41:12.228,ETR700,e700_4801,158014,_DCPantoSts_,Pantografo DC alto in T7,N,2022-03-10 06:58:58.028,1066.0,Milano,VEHICLE,VEHICLE,45.4991,9.2176,1,2022-03-10 06:41:12.228,1.0,0.0,1.0,0.0,0.0,0.0,1.0,0.0,0.0,0.0,22.6,23.2,23.3,23.3,0.0,2400.0,2.0,0.0,1.0,45.4991,9.2176,250.0,0.0,0.01,0.0,0.0,0.0,0.0,0.0,0.0,0.0,0.0,0.0,0.0,0.0,0.0,0.0,0.0,0.0,4.94,8.4,False
2022-03-10 06:41:03.228,ETR700,e700_4801,150012,_CmdPantoUp_,Comando alzamento panto da banco,N,2022-03-10 06:41:05.627,3.0,Milano,VEHICLE,VEHICLE,45.4991,9.2176,1,2022-03-10 06:41:03.228,1.0,0.0,1.0,0.0,0.0,0.0,0.0,0.0,0.0,0.0,22.7,23.2,23.3,23.3,0.0,2400.0,2.0,0.0,1.0,45.4991,9.2176,250.0,0.0,0.01,0.0,0.0,0.0,0.0,0.0,0.0,0.0,0.0,0.0,0.0,0.0,0.0,0.0,0.0,0.0,4.94,8.48,False
2022-03-10 06:40:51.629,ETR700,e700_4801,150027,_CmdTCUFailReset_,Comando riconfigurazione e reset da banco,N,2022-03-10 06:40:54.627,3.0,Milano,VEHICLE,VEHICLE,45.4991,9.2177,0,2022-03-10 06:40:46.824,1.0,0.0,1.0,0.0,0.0,0.0,2.0,0.0,0.0,0.0,22.8,23.3,23.4,23.5,0.0,2400.0,2.0,0.0,1.0,45.4991,9.2177,250.0,0.0,0.01,0.0,0.0,0.0,0.01,0.0,0.0,0.0,0.0,0.0,0.0,0.0,0.0,0.0,0.0,0.0,4.94,8.56,True
2022-03-10 06:40:46.824,ETR700,e700_4801,150018,_CmdOpenIR_,Comando apertura IR/IP da banco,N,2022-03-10 06:40:54.627,8.0,Milano,VEHICLE,VEHICLE,45.4991,9.2177,0,2022-03-10 06:40:46.627,1.0,0.0,1.0,0.0,0.0,0.0,2.0,0.0,0.0,0.0,22.8,23.3,23.4,23.5,0.0,2400.0,2.0,0.0,1.0,45.4991,9.2177,250.0,0.0,0.01,0.0,0.0,0.0,0.01,0.0,0.0,0.0,0.0,0.0,0.0,0.0,0.0,0.0,0.0,0.0,4.94,8.56,False
2022-03-10 06:40:21.625,ETR700,e700_4801,ILCK_IR_T7_52,ILCK_IR_T7_52,Cod 52. Comando apertura DC per guasto Pantografo,N,2022-03-10 06:40:51.629,31.0,Milano,AT,T2_1Q2_IR,45.4991,9.2176,0,2022-03-10 06:40:18.429,1.0,0.0,1.0,0.0,0.0,0.0,2.0,0.0,0.0,0.0,23.0,23.5,23.6,23.6,0.0,2400.0,2.0,0.0,1.0,45.4991,9.2176,250.0,0.0,0.01,0.0,0.0,0.0,0.0,0.0,0.0,0.0,0.0,0.0,0.0,0.0,0.0,0.0,0.0,0.0,4.94,8.71,True
2022-03-10 06:40:09.826,ETR700,e700_4801,150027,_CmdTCUFailReset_,Comando riconfigurazione e reset da banco,N,2022-03-10 06:40:33.251,24.0,Milano,VEHICLE,VEHICLE,45.4991,9.2176,0,2022-03-10 06:40:04.826,1.0,0.0,1.0,0.0,0.0,0.0,2.0,0.0,0.0,0.0,23.1,23.6,23.7,23.7,0.0,2400.0,2.0,0.0,1.0,45.4991,9.2176,250.0,0.0,0.01,0.0,0.0,0.0,0.01,0.0,0.0,0.0,0.0,0.0,0.0,0.0,0.0,0.0,0.0,0.0,4.94,8.78,True
2022-03-10 06:40:04.826,ETR700,e700_4801,150018,_CmdOpenIR_,Comando apertura IR/IP da banco,N,2022-03-10 06:40:33.251,29.0,Milano,VEHICLE,VEHICLE,45.4991,9.2176,1,2022-03-10 06:40:04.826,1.0,0.0,1.0,0.0,0.0,0.0,2.0,0.0,0.0,0.0,23.1,23.6,23.7,23.7,0.0,2400.0,2.0,0.0,1.0,45.4991,9.2176,250.0,0.0,0.01,0.0,0.0,0.0,0.01,0.0,0.0,0.0,0.0,0.0,0.0,0.0,0.0,0.0,0.0,0.0,4.94,8.78,False
2022-03-10 06:39:44.628,ETR700,e700_4801,150013,_CmdPantoDw_,Comando abbassamento panto da banco,N,2022-03-10 06:39:45.031,1.0,Milano,VEHICLE,VEHICLE,45.4991,9.2176,0,2022-03-10 06:39:44.432,1.0,0.0,1.0,0.0,0.0,1.0,2.0,8.0,0.0,0.0,23.4,23.9,24.0,24.0,3413.0,2400.0,2.0,0.0,1.0,45.4991,9.2176,250.0,0.0,0.01,0.0,0.0,0.0,0.0,0.0,0.0,0.01,0.01,0.0,0.0,0.0,0.0,0.0,0.0,0.0,4.94,8.91,True
2022-03-10 06:39:37.905,ETR700,e700_4801,ILCK_PROP_21M1,ILCK_PROP_21M1,Cod. 21 AT non presente,N,2022-03-10 06:41:25.027,108.0,Milano,MDS,MDS,45.4991,9.2176,0,2022-03-10 06:39:36.029,1.0,0.0,1.0,0.0,0.0,1.0,2.0,162.0,1.0,0.0,28.3,28.3,28.2,27.9,3403.0,2400.0,2.0,0.0,1.0,45.4991,9.2176,250.0,0.0,0.01,0.0,0.01,0.0,0.01,0.0,0.0,0.0,0.0,0.0,0.0,0.0,0.0,0.0,0.0,0.01,4.94,8.96,False
2022-03-10 06:39:37.905,ETR700,e700_4801,150016,_IRIP_OpenSts_,Nessun IR o IP chiuso,N,2022-03-10 06:41:24.629,107.0,Milano,VEHICLE,VEHICLE,45.4991,9.2176,0,2022-03-10 06:39:36.029,1.0,0.0,1.0,0.0,0.0,1.0,2.0,162.0,1.0,0.0,28.3,28.3,28.2,27.9,3403.0,2400.0,2.0,0.0,1.0,45.4991,9.2176,250.0,0.0,0.01,0.0,0.01,0.0,0.01,0.0,0.0,0.0,0.0,0.0,0.0,0.0,0.0,0.0,0.0,0.01,4.94,8.96,False
2022-03-10 06:39:36.229,ETR700,e700_4801,150018,_CmdOpenIR_,Comando apertura IR/IP da banco,N,2022-03-10 06:39:36.835,1.0,Milano,VEHICLE,VEHICLE,45.4991,9.2176,0,2022-03-10 06:39:36.029,1.0,0.0,1.0,0.0,0.0,1.0,2.0,162.0,1.0,0.0,28.3,28.3,28.2,27.9,3403.0,2400.0,2.0,0.0,1.0,45.4991,9.2176,250.0,0.0,0.01,0.0,0.01,0.0,0.01,0.0,0.0,0.0,0.0,0.0,0.0,0.0,0.0,0.0,0.0,0.01,4.94,8.96,False
2022-03-10 06:36:53.629,ETR700,e700_4801,151023,_Front_,Direzione avanti in M1,N,2022-03-10 06:53:44.032,1011.0,Milano,VEHICLE,VEHICLE,45.4991,9.2176,0,2022-03-10 06:36:48.831,1.0,0.0,1.0,0.0,0.0,1.0,2.0,162.0,1.0,0.0,28.0,27.9,27.9,27.6,3451.0,2400.0,2.0,0.0,1.0,45.4991,9.2176,250.0,0.0,0.01,0.0,0.01,0.0,0.01,0.0,0.0,0.0,0.0,0.0,0.0,0.0,0.0,0.0,0.0,0.01,4.95,8.52,False
2022-03-10 06:36:53.629,ETR700,e700_4801,158024,_Rear_,Direzione indietro in M8,N,2022-03-10 06:53:44.43,1011.0,Milano,VEHICLE,VEHICLE,45.4991,9.2176,0,2022-03-10 06:36:48.831,1.0,0.0,1.0,0.0,0.0,1.0,2.0,162.0,1.0,0.0,28.0,27.9,27.9,27.6,3451.0,2400.0,2.0,0.0,1.0,45.4991,9.2176,250.0,0.0,0.01,0.0,0.01,0.0,0.01,0.0,0.0,0.0,0.0,0.0,0.0,0.0,0.0,0.0,0.0,0.01,4.95,8.52,False
2022-03-10 06:32:13.027,ETR700,e700_4801,152019,_1Q21_,IR chiuso in cassa T2,N,2022-03-10 06:39:37.905,445.0,Milano,AT,T2_1Q2_IR,45.4991,9.2176,0,2022-03-10 06:32:11.426,1.0,0.0,0.0,0.0,0.0,1.0,2.0,8.0,0.0,0.0,22.4,23.0,23.1,23.0,3459.0,2400.0,2.0,0.0,1.0,45.4991,9.2176,250.0,0.0,2.65,2.6,2.65,2.46,2.46,2.12,2.05,2.67,2.63,2.57,2.64,2.49,2.46,2.11,2.04,2.71,0.0,5.44,False
2022-03-10 06:32:11.829,ETR700,e700_4801,EVT_IR_T7_52,EVT_IR_T7_52,Cod 52. Comando apertura DC per guasto Pantografo,N,2022-03-10 06:32:14.026,3.0,Milano,AT,T2_1Q2_IR,45.4991,9.2176,0,2022-03-10 06:32:11.426,1.0,0.0,0.0,0.0,0.0,1.0,2.0,8.0,0.0,0.0,22.4,23.0,23.1,23.0,3459.0,2400.0,2.0,0.0,1.0,45.4991,9.2176,250.0,0.0,2.65,2.6,2.65,2.46,2.46,2.12,2.05,2.67,2.63,2.57,2.64,2.49,2.46,2.11,2.04,2.71,0.0,5.44,True
2022-03-10 06:32:11.426,ETR700,e700_4801,150017,_CmdCloseIR_,Comando chiusura IR/IP da banco,N,2022-03-10 06:32:13.629,3.0,Milano,VEHICLE,VEHICLE,45.4991,9.2176,1,2022-03-10 06:32:11.426,1.0,0.0,0.0,0.0,0.0,1.0,2.0,8.0,0.0,0.0,22.4,23.0,23.1,23.0,3459.0,2400.0,2.0,0.0,1.0,45.4991,9.2176,250.0,0.0,2.65,2.6,2.65,2.46,2.46,2.12,2.05,2.67,2.63,2.57,2.64,2.49,2.46,2.11,2.04,2.71,0.0,5.44,False
2022-03-10 06:31:59.231,ETR700,e700_4801,151014,_DCPantoSts_,Pantografo DC alto in T2,N,2022-03-10 06:39:55.892,477.0,Milano,VEHICLE,VEHICLE,45.4991,9.2176,1,2022-03-10 06:31:59.231,1.0,0.0,0.0,0.0,0.0,1.0,2.0,0.0,0.0,0.0,22.5,23.1,23.1,23.1,0.0,2400.0,2.0,0.0,1.0,45.4991,9.2176,250.0,0.0,2.64,2.59,2.65,2.46,2.46,2.12,2.05,2.68,2.63,2.57,2.64,2.49,2.46,2.11,2.04,2.71,0.0,5.52,False
2022-03-10 06:31:52.228,ETR700,e700_4801,150012,_CmdPantoUp_,Comando alzamento panto da banco,N,2022-03-10 06:31:53.428,2.0,Milano,VEHICLE,VEHICLE,45.4991,9.2176,1,2022-03-10 06:31:52.228,1.0,0.0,0.0,0.0,0.0,0.0,2.0,0.0,0.0,0.0,22.6,23.1,23.2,23.2,0.0,2400.0,2.0,0.0,1.0,45.4991,9.2176,250.0,0.0,2.64,2.6,2.65,2.46,2.46,2.12,2.05,2.68,2.63,2.57,2.64,2.49,2.46,2.11,2.04,2.71,0.0,5.58,False
2022-03-10 06:31:32.236,ETR700,e700_4801,ILCK_IR_T7_42,ILCK_IR_T7_42,Cod 42. Pantografo DC non alto,N,2022-03-10 06:31:59.231,27.0,Milano,AT,T2_1Q2_IR,45.4991,9.2176,0,2022-03-10 06:31:28.231,1.0,0.0,0.0,0.0,0.0,0.0,2.0,4.0,0.0,0.0,23.3,23.7,23.8,23.7,31.0,2400.0,2.0,0.0,1.0,45.4991,9.2176,250.0,0.0,2.64,2.6,2.66,2.46,2.47,2.12,2.05,2.68,2.63,2.57,2.64,2.49,2.46,2.11,2.04,2.71,0.0,5.98,True
2022-03-10 06:31:26.057,ETR700,e700_4801,150016,_IRIP_OpenSts_,Nessun IR o IP chiuso,N,2022-03-10 06:32:13.027,47.0,Milano,VEHICLE,VEHICLE,45.4991,9.2176,0,2022-03-10 06:31:24.428,1.0,0.0,0.0,0.0,0.0,0.0,1.0,170.0,0.0,1.0,27.6,27.4,27.4,27.2,3458.0,2400.0,2.0,0.0,1.0,45.4991,9.2176,250.0,0.0,2.64,2.6,2.66,2.46,2.48,2.12,2.05,2.68,2.63,2.57,2.64,2.49,2.47,2.12,2.04,2.71,0.0,5.86,False
2022-03-10 06:31:25.833,ETR700,e700_4801,ILCK_PROP_21M1,ILCK_PROP_21M1,Cod. 21 AT non presente,N,2022-03-10 06:32:13.027,48.0,Milano,MDS,MDS,45.4991,9.2176,0,2022-03-10 06:31:24.428,1.0,0.0,0.0,0.0,0.0,0.0,1.0,170.0,0.0,1.0,27.6,27.4,27.4,27.2,3458.0,2400.0,2.0,0.0,1.0,45.4991,9.2176,250.0,0.0,2.64,2.6,2.66,2.46,2.48,2.12,2.05,2.68,2.63,2.57,2.64,2.49,2.47,2.12,2.04,2.71,0.0,5.86,False
2022-03-10 06:31:25.631,ETR700,e700_4801,ILCK_IR_T7_52,ILCK_IR_T7_52,Cod 52. Comando apertura DC per guasto Pantografo,N,2022-03-10 06:40:19.427,534.0,Milano,AT,T2_1Q2_IR,45.4991,9.2176,0,2022-03-10 06:31:24.428,1.0,0.0,0.0,0.0,0.0,0.0,1.0,170.0,0.0,1.0,27.6,27.4,27.4,27.2,3458.0,2400.0,2.0,0.0,1.0,45.4991,9.2176,250.0,0.0,2.64,2.6,2.66,2.46,2.48,2.12,2.05,2.68,2.63,2.57,2.64,2.49,2.47,2.12,2.04,2.71,0.0,5.86,True
2022-03-10 06:29:39.827,ETR700,e700_4801,088172,_CabDamperY5S2ntcl_,Mancata chiusura damper Y5_S,N,2022-03-10 06:30:17.827,38.0,Milano,HVAC,HVAC_CAB_M8,45.4991,9.2176,1,2022-03-10 06:29:39.827,1.0,0.0,0.0,0.0,0.0,0.0,1.0,52.0,0.0,1.0,27.4,27.1,27.1,26.7,3523.0,2400.0,2.0,0.0,1.0,45.4991,9.2176,250.0,0.0,2.62,2.6,2.66,1.51,0.76,2.13,0.72,2.41,2.61,2.58,2.64,1.52,0.74,2.12,0.72,2.45,0.0,1.15,True
2022-03-10 06:28:58.025,ETR700,e700_4801,150025,_9S13_,Pressione CP sotto 7.5 bar in M1 (press. 9S13),N,2022-03-10 06:34:49.229,352.0,Milano,VEHICLE,VEHICLE,45.4991,9.2176,1,2022-03-10 06:28:58.025,1.0,0.0,0.0,0.0,0.0,0.0,1.0,12.0,0.0,1.0,22.8,23.2,23.3,23.2,3521.0,2400.0,2.0,0.0,1.0,45.4991,9.2176,250.0,0.0,2.62,2.6,2.65,1.51,0.58,2.13,0.0,2.42,2.6,2.58,2.64,1.52,0.57,2.12,0.0,2.45,0.0,0.01,True
2022-03-10 06:28:58.025,ETR700,e700_4801,158014,_DCPantoSts_,Pantografo DC alto in T7,N,2022-03-10 06:31:25.631,148.0,Milano,VEHICLE,VEHICLE,45.4991,9.2176,1,2022-03-10 06:28:58.025,1.0,0.0,0.0,0.0,0.0,0.0,1.0,12.0,0.0,1.0,22.8,23.2,23.3,23.2,3521.0,2400.0,2.0,0.0,1.0,45.4991,9.2176,250.0,0.0,2.62,2.6,2.65,1.51,0.58,2.13,0.0,2.42,2.6,2.58,2.64,1.52,0.57,2.12,0.0,2.45,0.0,0.01,False
2022-03-10 06:28:58.025,ETR700,e700_4801,ILCK_PROP_02,ILCK_PROP_02,Cod. 02 Taglio trazione comandato da RCEC,N,2022-03-10 06:37:09.629,492.0,Milano,VEHICLE,VEHICLE,45.4991,9.2176,1,2022-03-10 06:28:58.025,1.0,0.0,0.0,0.0,0.0,0.0,1.0,12.0,0.0,1.0,22.8,23.2,23.3,23.2,3521.0,2400.0,2.0,0.0,1.0,45.4991,9.2176,250.0,0.0,2.62,2.6,2.65,1.51,0.58,2.13,0.0,2.42,2.6,2.58,2.64,1.52,0.57,2.12,0.0,2.45,0.0,0.01,False
2022-03-10 06:28:58.025,ETR700,e700_4801,150004,_LineVoltType_,Selezionata tensione 3 kV,N,2022-03-10 08:05:53.16,5816.0,Milano,VEHICLE,VEHICLE,45.4991,9.2176,1,2022-03-10 06:28:58.025,1.0,0.0,0.0,0.0,0.0,0.0,1.0,12.0,0.0,1.0,22.8,23.2,23.3,23.2,3521.0,2400.0,2.0,0.0,1.0,45.4991,9.2176,250.0,0.0,2.62,2.6,2.65,1.51,0.58,2.13,0.0,2.42,2.6,2.58,2.64,1.52,0.57,2.12,0.0,2.45,0.0,0.01,True
2022-03-10 06:28:58.025,ETR700,e700_4801,150006,_Running_,Stato RUNNING attivo,N,2022-03-10 06:53:49.234,1492.0,Milano,VEHICLE,VEHICLE,45.4991,9.2176,1,2022-03-10 06:28:58.025,1.0,0.0,0.0,0.0,0.0,0.0,1.0,12.0,0.0,1.0,22.8,23.2,23.3,23.2,3521.0,2400.0,2.0,0.0,1.0,45.4991,9.2176,250.0,0.0,2.62,2.6,2.65,1.51,0.58,2.13,0.0,2.42,2.6,2.58,2.64,1.52,0.57,2.12,0.0,2.45,0.0,0.01,False
2022-03-09 22:59:46.910,ETR700,e700_4801,018202,CCU_FltWtbComm,Mancata comunicazione WTB in CCU M8,N,2022-03-09 22:59:48.51,2.0,Milano,VEHICLE,VEHICLE,45.4991,9.2176,1,2022-03-09 22:59:46.91,0.0,0.0,0.0,0.0,0.0,0.0,0.0,8.0,0.0,0.0,22.9,23.3,23.5,23.5,0.0,2200.0,2.0,0.0,1.0,45.4991,9.2176,250.0,0.0,2.66,2.6,2.62,2.57,2.42,2.14,2.14,2.63,2.65,2.57,2.62,2.56,2.39,2.13,2.15,2.65,0.4,9.12,False
2022-03-09 22:59:46.910,ETR700,e700_4801,018201,CCU_FltWtbR2,Mancata ricezione R2 in CCU M8,N,2022-03-09 22:59:48.51,2.0,Milano,VEHICLE,VEHICLE,45.4991,9.2176,1,2022-03-09 22:59:46.91,0.0,0.0,0.0,0.0,0.0,0.0,0.0,8.0,0.0,0.0,22.9,23.3,23.5,23.5,0.0,2200.0,2.0,0.0,1.0,45.4991,9.2176,250.0,0.0,2.66,2.6,2.62,2.57,2.42,2.14,2.14,2.63,2.65,2.57,2.62,2.56,2.39,2.13,2.15,2.65,0.4,9.12,False
2022-03-09 22:59:19.309,ETR700,e700_4801,150013,_CmdPantoDw_,Comando abbassamento panto da banco,N,2022-03-09 22:59:20.503,2.0,Milano,VEHICLE,VEHICLE,45.4991,9.2176,0,2022-03-09 22:59:19.109,1.0,0.0,0.0,0.0,0.0,0.0,1.0,8.0,0.0,0.0,23.1,23.5,23.7,23.7,3655.0,2200.0,2.0,0.0,1.0,45.4991,9.2176,250.0,0.0,2.66,2.6,2.62,2.57,2.41,2.14,2.15,2.63,2.65,2.57,2.62,2.56,2.39,2.13,2.15,2.65,0.4,9.26,True
2022-03-09 22:59:08.312,ETR700,e700_4801,ILCK_PROP_21M1,ILCK_PROP_21M1,Cod. 21 AT non presente,N,2022-03-09 22:59:46.91,39.0,Milano,MDS,MDS,45.4991,9.2176,0,2022-03-09 22:59:06.109,1.0,0.0,0.0,0.0,0.0,0.0,1.0,56.0,0.0,1.0,29.1,29.2,29.3,29.2,3683.0,2200.0,2.0,0.0,1.0,45.4991,9.2176,250.0,0.0,2.67,2.6,2.62,2.57,2.42,2.14,2.15,2.63,2.65,2.57,2.62,2.56,2.39,2.13,2.15,2.65,0.4,9.33,False
2022-03-09 22:59:06.109,ETR700,e700_4801,150018,_CmdOpenIR_,Comando apertura IR/IP da banco,N,2022-03-09 22:59:08.512,3.0,Milano,VEHICLE,VEHICLE,45.4991,9.2176,1,2022-03-09 22:59:06.109,1.0,0.0,0.0,0.0,0.0,0.0,1.0,56.0,0.0,1.0,29.1,29.2,29.3,29.2,3683.0,2200.0,2.0,0.0,1.0,45.4991,9.2176,250.0,0.0,2.67,2.6,2.62,2.57,2.42,2.14,2.15,2.63,2.65,2.57,2.62,2.56,2.39,2.13,2.15,2.65,0.4,9.33,False
2022-03-09 21:40:18.913,ETR700,e700_4801,151023,_Front_,Direzione avanti in M1,N,2022-03-09 21:45:12.511,294.0,Milano,VEHICLE,VEHICLE,45.4876,9.2059,1,2022-03-09 21:40:18.913,1.0,0.0,1.0,0.0,0.0,0.0,1.0,56.0,0.0,1.0,29.1,29.2,29.3,29.3,3515.0,2200.0,2.0,0.0,1.0,45.4876,9.2059,250.0,0.0,0.01,0.0,0.0,0.0,0.0,0.0,0.0,0.0,0.01,0.0,0.0,0.0,0.0,0.0,0.0,0.0,4.94,9.17,False
2022-03-09 21:40:18.913,ETR700,e700_4801,158024,_Rear_,Direzione indietro in M8,N,2022-03-09 21:45:12.511,294.0,Milano,VEHICLE,VEHICLE,45.4876,9.2059,1,2022-03-09 21:40:18.913,1.0,0.0,1.0,0.0,0.0,0.0,1.0,56.0,0.0,1.0,29.1,29.2,29.3,29.3,3515.0,2200.0,2.0,0.0,1.0,45.4876,9.2059,250.0,0.0,0.01,0.0,0.0,0.0,0.0,0.0,0.0,0.0,0.01,0.0,0.0,0.0,0.0,0.0,0.0,0.0,4.94,9.17,False
2022-03-09 21:36:06.517,ETR700,e700_4801,018202,CCU_FltWtbComm,Mancata comunicazione WTB in CCU M8,N,2022-03-09 21:36:08.11,2.0,Milano,VEHICLE,VEHICLE,45.4877,9.2061,0,2022-03-09 21:36:03.706,0.0,0.0,0.0,0.0,0.0,1.0,1.0,60.0,1.0,0.0,29.1,29.2,29.3,29.3,3526.0,2200.0,2.0,0.0,2.0,45.4877,9.2061,0.0,0.0,2.63,2.63,2.7,2.68,2.41,2.17,2.2,2.69,2.62,2.6,2.7,2.68,2.39,2.17,2.2,2.71,0.0,9.41,False
2022-03-09 21:36:06.517,ETR700,e700_4801,018200,CCU_FltWtbR1,Mancata ricezione R1 in CCU M8,N,2022-03-09 21:36:08.11,2.0,Milano,VEHICLE,VEHICLE,45.4877,9.2061,0,2022-03-09 21:36:03.706,0.0,0.0,0.0,0.0,0.0,1.0,1.0,60.0,1.0,0.0,29.1,29.2,29.3,29.3,3526.0,2200.0,2.0,0.0,2.0,45.4877,9.2061,0.0,0.0,2.63,2.63,2.7,2.68,2.41,2.17,2.2,2.69,2.62,2.6,2.7,2.68,2.39,2.17,2.2,2.71,0.0,9.41,True
2022-03-09 21:36:06.517,ETR700,e700_4801,150006,_Running_,Stato RUNNING attivo,N,2022-03-09 22:59:47.111,5021.0,Milano,VEHICLE,VEHICLE,45.4877,9.2061,0,2022-03-09 21:36:03.706,0.0,0.0,0.0,0.0,0.0,1.0,1.0,60.0,1.0,0.0,29.1,29.2,29.3,29.3,3526.0,2200.0,2.0,0.0,2.0,45.4877,9.2061,0.0,0.0,2.63,2.63,2.7,2.68,2.41,2.17,2.2,2.69,2.62,2.6,2.7,2.68,2.39,2.17,2.2,2.71,0.0,9.41,False
2022-03-09 21:36:03.706,ETR700,e700_4801,150007,_Standby_,Stato STANDBY attivo,N,2022-03-09 21:36:06.517,3.0,Milano,VEHICLE,VEHICLE,45.4877,9.2061,1,2022-03-09 21:36:03.706,0.0,0.0,0.0,0.0,0.0,1.0,1.0,60.0,1.0,0.0,29.1,29.2,29.3,29.3,3526.0,2200.0,2.0,0.0,2.0,45.4877,9.2061,0.0,0.0,2.63,2.63,2.7,2.68,2.41,2.17,2.2,2.69,2.62,2.6,2.7,2.68,2.39,2.17,2.2,2.71,0.0,9.41,False
2022-03-09 21:27:19.708,ETR700,e700_4801,150009,_Parking_,Stato PARKING attivo,N,2022-03-09 21:36:03.706,524.0,Milano,VEHICLE,VEHICLE,45.4878,9.2062,0,2022-03-09 21:27:15.711,0.0,0.0,0.0,0.0,0.0,1.0,1.0,68.0,1.0,0.0,29.1,29.2,29.3,29.2,3518.0,2200.0,2.0,0.0,2.0,45.4879,9.2062,0.0,0.0,2.63,2.62,2.7,2.69,2.41,2.16,2.19,2.73,2.6,2.6,2.7,2.68,2.4,2.16,2.19,2.73,0.51,8.89,False
2022-03-09 21:27:15.711,ETR700,e700_4801,158014,_DCPantoSts_,Pantografo DC alto in T7,N,2022-03-09 22:59:25.308,5530.0,Milano,VEHICLE,VEHICLE,45.4879,9.2062,0,2022-03-09 21:27:11.107,0.0,0.0,0.0,0.0,0.0,1.0,0.0,76.0,1.0,0.0,29.1,29.2,29.3,29.2,3545.0,2200.0,2.0,0.0,1.0,45.4879,9.2062,30.0,0.0,2.6,2.61,2.67,2.68,2.41,2.16,2.18,2.73,2.59,2.59,2.69,2.67,2.38,2.15,2.18,2.72,0.64,8.85,False
2022-03-09 21:27:11.713,ETR700,e700_4801,150007,_Standby_,Stato STANDBY attivo,N,2022-03-09 21:27:19.708,8.0,Milano,VEHICLE,VEHICLE,45.4879,9.2062,0,2022-03-09 21:27:11.107,0.0,0.0,0.0,0.0,0.0,1.0,0.0,76.0,1.0,0.0,29.1,29.2,29.3,29.2,3545.0,2200.0,2.0,0.0,1.0,45.4879,9.2062,30.0,0.0,2.6,2.61,2.67,2.68,2.41,2.16,2.18,2.73,2.59,2.59,2.69,2.67,2.38,2.15,2.18,2.72,0.64,8.85,False
2022-03-09 21:27:11.509,ETR700,e700_4801,011202,CCU_FltWtbComm,Mancata comunicazione WTB in CCU M1,N,2022-03-09 21:27:12.904,2.0,Milano,VEHICLE,VEHICLE,45.4879,9.2062,0,2022-03-09 21:27:11.107,0.0,0.0,0.0,0.0,0.0,1.0,0.0,76.0,1.0,0.0,29.1,29.2,29.3,29.2,3545.0,2200.0,2.0,0.0,1.0,45.4879,9.2062,30.0,0.0,2.6,2.61,2.67,2.68,2.41,2.16,2.18,2.73,2.59,2.59,2.69,2.67,2.38,2.15,2.18,2.72,0.64,8.85,False
2022-03-09 21:27:11.509,ETR700,e700_4801,011201,CCU_FltWtbR2,Mancata ricezione R2 in CCU M1,N,2022-03-09 21:27:12.904,2.0,Milano,VEHICLE,VEHICLE,45.4879,9.2062,0,2022-03-09 21:27:11.107,0.0,0.0,0.0,0.0,0.0,1.0,0.0,76.0,1.0,0.0,29.1,29.2,29.3,29.2,3545.0,2200.0,2.0,0.0,1.0,45.4879,9.2062,30.0,0.0,2.6,2.61,2.67,2.68,2.41,2.16,2.18,2.73,2.59,2.59,2.69,2.67,2.38,2.15,2.18,2.72,0.64,8.85,False
2022-03-09 21:27:11.107,ETR700,e700_4801,ILCK_PROP_15,ILCK_PROP_15,Cod. 15 Nessun banco abilitato,N,2022-03-09 21:36:06.517,536.0,Milano,MDS,MDS,45.4879,9.2062,1,2022-03-09 21:27:11.107,0.0,0.0,0.0,0.0,0.0,1.0,0.0,76.0,1.0,0.0,29.1,29.2,29.3,29.2,3545.0,2200.0,2.0,0.0,1.0,45.4879,9.2062,30.0,0.0,2.6,2.61,2.67,2.68,2.41,2.16,2.18,2.73,2.59,2.59,2.69,2.67,2.38,2.15,2.18,2.72,0.64,8.85,False
2022-03-09 21:26:49.678,ETR700,e700_4801,ILCK_PROP_02,ILCK_PROP_02,Cod. 02 Taglio trazione comandato da RCEC,N,2022-03-09 21:27:11.308,22.0,Milano,VEHICLE,VEHICLE,45.4879,9.2062,0,2022-03-09 21:26:44.709,0.0,1.0,2.0,0.0,0.0,1.0,0.0,72.0,1.0,0.0,29.1,29.2,29.3,29.1,3586.0,2200.0,2.0,0.0,1.0,45.4878,9.2061,30.0,0.0,0.52,0.53,0.54,0.86,0.56,0.52,0.52,0.51,0.53,0.52,0.53,0.87,0.58,0.53,0.52,0.51,4.49,8.61,False
2022-03-09 21:26:42.312,ETR700,e700_4801,ILCK_PROP_11M8,ILCK_PROP_11M8,Cod. 11 Rilascio Porte Destre Attivo,N,2022-03-09 21:27:11.107,29.0,Milano,MDS,MDS,45.4878,9.2061,0,2022-03-09 21:26:38.515,0.0,1.0,2.0,0.0,0.0,1.0,0.0,72.0,1.0,0.0,29.1,29.2,29.3,29.1,3589.0,2200.0,2.0,0.0,1.0,45.4879,9.206,30.0,3.0,0.52,0.51,0.52,0.49,0.52,0.51,0.52,0.49,0.51,0.52,0.5,0.5,0.54,0.53,0.51,0.51,4.49,8.53,False
2022-03-09 21:19:23.914,ETR700,e700_4801,ILCK_PROP_10,ILCK_PROP_10,Cod. 10 Nessuna velocita' impostata,N,2022-03-09 21:19:28.112,5.0,Milano,VEHICLE,VEHICLE,45.4715,9.2439,0,2022-03-09 21:19:22.916,0.0,1.0,2.0,0.0,0.0,1.0,0.0,92.0,1.0,0.0,29.0,29.2,29.3,29.1,3568.0,2200.0,2.0,0.0,1.0,45.4715,9.244,150.0,30.0,0.01,0.0,0.0,0.0,0.0,0.0,0.0,0.0,0.0,0.0,0.0,0.0,0.0,0.0,0.0,0.01,4.97,9.16,False
2022-03-09 21:07:46.913,ETR700,e700_4801,152019,_1Q21_,IR chiuso in cassa T2,N,2022-03-09 21:36:11.711,1705.0,Treviglio,AT,T2_1Q2_IR,45.5114,9.5315,0,2022-03-09 21:07:42.113,0.0,1.0,2.0,0.0,0.0,1.0,0.0,8.0,0.0,0.0,22.9,23.3,23.5,23.4,3659.0,2200.0,2.0,0.0,1.0,45.5114,9.5339,250.0,135.0,0.01,0.0,0.0,0.0,0.0,0.0,0.0,0.0,0.0,0.0,0.0,0.0,0.0,0.0,0.0,0.0,4.96,8.05,False
2022-03-09 21:07:12.120,ETR700,e700_4801,150010,_Poc_,Ingresso in POC,N,2022-03-09 21:07:30.105,18.0,Treviglio,VEHICLE,VEHICLE,45.5098,9.5487,0,2022-03-09 21:07:08.713,0.0,1.0,2.0,1.0,0.0,0.0,0.0,13.0,1.0,0.0,29.0,29.2,29.3,29.1,26726.0,2200.0,4.0,0.0,1.0,45.5095,9.5503,250.0,151.0,2.32,2.25,2.35,2.29,2.28,1.86,1.9,2.39,2.3,2.21,2.34,2.26,2.24,1.85,1.91,2.39,3.75,8.4,False
2022-03-09 21:07:11.517,ETR700,e700_4801,ILCK_PROP_21M8,ILCK_PROP_21M8,Cod. 21 AT non presente,N,2022-03-09 21:07:47.31,36.0,Treviglio,MDS,MDS,45.5098,9.5487,0,2022-03-09 21:07:06.913,0.0,1.0,2.0,1.0,0.0,0.0,0.0,-188.0,1.0,0.0,29.0,29.2,29.3,29.1,26870.0,2200.0,4.0,0.0,1.0,45.5093,9.5514,250.0,161.0,1.53,1.79,1.59,1.58,1.92,1.9,1.96,2.0,1.54,1.83,1.62,1.61,1.89,1.91,2.0,2.04,3.35,8.46,False
2022-03-09 21:07:11.517,ETR700,e700_4801,150016,_IRIP_OpenSts_,Nessun IR o IP chiuso,N,2022-03-09 21:07:46.913,36.0,Treviglio,VEHICLE,VEHICLE,45.5098,9.5487,0,2022-03-09 21:07:06.913,0.0,1.0,2.0,1.0,0.0,0.0,0.0,-188.0,1.0,0.0,29.0,29.2,29.3,29.1,26870.0,2200.0,4.0,0.0,1.0,45.5093,9.5514,250.0,161.0,1.53,1.79,1.59,1.58,1.92,1.9,1.96,2.0,1.54,1.83,1.62,1.61,1.89,1.91,2.0,2.04,3.35,8.46,False
2022-03-09 21:07:09.715,ETR700,e700_4801,ILCK_IRIP_T7_09,ILCK_IRIP_T7_09,Cod 09. Apertura Interruttore principale da ETCS ,N,2022-03-09 21:07:16.116,7.0,Treviglio,AT,T2_1Q2_IR,45.5096,9.5498,0,2022-03-09 21:07:06.913,0.0,1.0,2.0,1.0,0.0,0.0,0.0,-188.0,1.0,0.0,29.0,29.2,29.3,29.1,26870.0,2200.0,4.0,0.0,1.0,45.5093,9.5514,250.0,161.0,1.53,1.79,1.59,1.58,1.92,1.9,1.96,2.0,1.54,1.83,1.62,1.61,1.89,1.91,2.0,2.04,3.35,8.46,False
2022-03-09 20:56:41.915,ETR700,e700_4801,151015,_ACPantoSts_,Pantografo AC alto in T2,N,2022-03-09 21:07:14.508,633.0,Rovato,VEHICLE,VEHICLE,45.5249,10.0316,0,2022-03-09 20:56:37.439,0.0,1.0,2.0,0.0,0.0,0.0,0.0,0.0,0.0,0.0,23.1,23.5,23.6,23.5,1795.0,2200.0,4.0,0.0,1.0,45.5255,10.0343,160.0,159.0,0.01,0.0,0.0,0.0,0.0,0.0,0.0,0.0,0.0,0.0,0.0,0.0,0.0,0.0,0.0,0.0,4.97,8.52,True
2022-03-09 20:56:22.061,ETR700,e700_4801,ILCK_PROP_21M8,ILCK_PROP_21M8,Cod. 21 AT non presente,N,2022-03-09 20:56:50.71,29.0,Rovato,MDS,MDS,45.5275,10.0423,0,2022-03-09 20:56:19.108,0.0,1.0,2.0,0.0,0.0,1.0,0.0,72.0,1.0,0.0,29.1,29.2,29.3,29.1,3558.0,2200.0,2.0,0.0,1.0,45.5279,10.0439,160.0,161.0,0.01,0.0,0.0,0.0,0.0,0.0,0.0,0.0,0.0,0.0,0.0,0.0,0.0,0.0,0.0,0.0,4.97,8.62,False
2022-03-09 20:56:21.116,ETR700,e700_4801,150016,_IRIP_OpenSts_,Nessun IR o IP chiuso,N,2022-03-09 20:56:50.71,30.0,Rovato,VEHICLE,VEHICLE,45.5277,10.0428,0,2022-03-09 20:56:16.911,0.0,1.0,2.0,0.0,0.0,1.0,0.0,72.0,1.0,0.0,29.1,29.2,29.3,29.1,3561.0,2200.0,2.0,0.0,1.0,45.5282,10.045,160.0,161.0,0.01,0.0,0.0,0.0,0.0,0.0,0.0,0.0,0.0,0.0,0.0,0.0,0.0,0.0,0.0,0.0,4.97,8.64,False
2022-03-09 20:56:20.914,ETR700,e700_4801,150010,_Poc_,Ingresso in POC,N,2022-03-09 20:56:35.365,15.0,Rovato,VEHICLE,VEHICLE,45.5277,10.0428,0,2022-03-09 20:56:16.911,0.0,1.0,2.0,0.0,0.0,1.0,0.0,72.0,1.0,0.0,29.1,29.2,29.3,29.1,3561.0,2200.0,2.0,0.0,1.0,45.5282,10.045,160.0,161.0,0.01,0.0,0.0,0.0,0.0,0.0,0.0,0.0,0.0,0.0,0.0,0.0,0.0,0.0,0.0,0.0,4.97,8.64,False
2022-03-09 20:56:19.108,ETR700,e700_4801,ILCK_IRIP_T7_09,ILCK_IRIP_T7_09,Cod 09. Apertura Interruttore principale da ETCS ,N,2022-03-09 20:56:24.307,6.0,Rovato,AT,T2_1Q2_IR,45.5279,10.0439,0,2022-03-09 20:56:16.911,0.0,1.0,2.0,0.0,0.0,1.0,0.0,72.0,1.0,0.0,29.1,29.2,29.3,29.1,3561.0,2200.0,2.0,0.0,1.0,45.5282,10.045,160.0,161.0,0.01,0.0,0.0,0.0,0.0,0.0,0.0,0.0,0.0,0.0,0.0,0.0,0.0,0.0,0.0,0.0,4.97,8.64,False
2022-03-09 20:47:40.115,ETR700,e700_4801,ILCK_PROP_11M8,ILCK_PROP_11M8,Cod. 11 Rilascio Porte Destre Attivo,N,2022-03-09 20:48:22.511,43.0,Brescia,MDS,MDS,45.531,10.2154,0,2022-03-09 20:47:37.308,0.0,1.0,2.0,0.0,0.0,1.0,0.0,72.0,1.0,0.0,29.1,29.2,29.3,29.1,3641.0,2200.0,2.0,0.0,1.0,45.531,10.2155,150.0,4.0,0.57,0.51,0.48,0.54,0.5,0.47,0.48,0.52,0.51,0.48,0.48,0.53,0.49,0.49,0.48,0.51,4.46,8.34,False
2022-03-09 20:27:02.513,ETR700,e700_4801,ILCK_PROP_11M8,ILCK_PROP_11M8,Cod. 11 Rilascio Porte Destre Attivo,N,2022-03-09 20:27:32.71,31.0,Peschiera del Garda,MDS,MDS,45.439,10.7034,0,2022-03-09 20:27:01.71,0.0,1.0,2.0,0.0,0.0,1.0,0.0,98.0,1.0,0.0,29.1,29.2,29.3,29.1,3546.0,2200.0,2.0,0.0,1.0,45.439,10.7034,115.0,3.0,0.67,0.65,0.71,0.78,0.68,0.53,0.58,0.7,0.73,0.67,0.7,0.79,0.72,0.62,0.6,0.71,4.37,8.18,False
2022-03-09 20:18:40.114,ETR700,e700_4801,ILCK_PROP_10,ILCK_PROP_10,Cod. 10 Nessuna velocita' impostata,N,2022-03-09 20:18:40.508,1.0,Sona,VEHICLE,VEHICLE,45.4274,10.8577,0,2022-03-09 20:18:39.908,0.0,1.0,2.0,0.0,0.0,1.0,0.0,80.0,1.0,0.0,29.1,29.2,29.3,29.1,3553.0,1800.0,2.0,0.0,1.0,45.4274,10.8577,110.0,39.0,0.01,0.0,0.0,0.0,0.01,0.0,0.0,0.0,0.0,0.0,0.0,0.0,0.0,0.0,0.0,0.01,4.97,8.81,False
2022-03-09 19:13:38.312,ETR700,e700_4801,ILCK_PROP_10,ILCK_PROP_10,Cod. 10 Nessuna velocita' impostata,N,2022-03-09 19:13:38.912,1.0,Padova,VEHICLE,VEHICLE,45.4197,11.8988,1,2022-03-09 19:13:38.312,0.0,1.0,2.0,0.0,0.0,1.0,0.0,80.0,1.0,0.0,29.0,29.2,29.3,29.1,3598.0,1800.0,2.0,0.0,1.0,45.4197,11.8988,0.0,79.0,0.01,0.0,0.0,0.0,0.01,0.0,0.0,0.0,0.0,0.0,0.0,0.0,0.0,0.0,0.0,0.0,4.96,9.24,False
2022-03-09 18:50:31.711,ETR700,e700_4801,ILCK_PROP_02,ILCK_PROP_02,Cod. 02 Taglio trazione comandato da RCEC,N,2022-03-09 18:51:31.11,60.0,Venezia,VEHICLE,VEHICLE,45.4816,12.2329,1,2022-03-09 18:50:31.711,0.0,1.0,2.0,0.0,0.0,1.0,0.0,77.0,1.0,0.0,29.2,29.3,29.4,29.2,3539.0,2400.0,2.0,0.0,1.0,45.4816,12.2329,250.0,0.0,2.4,2.27,2.4,2.41,2.29,1.9,2.06,2.27,2.39,2.23,2.39,2.36,2.26,1.85,1.97,2.3,3.37,8.88,False
2022-03-09 18:50:20.511,ETR700,e700_4801,ILCK_PROP_11M8,ILCK_PROP_11M8,Cod. 11 Rilascio Porte Destre Attivo,N,2022-03-09 19:02:02.709,703.0,Venezia,MDS,MDS,45.4816,12.2329,1,2022-03-09 18:50:20.511,0.0,1.0,2.0,0.0,0.0,1.0,0.0,73.0,1.0,0.0,29.2,29.3,29.4,29.2,3618.0,2400.0,2.0,0.0,1.0,45.4816,12.2329,250.0,0.0,0.48,0.5,0.5,0.58,0.52,0.49,0.5,0.55,0.5,0.52,0.5,0.57,0.52,0.51,0.5,0.54,4.47,8.86,False
2022-03-09 18:44:45.909,ETR700,e700_4801,158023,_Front_,Direzione avanti in M8,N,2022-03-09 21:26:48.511,9723.0,Venezia,VEHICLE,VEHICLE,45.4782,12.2464,1,2022-03-09 18:44:45.909,0.0,1.0,2.0,0.0,0.0,1.0,0.0,141.0,1.0,0.0,29.2,29.4,29.4,29.2,3521.0,2400.0,2.0,0.0,1.0,45.4782,12.2464,250.0,0.0,0.5,0.46,0.49,0.55,0.5,0.33,0.34,0.51,0.49,0.37,0.49,0.48,0.34,0.35,0.34,0.5,4.45,8.58,False
2022-03-09 18:44:45.909,ETR700,e700_4801,151024,_Rear_,Direzione indietro in M1,N,2022-03-09 21:26:48.914,9724.0,Venezia,VEHICLE,VEHICLE,45.4782,12.2464,1,2022-03-09 18:44:45.909,0.0,1.0,2.0,0.0,0.0,1.0,0.0,141.0,1.0,0.0,29.2,29.4,29.4,29.2,3521.0,2400.0,2.0,0.0,1.0,45.4782,12.2464,250.0,0.0,0.5,0.46,0.49,0.55,0.5,0.33,0.34,0.51,0.49,0.37,0.49,0.48,0.34,0.35,0.34,0.5,4.45,8.58,False
2022-03-09 18:41:30.310,ETR700,e700_4801,152019,_1Q21_,IR chiuso in cassa T2,N,2022-03-09 20:56:21.116,8091.0,Venezia,AT,T2_1Q2_IR,45.4782,12.2464,0,2022-03-09 18:41:25.511,0.0,1.0,0.0,0.0,0.0,1.0,1.0,56.0,0.0,1.0,29.2,29.4,29.4,29.2,3603.0,2400.0,2.0,0.0,4.0,45.4782,12.2464,0.0,0.0,2.62,2.59,2.67,2.6,2.4,2.13,2.12,2.62,2.61,2.57,2.67,2.61,2.38,2.13,2.12,2.64,0.05,8.52,False
2022-03-09 18:41:25.717,ETR700,e700_4801,011202,CCU_FltWtbComm,Mancata comunicazione WTB in CCU M1,N,2022-03-09 18:41:27.512,2.0,Venezia,VEHICLE,VEHICLE,45.4782,12.2464,0,2022-03-09 18:41:25.511,0.0,1.0,0.0,0.0,0.0,1.0,1.0,56.0,0.0,1.0,29.2,29.4,29.4,29.2,3603.0,2400.0,2.0,0.0,4.0,45.4782,12.2464,0.0,0.0,2.62,2.59,2.67,2.6,2.4,2.13,2.12,2.62,2.61,2.57,2.67,2.61,2.38,2.13,2.12,2.64,0.05,8.52,False
2022-03-09 18:41:25.717,ETR700,e700_4801,011200,CCU_FltWtbR1,Mancata ricezione R1 in CCU M1,N,2022-03-09 18:41:27.512,2.0,Venezia,VEHICLE,VEHICLE,45.4782,12.2464,0,2022-03-09 18:41:25.511,0.0,1.0,0.0,0.0,0.0,1.0,1.0,56.0,0.0,1.0,29.2,29.4,29.4,29.2,3603.0,2400.0,2.0,0.0,4.0,45.4782,12.2464,0.0,0.0,2.62,2.59,2.67,2.6,2.4,2.13,2.12,2.62,2.61,2.57,2.67,2.61,2.38,2.13,2.12,2.64,0.05,8.52,False
2022-03-09 18:41:25.717,ETR700,e700_4801,ILCK_PROP_02,ILCK_PROP_02,Cod. 02 Taglio trazione comandato da RCEC,N,2022-03-09 18:42:29.711,64.0,Venezia,VEHICLE,VEHICLE,45.4782,12.2464,0,2022-03-09 18:41:25.511,0.0,1.0,0.0,0.0,0.0,1.0,1.0,56.0,0.0,1.0,29.2,29.4,29.4,29.2,3603.0,2400.0,2.0,0.0,4.0,45.4782,12.2464,0.0,0.0,2.62,2.59,2.67,2.6,2.4,2.13,2.12,2.62,2.61,2.57,2.67,2.61,2.38,2.13,2.12,2.64,0.05,8.52,False
2022-03-09 18:41:25.717,ETR700,e700_4801,150006,_Running_,Stato RUNNING attivo,N,2022-03-09 20:56:20.914,8096.0,Venezia,VEHICLE,VEHICLE,45.4782,12.2464,0,2022-03-09 18:41:25.511,0.0,1.0,0.0,0.0,0.0,1.0,1.0,56.0,0.0,1.0,29.2,29.4,29.4,29.2,3603.0,2400.0,2.0,0.0,4.0,45.4782,12.2464,0.0,0.0,2.62,2.59,2.67,2.6,2.4,2.13,2.12,2.62,2.61,2.57,2.67,2.61,2.38,2.13,2.12,2.64,0.05,8.52,False
2022-03-09 18:36:44.709,ETR700,e700_4801,150009,_Parking_,Stato PARKING attivo,N,2022-03-09 18:41:25.717,282.0,Venezia,VEHICLE,VEHICLE,45.4782,12.2464,0,2022-03-09 18:36:40.913,0.0,0.0,0.0,0.0,0.0,1.0,1.0,52.0,0.0,1.0,29.2,29.4,29.4,29.3,3568.0,2400.0,2.0,0.0,2.0,45.4782,12.2464,0.0,0.0,2.6,2.58,2.67,2.6,2.41,2.12,2.12,2.63,2.59,2.56,2.66,2.61,2.41,2.13,2.12,2.63,0.59,9.44,False
2022-03-09 18:36:40.913,ETR700,e700_4801,151014,_DCPantoSts_,Pantografo DC alto in T2,N,2022-03-09 20:56:28.566,8388.0,Venezia,VEHICLE,VEHICLE,45.4782,12.2464,0,2022-03-09 18:36:36.311,0.0,0.0,0.0,0.0,0.0,0.0,1.0,56.0,0.0,1.0,29.2,29.4,29.4,29.3,3587.0,2400.0,2.0,0.0,2.0,45.4782,12.2464,250.0,0.0,2.6,2.57,2.65,2.6,2.4,2.12,2.1,2.63,2.58,2.55,2.66,2.6,2.37,2.11,2.11,2.62,2.76,9.44,False
2022-03-09 18:36:36.510,ETR700,e700_4801,018202,CCU_FltWtbComm,Mancata comunicazione WTB in CCU M8,N,2022-03-09 18:36:38.313,2.0,Venezia,VEHICLE,VEHICLE,45.4782,12.2464,0,2022-03-09 18:36:36.311,0.0,0.0,0.0,0.0,0.0,0.0,1.0,56.0,0.0,1.0,29.2,29.4,29.4,29.3,3587.0,2400.0,2.0,0.0,2.0,45.4782,12.2464,250.0,0.0,2.6,2.57,2.65,2.6,2.4,2.12,2.1,2.63,2.58,2.55,2.66,2.6,2.37,2.11,2.11,2.62,2.76,9.44,False
2022-03-09 18:36:36.510,ETR700,e700_4801,018201,CCU_FltWtbR2,Mancata ricezione R2 in CCU M8,N,2022-03-09 18:36:38.313,2.0,Venezia,VEHICLE,VEHICLE,45.4782,12.2464,0,2022-03-09 18:36:36.311,0.0,0.0,0.0,0.0,0.0,0.0,1.0,56.0,0.0,1.0,29.2,29.4,29.4,29.3,3587.0,2400.0,2.0,0.0,2.0,45.4782,12.2464,250.0,0.0,2.6,2.57,2.65,2.6,2.4,2.12,2.1,2.63,2.58,2.55,2.66,2.6,2.37,2.11,2.11,2.62,2.76,9.44,False
2022-03-09 18:36:36.311,ETR700,e700_4801,ILCK_PROP_15,ILCK_PROP_15,Cod. 15 Nessun banco abilitato,N,2022-03-09 18:41:25.511,290.0,Venezia,MDS,MDS,45.4782,12.2464,1,2022-03-09 18:36:36.311,0.0,0.0,0.0,0.0,0.0,0.0,1.0,56.0,0.0,1.0,29.2,29.4,29.4,29.3,3587.0,2400.0,2.0,0.0,2.0,45.4782,12.2464,250.0,0.0,2.6,2.57,2.65,2.6,2.4,2.12,2.1,2.63,2.58,2.55,2.66,2.6,2.37,2.11,2.11,2.62,2.76,9.44,False
2022-03-09 18:36:36.311,ETR700,e700_4801,150007,_Standby_,Stato STANDBY attivo,N,2022-03-09 18:36:44.709,9.0,Venezia,VEHICLE,VEHICLE,45.4782,12.2464,1,2022-03-09 18:36:36.311,0.0,0.0,0.0,0.0,0.0,0.0,1.0,56.0,0.0,1.0,29.2,29.4,29.4,29.3,3587.0,2400.0,2.0,0.0,2.0,45.4782,12.2464,250.0,0.0,2.6,2.57,2.65,2.6,2.4,2.12,2.1,2.63,2.58,2.55,2.66,2.6,2.37,2.11,2.11,2.62,2.76,9.44,False
2022-03-09 18:23:30.116,ETR700,e700_4801,ILCK_PROP_11M1,ILCK_PROP_11M1,Cod. 11 Rilascio Porte Destre Attivo,N,2022-03-09 18:24:00.713,31.0,Venezia,MDS,MDS,45.4836,12.2195,0,2022-03-09 18:23:25.51,1.0,0.0,1.0,0.0,0.0,0.0,1.0,64.0,0.0,1.0,29.1,29.3,29.4,29.2,3587.0,2400.0,2.0,0.0,1.0,45.4836,12.2194,250.0,7.0,0.01,0.0,0.0,0.0,0.01,0.0,0.0,0.0,0.01,0.0,0.0,0.0,0.0,0.0,0.0,0.01,4.95,9.04,False
2022-03-09 18:04:50.311,ETR700,e700_4801,158024,_Rear_,Direzione indietro in M8,N,2022-03-09 18:36:22.51,1893.0,Venezia,VEHICLE,VEHICLE,45.4812,12.2149,0,2022-03-09 18:04:50.106,1.0,0.0,1.0,0.0,0.0,0.0,1.0,48.0,0.0,1.0,29.1,29.3,29.4,29.2,3555.0,2400.0,2.0,0.0,1.0,45.4812,12.2149,250.0,0.0,0.01,0.0,0.0,0.0,0.0,0.0,0.0,0.01,0.01,0.0,0.0,0.0,0.0,0.0,0.0,0.0,4.95,8.82,False
2022-03-09 18:04:50.106,ETR700,e700_4801,151023,_Front_,Direzione avanti in M1,N,2022-03-09 18:36:22.51,1893.0,Venezia,VEHICLE,VEHICLE,45.4812,12.2149,1,2022-03-09 18:04:50.106,1.0,0.0,1.0,0.0,0.0,0.0,1.0,48.0,0.0,1.0,29.1,29.3,29.4,29.2,3555.0,2400.0,2.0,0.0,1.0,45.4812,12.2149,250.0,0.0,0.01,0.0,0.0,0.0,0.0,0.0,0.0,0.01,0.01,0.0,0.0,0.0,0.0,0.0,0.0,0.0,4.95,8.82,False
2022-03-09 18:01:33.912,ETR700,e700_4801,018202,CCU_FltWtbComm,Mancata comunicazione WTB in CCU M8,N,2022-03-09 18:01:35.709,2.0,Venezia,VEHICLE,VEHICLE,45.4812,12.215,0,2022-03-09 18:01:31.31,0.0,0.0,0.0,0.0,0.0,1.0,1.0,40.0,0.0,1.0,29.2,29.4,29.4,29.2,3486.0,2400.0,2.0,0.0,2.0,45.4812,12.215,0.0,0.0,2.64,2.59,2.7,2.61,2.41,2.12,2.1,2.6,2.62,2.56,2.69,2.62,2.4,2.12,2.1,2.61,0.0,9.14,False
2022-03-09 18:01:33.912,ETR700,e700_4801,018200,CCU_FltWtbR1,Mancata ricezione R1 in CCU M8,N,2022-03-09 18:01:35.709,2.0,Venezia,VEHICLE,VEHICLE,45.4812,12.215,0,2022-03-09 18:01:31.31,0.0,0.0,0.0,0.0,0.0,1.0,1.0,40.0,0.0,1.0,29.2,29.4,29.4,29.2,3486.0,2400.0,2.0,0.0,2.0,45.4812,12.215,0.0,0.0,2.64,2.59,2.7,2.61,2.41,2.12,2.1,2.6,2.62,2.56,2.69,2.62,2.4,2.12,2.1,2.61,0.0,9.14,True
2022-03-09 18:01:33.714,ETR700,e700_4801,ILCK_PROP_02,ILCK_PROP_02,Cod. 02 Taglio trazione comandato da RCEC,N,2022-03-09 18:02:19.911,47.0,Venezia,VEHICLE,VEHICLE,45.4812,12.215,0,2022-03-09 18:01:31.31,0.0,0.0,0.0,0.0,0.0,1.0,1.0,40.0,0.0,1.0,29.2,29.4,29.4,29.2,3486.0,2400.0,2.0,0.0,2.0,45.4812,12.215,0.0,0.0,2.64,2.59,2.7,2.61,2.41,2.12,2.1,2.6,2.62,2.56,2.69,2.62,2.4,2.12,2.1,2.61,0.0,9.14,False
2022-03-09 18:01:33.714,ETR700,e700_4801,150006,_Running_,Stato RUNNING attivo,N,2022-03-09 18:36:36.311,2103.0,Venezia,VEHICLE,VEHICLE,45.4812,12.215,0,2022-03-09 18:01:31.31,0.0,0.0,0.0,0.0,0.0,1.0,1.0,40.0,0.0,1.0,29.2,29.4,29.4,29.2,3486.0,2400.0,2.0,0.0,2.0,45.4812,12.215,0.0,0.0,2.64,2.59,2.7,2.61,2.41,2.12,2.1,2.6,2.62,2.56,2.69,2.62,2.4,2.12,2.1,2.61,0.0,9.14,False
2022-03-09 18:01:31.310,ETR700,e700_4801,150007,_Standby_,Stato STANDBY attivo,N,2022-03-09 18:01:33.714,3.0,Venezia,VEHICLE,VEHICLE,45.4812,12.215,1,2022-03-09 18:01:31.31,0.0,0.0,0.0,0.0,0.0,1.0,1.0,40.0,0.0,1.0,29.2,29.4,29.4,29.2,3486.0,2400.0,2.0,0.0,2.0,45.4812,12.215,0.0,0.0,2.64,2.59,2.7,2.61,2.41,2.12,2.1,2.6,2.62,2.56,2.69,2.62,2.4,2.12,2.1,2.61,0.0,9.14,False
2022-03-09 16:56:32.107,ETR700,e700_4801,150009,_Parking_,Stato PARKING attivo,N,2022-03-09 18:01:31.31,3900.0,Venezia,VEHICLE,VEHICLE,45.4812,12.215,0,2022-03-09 16:56:27.111,0.0,0.0,1.0,0.0,0.0,0.0,1.0,64.0,0.0,1.0,29.2,29.3,29.4,29.2,3569.0,2400.0,2.0,0.0,2.0,45.4812,12.215,0.0,0.0,2.59,2.53,2.7,2.61,2.41,2.11,2.09,2.62,2.58,2.52,2.68,2.62,2.39,2.12,2.09,2.62,0.54,7.94,False
2022-03-09 16:56:28.912,ETR700,e700_4801,151014,_DCPantoSts_,Pantografo DC alto in T2,N,2022-03-09 18:01:40.91,3912.0,Venezia,VEHICLE,VEHICLE,45.4812,12.215,0,2022-03-09 16:56:24.309,0.0,0.0,1.0,0.0,0.0,0.0,1.0,72.0,0.0,1.0,29.1,29.3,29.4,29.2,3547.0,2400.0,2.0,0.0,1.0,45.4812,12.2149,0.0,0.0,2.59,2.5,2.66,2.62,2.39,2.11,2.07,2.58,2.57,2.48,2.67,2.59,2.37,2.11,2.08,2.59,0.55,7.95,False
2022-03-09 16:56:24.715,ETR700,e700_4801,150007,_Standby_,Stato STANDBY attivo,N,2022-03-09 16:56:32.107,8.0,Venezia,VEHICLE,VEHICLE,45.4812,12.2149,0,2022-03-09 16:56:24.309,0.0,0.0,1.0,0.0,0.0,0.0,1.0,72.0,0.0,1.0,29.1,29.3,29.4,29.2,3547.0,2400.0,2.0,0.0,1.0,45.4812,12.2149,0.0,0.0,2.59,2.5,2.66,2.62,2.39,2.11,2.07,2.58,2.57,2.48,2.67,2.59,2.37,2.11,2.08,2.59,0.55,7.95,False
2022-03-09 16:56:24.513,ETR700,e700_4801,018202,CCU_FltWtbComm,Mancata comunicazione WTB in CCU M8,N,2022-03-09 16:56:26.312,2.0,Venezia,VEHICLE,VEHICLE,45.4812,12.2149,0,2022-03-09 16:56:24.309,0.0,0.0,1.0,0.0,0.0,0.0,1.0,72.0,0.0,1.0,29.1,29.3,29.4,29.2,3547.0,2400.0,2.0,0.0,1.0,45.4812,12.2149,0.0,0.0,2.59,2.5,2.66,2.62,2.39,2.11,2.07,2.58,2.57,2.48,2.67,2.59,2.37,2.11,2.08,2.59,0.55,7.95,False
2022-03-09 16:56:24.513,ETR700,e700_4801,018201,CCU_FltWtbR2,Mancata ricezione R2 in CCU M8,N,2022-03-09 16:56:26.312,2.0,Venezia,VEHICLE,VEHICLE,45.4812,12.2149,0,2022-03-09 16:56:24.309,0.0,0.0,1.0,0.0,0.0,0.0,1.0,72.0,0.0,1.0,29.1,29.3,29.4,29.2,3547.0,2400.0,2.0,0.0,1.0,45.4812,12.2149,0.0,0.0,2.59,2.5,2.66,2.62,2.39,2.11,2.07,2.58,2.57,2.48,2.67,2.59,2.37,2.11,2.08,2.59,0.55,7.95,False
2022-03-09 16:56:24.309,ETR700,e700_4801,ILCK_PROP_15,ILCK_PROP_15,Cod. 15 Nessun banco abilitato,N,2022-03-09 18:01:33.714,3910.0,Venezia,MDS,MDS,45.4812,12.2149,1,2022-03-09 16:56:24.309,0.0,0.0,1.0,0.0,0.0,0.0,1.0,72.0,0.0,1.0,29.1,29.3,29.4,29.2,3547.0,2400.0,2.0,0.0,1.0,45.4812,12.2149,0.0,0.0,2.59,2.5,2.66,2.62,2.39,2.11,2.07,2.58,2.57,2.48,2.67,2.59,2.37,2.11,2.08,2.59,0.55,7.95,False
2022-03-09 16:56:09.711,ETR700,e700_4801,ILCK_PROP_10,ILCK_PROP_10,Cod. 10 Nessuna velocita' impostata,N,2022-03-09 16:56:24.513,15.0,Venezia,VEHICLE,VEHICLE,45.4812,12.2149,0,2022-03-09 16:56:08.311,1.0,0.0,1.0,0.0,0.0,0.0,1.0,84.0,0.0,1.0,29.1,29.3,29.4,29.2,3552.0,2400.0,2.0,0.0,1.0,45.4812,12.2149,30.0,0.0,0.01,0.0,0.0,0.0,0.0,0.0,0.0,0.0,0.01,0.0,0.0,0.0,0.0,0.0,0.0,0.0,4.94,8.49,False
2022-03-09 16:46:42.112,ETR700,e700_4801,151023,_Front_,Direzione avanti in M1,N,2022-03-09 16:56:10.509,569.0,Venezia,VEHICLE,VEHICLE,45.481,12.2109,0,2022-03-09 16:46:38.711,1.0,0.0,1.0,0.0,0.0,0.0,1.0,56.0,0.0,1.0,29.1,29.3,29.4,29.2,3585.0,2400.0,2.0,0.0,1.0,45.481,12.2109,250.0,0.0,0.49,0.52,0.48,0.47,0.47,0.49,0.42,0.52,0.52,0.49,0.52,0.53,0.5,0.51,0.5,0.51,4.47,8.54,False
2022-03-09 16:46:42.112,ETR700,e700_4801,158024,_Rear_,Direzione indietro in M8,N,2022-03-09 16:56:10.914,569.0,Venezia,VEHICLE,VEHICLE,45.481,12.2109,0,2022-03-09 16:46:38.711,1.0,0.0,1.0,0.0,0.0,0.0,1.0,56.0,0.0,1.0,29.1,29.3,29.4,29.2,3585.0,2400.0,2.0,0.0,1.0,45.481,12.2109,250.0,0.0,0.49,0.52,0.48,0.47,0.47,0.49,0.42,0.52,0.52,0.49,0.52,0.53,0.5,0.51,0.5,0.51,4.47,8.54,False
2022-03-09 16:46:39.509,ETR700,e700_4801,ILCK_PROP_10,ILCK_PROP_10,Cod. 10 Nessuna velocita' impostata,N,2022-03-09 16:46:40.71,2.0,Venezia,VEHICLE,VEHICLE,45.481,12.2109,0,2022-03-09 16:46:38.711,1.0,0.0,1.0,0.0,0.0,0.0,1.0,56.0,0.0,1.0,29.1,29.3,29.4,29.2,3585.0,2400.0,2.0,0.0,1.0,45.481,12.2109,250.0,0.0,0.49,0.52,0.48,0.47,0.47,0.49,0.42,0.52,0.52,0.49,0.52,0.53,0.5,0.51,0.5,0.51,4.47,8.54,False
2022-03-09 16:46:17.392,ETR700,e700_4801,ILCK_PROP_11M1,ILCK_PROP_11M1,Cod. 11 Rilascio Porte Destre Attivo,N,2022-03-09 16:46:19.909,3.0,Venezia,MDS,MDS,45.481,12.2109,0,2022-03-09 16:46:14.311,1.0,0.0,1.0,0.0,0.0,0.0,1.0,60.0,0.0,1.0,29.1,29.3,29.4,29.2,3503.0,2400.0,2.0,0.0,1.0,45.481,12.2109,250.0,0.0,0.01,0.0,0.0,0.0,0.0,0.0,0.0,0.01,0.01,0.0,0.01,0.0,0.0,0.0,0.0,0.0,4.95,9.06,False
2022-03-09 16:42:28.916,ETR700,e700_4801,018202,CCU_FltWtbComm,Mancata comunicazione WTB in CCU M8,N,2022-03-09 16:42:30.711,2.0,Venezia,VEHICLE,VEHICLE,45.481,12.2109,0,2022-03-09 16:42:25.51,0.0,0.0,0.0,0.0,0.0,1.0,1.0,44.0,0.0,1.0,29.2,29.3,29.4,29.2,3449.0,2400.0,2.0,0.0,2.0,45.481,12.2109,0.0,0.0,2.71,2.63,2.79,2.71,2.46,2.15,2.16,2.56,2.7,2.62,2.78,2.7,2.45,2.15,2.15,2.56,0.0,9.17,False
2022-03-09 16:42:28.916,ETR700,e700_4801,018200,CCU_FltWtbR1,Mancata ricezione R1 in CCU M8,N,2022-03-09 16:42:30.711,2.0,Venezia,VEHICLE,VEHICLE,45.481,12.2109,0,2022-03-09 16:42:25.51,0.0,0.0,0.0,0.0,0.0,1.0,1.0,44.0,0.0,1.0,29.2,29.3,29.4,29.2,3449.0,2400.0,2.0,0.0,2.0,45.481,12.2109,0.0,0.0,2.71,2.63,2.79,2.71,2.46,2.15,2.16,2.56,2.7,2.62,2.78,2.7,2.45,2.15,2.15,2.56,0.0,9.17,True
2022-03-09 16:42:28.916,ETR700,e700_4801,ILCK_PROP_02,ILCK_PROP_02,Cod. 02 Taglio trazione comandato da RCEC,N,2022-03-09 16:43:09.711,41.0,Venezia,VEHICLE,VEHICLE,45.481,12.2109,0,2022-03-09 16:42:25.51,0.0,0.0,0.0,0.0,0.0,1.0,1.0,44.0,0.0,1.0,29.2,29.3,29.4,29.2,3449.0,2400.0,2.0,0.0,2.0,45.481,12.2109,0.0,0.0,2.71,2.63,2.79,2.71,2.46,2.15,2.16,2.56,2.7,2.62,2.78,2.7,2.45,2.15,2.15,2.56,0.0,9.17,False
2022-03-09 16:42:28.916,ETR700,e700_4801,150006,_Running_,Stato RUNNING attivo,N,2022-03-09 16:56:24.715,836.0,Venezia,VEHICLE,VEHICLE,45.481,12.2109,0,2022-03-09 16:42:25.51,0.0,0.0,0.0,0.0,0.0,1.0,1.0,44.0,0.0,1.0,29.2,29.3,29.4,29.2,3449.0,2400.0,2.0,0.0,2.0,45.481,12.2109,0.0,0.0,2.71,2.63,2.79,2.71,2.46,2.15,2.16,2.56,2.7,2.62,2.78,2.7,2.45,2.15,2.15,2.56,0.0,9.17,False
2022-03-09 16:42:25.510,ETR700,e700_4801,150007,_Standby_,Stato STANDBY attivo,N,2022-03-09 16:42:28.916,4.0,Venezia,VEHICLE,VEHICLE,45.481,12.2109,1,2022-03-09 16:42:25.51,0.0,0.0,0.0,0.0,0.0,1.0,1.0,44.0,0.0,1.0,29.2,29.3,29.4,29.2,3449.0,2400.0,2.0,0.0,2.0,45.481,12.2109,0.0,0.0,2.71,2.63,2.79,2.71,2.46,2.15,2.16,2.56,2.7,2.62,2.78,2.7,2.45,2.15,2.15,2.56,0.0,9.17,False
2022-03-09 11:48:08.111,ETR700,e700_4801,081173,_CabFiltrfrshairsat_,Filtro aria fresca sporco,N,2022-03-09 17:06:19.908,19092.0,Venezia,HVAC,HVAC_CAB_M1,45.481,12.2109,1,2022-03-09 11:48:08.111,0.0,0.0,0.0,0.0,0.0,1.0,1.0,32.0,0.0,1.0,29.2,29.4,29.4,29.3,3542.0,2400.0,2.0,0.0,4.0,45.481,12.2109,0.0,0.0,2.65,2.62,2.71,2.62,2.42,2.14,2.14,2.58,2.64,2.6,2.7,2.62,2.4,2.14,2.13,2.59,0.0,8.67,True
2022-03-09 11:19:10.309,ETR700,e700_4801,150009,_Parking_,Stato PARKING attivo,N,2022-03-09 16:42:25.51,19396.0,Venezia,VEHICLE,VEHICLE,45.481,12.2109,0,2022-03-09 11:19:06.711,0.0,0.0,1.0,0.0,0.0,1.0,1.0,68.0,0.0,1.0,29.1,29.3,29.4,29.3,3502.0,2400.0,2.0,0.0,2.0,45.481,12.2109,0.0,0.0,2.6,2.55,2.69,2.61,2.41,2.12,2.12,2.63,2.59,2.53,2.68,2.61,2.4,2.12,2.12,2.63,0.52,7.94,False
2022-03-09 11:19:06.711,ETR700,e700_4801,151014,_DCPantoSts_,Pantografo DC alto in T2,N,2022-03-09 16:42:37.311,19411.0,Venezia,VEHICLE,VEHICLE,45.481,12.2109,0,2022-03-09 11:19:02.112,0.0,0.0,1.0,0.0,0.0,0.0,1.0,72.0,0.0,1.0,29.1,29.3,29.4,29.3,3493.0,2400.0,2.0,0.0,2.0,45.481,12.2109,30.0,0.0,2.59,2.5,2.66,2.61,2.4,2.11,2.09,2.62,2.58,2.49,2.67,2.58,2.38,2.11,2.1,2.61,0.54,7.81,False
2022-03-09 11:19:02.112,ETR700,e700_4801,018202,CCU_FltWtbComm,Mancata comunicazione WTB in CCU M8,N,2022-03-09 11:19:03.91,2.0,Venezia,VEHICLE,VEHICLE,45.481,12.2109,0,2022-03-09 11:18:57.717,1.0,0.0,1.0,0.0,0.0,0.0,1.0,64.0,0.0,1.0,29.1,29.3,29.4,29.3,3485.0,2400.0,2.0,0.0,1.0,45.481,12.2109,30.0,0.0,2.49,2.33,2.38,2.69,2.35,1.85,2.04,2.61,2.42,2.29,2.42,2.41,2.35,1.9,2.15,2.35,0.42,7.76,False
2022-03-09 11:19:02.112,ETR700,e700_4801,018201,CCU_FltWtbR2,Mancata ricezione R2 in CCU M8,N,2022-03-09 11:19:03.91,2.0,Venezia,VEHICLE,VEHICLE,45.481,12.2109,0,2022-03-09 11:18:57.717,1.0,0.0,1.0,0.0,0.0,0.0,1.0,64.0,0.0,1.0,29.1,29.3,29.4,29.3,3485.0,2400.0,2.0,0.0,1.0,45.481,12.2109,30.0,0.0,2.49,2.33,2.38,2.69,2.35,1.85,2.04,2.61,2.42,2.29,2.42,2.41,2.35,1.9,2.15,2.35,0.42,7.76,False
2022-03-09 11:19:02.112,ETR700,e700_4801,ILCK_PROP_15,ILCK_PROP_15,Cod. 15 Nessun banco abilitato,N,2022-03-09 16:42:28.916,19407.0,Venezia,MDS,MDS,45.481,12.2109,0,2022-03-09 11:18:57.717,1.0,0.0,1.0,0.0,0.0,0.0,1.0,64.0,0.0,1.0,29.1,29.3,29.4,29.3,3485.0,2400.0,2.0,0.0,1.0,45.481,12.2109,30.0,0.0,2.49,2.33,2.38,2.69,2.35,1.85,2.04,2.61,2.42,2.29,2.42,2.41,2.35,1.9,2.15,2.35,0.42,7.76,False
2022-03-09 11:19:02.112,ETR700,e700_4801,150007,_Standby_,Stato STANDBY attivo,N,2022-03-09 11:19:10.309,9.0,Venezia,VEHICLE,VEHICLE,45.481,12.2109,0,2022-03-09 11:18:57.717,1.0,0.0,1.0,0.0,0.0,0.0,1.0,64.0,0.0,1.0,29.1,29.3,29.4,29.3,3485.0,2400.0,2.0,0.0,1.0,45.481,12.2109,30.0,0.0,2.49,2.33,2.38,2.69,2.35,1.85,2.04,2.61,2.42,2.29,2.42,2.41,2.35,1.9,2.15,2.35,0.42,7.76,False
2022-03-09 11:18:54.909,ETR700,e700_4801,150025,_9S13_,Pressione CP sotto 7.5 bar in M1 (press. 9S13),N,2022-03-09 11:19:56.11,62.0,Venezia,VEHICLE,VEHICLE,45.481,12.2109,0,2022-03-09 11:18:50.107,1.0,0.0,1.0,0.0,0.0,0.0,1.0,68.0,0.0,1.0,29.1,29.3,29.4,29.3,3496.0,2400.0,2.0,0.0,1.0,45.481,12.2109,30.0,0.0,1.08,1.19,1.27,1.38,1.01,1.4,1.83,1.32,1.12,1.27,1.33,1.4,1.01,1.38,1.69,1.37,3.51,7.93,True
2022-03-09 11:12:00.309,ETR700,e700_4801,158024,_Rear_,Direzione indietro in M8,N,2022-03-09 11:18:48.113,408.0,Venezia,VEHICLE,VEHICLE,45.4798,12.2005,0,2022-03-09 11:11:56.712,1.0,0.0,1.0,0.0,0.0,0.0,1.0,56.0,0.0,1.0,29.1,29.3,29.4,29.3,3460.0,2400.0,2.0,0.0,1.0,45.4799,12.2005,0.0,0.0,0.01,0.0,0.0,0.0,0.0,0.0,0.0,0.0,0.0,0.0,0.0,0.0,0.0,0.0,0.0,0.0,4.95,8.94,False
2022-03-09 11:12:00.109,ETR700,e700_4801,151023,_Front_,Direzione avanti in M1,N,2022-03-09 11:18:48.113,409.0,Venezia,VEHICLE,VEHICLE,45.4798,12.2005,0,2022-03-09 11:11:56.712,1.0,0.0,1.0,0.0,0.0,0.0,1.0,56.0,0.0,1.0,29.1,29.3,29.4,29.3,3460.0,2400.0,2.0,0.0,1.0,45.4799,12.2005,0.0,0.0,0.01,0.0,0.0,0.0,0.0,0.0,0.0,0.0,0.0,0.0,0.0,0.0,0.0,0.0,0.0,0.0,4.95,8.94,False
2022-03-09 11:11:56.712,ETR700,e700_4801,ILCK_PROP_10,ILCK_PROP_10,Cod. 10 Nessuna velocita' impostata,N,2022-03-09 11:11:58.51,2.0,Venezia,VEHICLE,VEHICLE,45.4799,12.2005,1,2022-03-09 11:11:56.712,1.0,0.0,1.0,0.0,0.0,0.0,1.0,56.0,0.0,1.0,29.1,29.3,29.4,29.3,3460.0,2400.0,2.0,0.0,1.0,45.4799,12.2005,0.0,0.0,0.01,0.0,0.0,0.0,0.0,0.0,0.0,0.0,0.0,0.0,0.0,0.0,0.0,0.0,0.0,0.0,4.95,8.94,False
2022-03-09 11:08:35.958,ETR700,e700_4801,150006,_Running_,Stato RUNNING attivo,N,2022-03-09 11:19:02.112,627.0,Venezia,VEHICLE,VEHICLE,45.4798,12.2005,0,2022-03-09 11:08:31.11,0.0,0.0,0.0,0.0,0.0,1.0,1.0,52.0,1.0,0.0,29.2,29.3,29.4,29.3,3533.0,2400.0,2.0,0.0,2.0,45.4798,12.2005,0.0,0.0,2.63,2.6,2.71,2.61,2.4,2.13,2.13,2.63,2.63,2.58,2.7,2.62,2.39,2.12,2.12,2.64,0.07,9.1,False
2022-03-09 11:08:34.708,ETR700,e700_4801,018202,CCU_FltWtbComm,Mancata comunicazione WTB in CCU M8,N,2022-03-09 11:08:36.506,2.0,Venezia,VEHICLE,VEHICLE,45.4798,12.2005,0,2022-03-09 11:08:31.11,0.0,0.0,0.0,0.0,0.0,1.0,1.0,52.0,1.0,0.0,29.2,29.3,29.4,29.3,3533.0,2400.0,2.0,0.0,2.0,45.4798,12.2005,0.0,0.0,2.63,2.6,2.71,2.61,2.4,2.13,2.13,2.63,2.63,2.58,2.7,2.62,2.39,2.12,2.12,2.64,0.07,9.1,False
2022-03-09 11:08:34.708,ETR700,e700_4801,018200,CCU_FltWtbR1,Mancata ricezione R1 in CCU M8,N,2022-03-09 11:08:36.506,2.0,Venezia,VEHICLE,VEHICLE,45.4798,12.2005,0,2022-03-09 11:08:31.11,0.0,0.0,0.0,0.0,0.0,1.0,1.0,52.0,1.0,0.0,29.2,29.3,29.4,29.3,3533.0,2400.0,2.0,0.0,2.0,45.4798,12.2005,0.0,0.0,2.63,2.6,2.71,2.61,2.4,2.13,2.13,2.63,2.63,2.58,2.7,2.62,2.39,2.12,2.12,2.64,0.07,9.1,True
2022-03-09 11:08:31.110,ETR700,e700_4801,150007,_Standby_,Stato STANDBY attivo,N,2022-03-09 11:08:35.958,5.0,Venezia,VEHICLE,VEHICLE,45.4798,12.2005,1,2022-03-09 11:08:31.11,0.0,0.0,0.0,0.0,0.0,1.0,1.0,52.0,1.0,0.0,29.2,29.3,29.4,29.3,3533.0,2400.0,2.0,0.0,2.0,45.4798,12.2005,0.0,0.0,2.63,2.6,2.71,2.61,2.4,2.13,2.13,2.63,2.63,2.58,2.7,2.62,2.39,2.12,2.12,2.64,0.07,9.1,False
2022-03-09 11:04:45.709,ETR700,e700_4801,150009,_Parking_,Stato PARKING attivo,N,2022-03-09 11:08:31.11,226.0,Venezia,VEHICLE,VEHICLE,45.4798,12.2005,0,2022-03-09 11:04:40.911,0.0,0.0,2.0,0.0,0.0,1.0,1.0,55.0,1.0,0.0,29.2,29.3,29.4,29.3,3422.0,2400.0,2.0,0.0,2.0,45.4798,12.2005,0.0,0.0,2.62,2.54,2.7,2.62,2.42,2.12,2.12,2.63,2.61,2.52,2.68,2.62,2.4,2.12,2.12,2.62,0.44,8.14,False
2022-03-09 11:04:40.911,ETR700,e700_4801,158014,_DCPantoSts_,Pantografo DC alto in T7,N,2022-03-09 18:41:37.51,27417.0,Venezia,VEHICLE,VEHICLE,45.4798,12.2005,0,2022-03-09 11:04:36.507,0.0,0.0,2.0,0.0,0.0,1.0,0.0,64.0,1.0,0.0,29.2,29.4,29.4,29.3,3467.0,2400.0,2.0,0.0,1.0,45.4798,12.2005,30.0,0.0,2.6,2.5,2.67,2.62,2.4,2.11,2.09,2.6,2.59,2.49,2.68,2.6,2.37,2.11,2.11,2.59,0.38,8.1,False
2022-03-09 11:04:36.914,ETR700,e700_4801,011202,CCU_FltWtbComm,Mancata comunicazione WTB in CCU M1,N,2022-03-09 11:04:39.31,3.0,Venezia,VEHICLE,VEHICLE,45.4798,12.2005,0,2022-03-09 11:04:33.713,0.0,1.0,2.0,0.0,0.0,1.0,0.0,60.0,1.0,0.0,29.2,29.3,29.4,29.3,3413.0,2400.0,2.0,0.0,1.0,45.4798,12.2005,30.0,0.0,2.42,2.43,2.62,2.43,2.26,2.05,1.98,2.45,2.24,2.42,2.6,2.39,2.22,2.03,1.95,2.45,0.31,8.05,False
2022-03-09 11:04:36.914,ETR700,e700_4801,011201,CCU_FltWtbR2,Mancata ricezione R2 in CCU M1,N,2022-03-09 11:04:39.31,3.0,Venezia,VEHICLE,VEHICLE,45.4798,12.2005,0,2022-03-09 11:04:33.713,0.0,1.0,2.0,0.0,0.0,1.0,0.0,60.0,1.0,0.0,29.2,29.3,29.4,29.3,3413.0,2400.0,2.0,0.0,1.0,45.4798,12.2005,30.0,0.0,2.42,2.43,2.62,2.43,2.26,2.05,1.98,2.45,2.24,2.42,2.6,2.39,2.22,2.03,1.95,2.45,0.31,8.05,False
2022-03-09 11:04:36.914,ETR700,e700_4801,150007,_Standby_,Stato STANDBY attivo,N,2022-03-09 11:04:45.709,9.0,Venezia,VEHICLE,VEHICLE,45.4798,12.2005,0,2022-03-09 11:04:33.713,0.0,1.0,2.0,0.0,0.0,1.0,0.0,60.0,1.0,0.0,29.2,29.3,29.4,29.3,3413.0,2400.0,2.0,0.0,1.0,45.4798,12.2005,30.0,0.0,2.42,2.43,2.62,2.43,2.26,2.05,1.98,2.45,2.24,2.42,2.6,2.39,2.22,2.03,1.95,2.45,0.31,8.05,False
2022-03-09 11:04:36.507,ETR700,e700_4801,ILCK_PROP_15,ILCK_PROP_15,Cod. 15 Nessun banco abilitato,N,2022-03-09 11:08:34.912,239.0,Venezia,MDS,MDS,45.4798,12.2005,0,2022-03-09 11:04:33.713,0.0,1.0,2.0,0.0,0.0,1.0,0.0,60.0,1.0,0.0,29.2,29.3,29.4,29.3,3413.0,2400.0,2.0,0.0,1.0,45.4798,12.2005,30.0,0.0,2.42,2.43,2.62,2.43,2.26,2.05,1.98,2.45,2.24,2.42,2.6,2.39,2.22,2.03,1.95,2.45,0.31,8.05,False
2022-03-09 11:04:29.513,ETR700,e700_4801,ILCK_PROP_02,ILCK_PROP_02,Cod. 02 Taglio trazione comandato da RCEC,N,2022-03-09 11:09:26.31,297.0,Venezia,VEHICLE,VEHICLE,45.4798,12.2005,0,2022-03-09 11:04:24.916,0.0,1.0,2.0,0.0,0.0,1.0,0.0,60.0,1.0,0.0,29.2,29.3,29.4,29.3,3441.0,2400.0,2.0,0.0,1.0,45.4798,12.2005,30.0,0.0,2.39,2.23,2.17,2.32,2.31,1.77,1.87,2.15,2.39,2.2,2.29,2.29,2.26,1.8,1.84,2.16,4.07,8.0,False
2022-03-09 10:55:45.110,ETR700,e700_4801,151024,_Rear_,Direzione indietro in M1,N,2022-03-09 11:04:26.712,522.0,Venezia,VEHICLE,VEHICLE,45.4828,12.2161,0,2022-03-09 10:55:43.109,0.0,1.0,2.0,0.0,0.0,1.0,0.0,60.0,1.0,0.0,29.2,29.3,29.4,29.3,3484.0,2400.0,2.0,0.0,1.0,45.4828,12.2161,0.0,0.0,0.01,0.0,0.01,0.0,0.01,0.0,0.0,0.0,0.01,0.0,0.01,0.0,0.0,0.0,0.0,0.01,4.9,9.11,False
2022-03-09 10:55:44.908,ETR700,e700_4801,158023,_Front_,Direzione avanti in M8,N,2022-03-09 11:04:26.512,522.0,Venezia,VEHICLE,VEHICLE,45.4828,12.2161,0,2022-03-09 10:55:43.109,0.0,1.0,2.0,0.0,0.0,1.0,0.0,60.0,1.0,0.0,29.2,29.3,29.4,29.3,3484.0,2400.0,2.0,0.0,1.0,45.4828,12.2161,0.0,0.0,0.01,0.0,0.01,0.0,0.01,0.0,0.0,0.0,0.01,0.0,0.01,0.0,0.0,0.0,0.0,0.01,4.9,9.11,False
2022-03-09 10:55:43.109,ETR700,e700_4801,ILCK_PROP_10,ILCK_PROP_10,Cod. 10 Nessuna velocita' impostata,N,2022-03-09 10:55:44.708,2.0,Venezia,VEHICLE,VEHICLE,45.4828,12.2161,1,2022-03-09 10:55:43.109,0.0,1.0,2.0,0.0,0.0,1.0,0.0,60.0,1.0,0.0,29.2,29.3,29.4,29.3,3484.0,2400.0,2.0,0.0,1.0,45.4828,12.2161,0.0,0.0,0.01,0.0,0.01,0.0,0.01,0.0,0.0,0.0,0.01,0.0,0.01,0.0,0.0,0.0,0.0,0.01,4.9,9.11,False
2022-03-09 10:52:35.767,ETR700,e700_4801,150006,_Running_,Stato RUNNING attivo,N,2022-03-09 11:04:36.914,722.0,Venezia,VEHICLE,VEHICLE,45.4827,12.2161,0,2022-03-09 10:52:34.71,0.0,1.0,0.0,0.0,0.0,1.0,1.0,40.0,1.0,0.0,29.2,29.4,29.4,29.3,3546.0,2400.0,2.0,0.0,4.0,45.4827,12.2161,0.0,0.0,2.68,2.73,2.77,2.65,2.5,2.26,2.18,2.52,2.68,2.7,2.76,2.64,2.48,2.26,2.17,2.54,0.0,8.46,False
2022-03-09 10:52:34.913,ETR700,e700_4801,011202,CCU_FltWtbComm,Mancata comunicazione WTB in CCU M1,N,2022-03-09 10:52:37.511,3.0,Venezia,VEHICLE,VEHICLE,45.4827,12.2161,0,2022-03-09 10:52:34.71,0.0,1.0,0.0,0.0,0.0,1.0,1.0,40.0,1.0,0.0,29.2,29.4,29.4,29.3,3546.0,2400.0,2.0,0.0,4.0,45.4827,12.2161,0.0,0.0,2.68,2.73,2.77,2.65,2.5,2.26,2.18,2.52,2.68,2.7,2.76,2.64,2.48,2.26,2.17,2.54,0.0,8.46,False
2022-03-09 10:52:34.913,ETR700,e700_4801,011200,CCU_FltWtbR1,Mancata ricezione R1 in CCU M1,N,2022-03-09 10:52:37.511,3.0,Venezia,VEHICLE,VEHICLE,45.4827,12.2161,0,2022-03-09 10:52:34.71,0.0,1.0,0.0,0.0,0.0,1.0,1.0,40.0,1.0,0.0,29.2,29.4,29.4,29.3,3546.0,2400.0,2.0,0.0,4.0,45.4827,12.2161,0.0,0.0,2.68,2.73,2.77,2.65,2.5,2.26,2.18,2.52,2.68,2.7,2.76,2.64,2.48,2.26,2.17,2.54,0.0,8.46,False
2022-03-09 10:52:34.913,ETR700,e700_4801,ILCK_PROP_10,ILCK_PROP_10,Cod. 10 Nessuna velocita' impostata,N,2022-03-09 10:52:35.767,1.0,Venezia,VEHICLE,VEHICLE,45.4827,12.2161,0,2022-03-09 10:52:34.71,0.0,1.0,0.0,0.0,0.0,1.0,1.0,40.0,1.0,0.0,29.2,29.4,29.4,29.3,3546.0,2400.0,2.0,0.0,4.0,45.4827,12.2161,0.0,0.0,2.68,2.73,2.77,2.65,2.5,2.26,2.18,2.52,2.68,2.7,2.76,2.64,2.48,2.26,2.17,2.54,0.0,8.46,False
2022-03-09 10:52:34.710,ETR700,e700_4801,ILCK_PROP_19M8,ILCK_PROP_19M8,Cod. 19 Maniglia Allarme Passeggeri Attivata,N,2022-03-09 10:52:35.115,1.0,Venezia,MDS,MDS,45.4827,12.2161,1,2022-03-09 10:52:34.71,0.0,1.0,0.0,0.0,0.0,1.0,1.0,40.0,1.0,0.0,29.2,29.4,29.4,29.3,3546.0,2400.0,2.0,0.0,4.0,45.4827,12.2161,0.0,0.0,2.68,2.73,2.77,2.65,2.5,2.26,2.18,2.52,2.68,2.7,2.76,2.64,2.48,2.26,2.17,2.54,0.0,8.46,True
2022-03-09 06:34:37.909,ETR700,e700_4801,150009,_Parking_,Stato PARKING attivo,N,2022-03-09 10:52:35.767,15478.0,Venezia,VEHICLE,VEHICLE,45.4827,12.2161,0,2022-03-09 06:34:33.512,0.0,0.0,0.0,0.0,0.0,1.0,1.0,76.0,1.0,0.0,29.2,29.4,29.4,29.4,3425.0,2400.0,2.0,0.0,2.0,45.4827,12.2161,0.0,0.0,2.61,2.6,2.74,2.63,2.42,2.14,2.13,2.56,2.59,2.57,2.73,2.63,2.4,2.14,2.12,2.57,0.15,8.72,False
2022-03-09 06:34:33.512,ETR700,e700_4801,158014,_DCPantoSts_,Pantografo DC alto in T7,N,2022-03-09 10:52:42.71,15490.0,Venezia,VEHICLE,VEHICLE,45.4827,12.2161,0,2022-03-09 06:34:28.91,0.0,0.0,0.0,0.0,0.0,1.0,0.0,72.0,1.0,0.0,29.2,29.4,29.4,29.4,3419.0,2400.0,2.0,0.0,1.0,45.4827,12.2161,250.0,0.0,2.6,2.58,2.72,2.63,2.42,2.14,2.12,2.56,2.58,2.56,2.73,2.62,2.38,2.14,2.12,2.56,0.16,8.76,False
2022-03-09 06:34:29.310,ETR700,e700_4801,150007,_Standby_,Stato STANDBY attivo,N,2022-03-09 06:34:37.909,9.0,Venezia,VEHICLE,VEHICLE,45.4827,12.2161,0,2022-03-09 06:34:28.91,0.0,0.0,0.0,0.0,0.0,1.0,0.0,72.0,1.0,0.0,29.2,29.4,29.4,29.4,3419.0,2400.0,2.0,0.0,1.0,45.4827,12.2161,250.0,0.0,2.6,2.58,2.72,2.63,2.42,2.14,2.12,2.56,2.58,2.56,2.73,2.62,2.38,2.14,2.12,2.56,0.16,8.76,False
2022-03-09 06:34:28.910,ETR700,e700_4801,018202,CCU_FltWtbComm,Mancata comunicazione WTB in CCU M8,N,2022-03-09 06:34:30.311,2.0,Venezia,VEHICLE,VEHICLE,45.4827,12.2161,1,2022-03-09 06:34:28.91,0.0,0.0,0.0,0.0,0.0,1.0,0.0,72.0,1.0,0.0,29.2,29.4,29.4,29.4,3419.0,2400.0,2.0,0.0,1.0,45.4827,12.2161,250.0,0.0,2.6,2.58,2.72,2.63,2.42,2.14,2.12,2.56,2.58,2.56,2.73,2.62,2.38,2.14,2.12,2.56,0.16,8.76,False
2022-03-09 06:34:28.910,ETR700,e700_4801,018201,CCU_FltWtbR2,Mancata ricezione R2 in CCU M8,N,2022-03-09 06:34:30.311,2.0,Venezia,VEHICLE,VEHICLE,45.4827,12.2161,1,2022-03-09 06:34:28.91,0.0,0.0,0.0,0.0,0.0,1.0,0.0,72.0,1.0,0.0,29.2,29.4,29.4,29.4,3419.0,2400.0,2.0,0.0,1.0,45.4827,12.2161,250.0,0.0,2.6,2.58,2.72,2.63,2.42,2.14,2.12,2.56,2.58,2.56,2.73,2.62,2.38,2.14,2.12,2.56,0.16,8.76,False
2022-03-09 06:34:28.910,ETR700,e700_4801,ILCK_PROP_15,ILCK_PROP_15,Cod. 15 Nessun banco abilitato,N,2022-03-09 10:52:34.71,15486.0,Venezia,MDS,MDS,45.4827,12.2161,1,2022-03-09 06:34:28.91,0.0,0.0,0.0,0.0,0.0,1.0,0.0,72.0,1.0,0.0,29.2,29.4,29.4,29.4,3419.0,2400.0,2.0,0.0,1.0,45.4827,12.2161,250.0,0.0,2.6,2.58,2.72,2.63,2.42,2.14,2.12,2.56,2.58,2.56,2.73,2.62,2.38,2.14,2.12,2.56,0.16,8.76,False
2022-03-09 06:31:18.703,ETR700,e700_4801,158024,_Rear_,Direzione indietro in M8,N,2022-03-09 06:31:33.109,15.0,Venezia,VEHICLE,VEHICLE,45.4827,12.2161,0,2022-03-09 06:31:18.31,1.0,0.0,0.0,0.0,0.0,1.0,0.0,81.0,1.0,0.0,29.2,29.4,29.4,29.3,3440.0,2400.0,2.0,0.0,1.0,45.4827,12.2161,250.0,0.0,0.01,0.0,0.0,0.0,0.0,0.0,0.0,0.0,0.0,0.0,0.0,0.0,0.0,0.0,0.0,0.0,4.95,8.25,False
2022-03-09 06:31:18.310,ETR700,e700_4801,151023,_Front_,Direzione avanti in M1,N,2022-03-09 06:31:33.109,15.0,Venezia,VEHICLE,VEHICLE,45.4827,12.2161,1,2022-03-09 06:31:18.31,1.0,0.0,0.0,0.0,0.0,1.0,0.0,81.0,1.0,0.0,29.2,29.4,29.4,29.3,3440.0,2400.0,2.0,0.0,1.0,45.4827,12.2161,250.0,0.0,0.01,0.0,0.0,0.0,0.0,0.0,0.0,0.0,0.0,0.0,0.0,0.0,0.0,0.0,0.0,0.0,4.95,8.25,False
2022-03-09 06:30:00.908,ETR700,e700_4801,ILCK_PROP_11M1,ILCK_PROP_11M1,Cod. 11 Rilascio Porte Destre Attivo,N,2022-03-09 06:34:28.91,269.0,Venezia,MDS,MDS,45.4827,12.2161,0,2022-03-09 06:29:55.912,1.0,0.0,0.0,0.0,0.0,1.0,0.0,44.0,1.0,0.0,29.2,29.4,29.4,29.4,3495.0,2400.0,2.0,0.0,1.0,45.4827,12.2161,250.0,0.0,2.63,2.6,2.74,2.62,2.42,2.15,2.14,2.57,2.61,2.6,2.74,2.62,2.4,2.14,2.12,2.58,0.0,9.22,False
2022-03-09 06:28:59.113,ETR700,e700_4801,ILCK_PROP_11M1,ILCK_PROP_11M1,Cod. 11 Rilascio Porte Destre Attivo,N,2022-03-09 06:29:47.108,48.0,Venezia,MDS,MDS,45.4828,12.2161,1,2022-03-09 06:28:59.113,1.0,0.0,0.0,0.0,0.0,1.0,0.0,44.0,1.0,0.0,29.2,29.4,29.4,29.4,3490.0,2400.0,2.0,0.0,1.0,45.4828,12.2161,250.0,0.0,2.63,2.62,2.75,2.62,2.42,2.15,2.14,2.57,2.62,2.6,2.74,2.62,2.4,2.15,2.13,2.58,0.0,9.05,False
2022-03-09 06:28:59.113,ETR700,e700_4801,150006,_Running_,Stato RUNNING attivo,N,2022-03-09 06:34:29.31,331.0,Venezia,VEHICLE,VEHICLE,45.4828,12.2161,1,2022-03-09 06:28:59.113,1.0,0.0,0.0,0.0,0.0,1.0,0.0,44.0,1.0,0.0,29.2,29.4,29.4,29.4,3490.0,2400.0,2.0,0.0,1.0,45.4828,12.2161,250.0,0.0,2.63,2.62,2.75,2.62,2.42,2.15,2.14,2.57,2.62,2.6,2.74,2.62,2.4,2.15,2.13,2.58,0.0,9.05,False
2022-03-09 06:18:42.111,ETR700,e700_4801,150007,_Standby_,Stato STANDBY attivo,N,2022-03-09 06:28:59.113,618.0,Venezia,VEHICLE,VEHICLE,45.4827,12.2161,0,2022-03-09 06:18:41.713,0.0,0.0,0.0,0.0,0.0,1.0,0.0,122.0,1.0,0.0,29.2,29.4,29.4,29.3,3332.0,2400.0,2.0,0.0,1.0,45.4827,12.2161,250.0,0.0,2.62,2.59,2.73,2.63,2.42,2.15,2.12,2.58,2.6,2.59,2.74,2.62,2.38,2.14,2.12,2.59,0.19,9.13,False
2022-03-09 06:18:41.713,ETR700,e700_4801,011202,CCU_FltWtbComm,Mancata comunicazione WTB in CCU M1,N,2022-03-09 06:18:42.905,2.0,Venezia,VEHICLE,VEHICLE,45.4827,12.2161,1,2022-03-09 06:18:41.713,0.0,0.0,0.0,0.0,0.0,1.0,0.0,122.0,1.0,0.0,29.2,29.4,29.4,29.3,3332.0,2400.0,2.0,0.0,1.0,45.4827,12.2161,250.0,0.0,2.62,2.59,2.73,2.63,2.42,2.15,2.12,2.58,2.6,2.59,2.74,2.62,2.38,2.14,2.12,2.59,0.19,9.13,False
2022-03-09 06:18:41.713,ETR700,e700_4801,011201,CCU_FltWtbR2,Mancata ricezione R2 in CCU M1,N,2022-03-09 06:18:42.905,2.0,Venezia,VEHICLE,VEHICLE,45.4827,12.2161,1,2022-03-09 06:18:41.713,0.0,0.0,0.0,0.0,0.0,1.0,0.0,122.0,1.0,0.0,29.2,29.4,29.4,29.3,3332.0,2400.0,2.0,0.0,1.0,45.4827,12.2161,250.0,0.0,2.62,2.59,2.73,2.63,2.42,2.15,2.12,2.58,2.6,2.59,2.74,2.62,2.38,2.14,2.12,2.59,0.19,9.13,False
2022-03-09 06:18:41.713,ETR700,e700_4801,ILCK_PROP_15,ILCK_PROP_15,Cod. 15 Nessun banco abilitato,N,2022-03-09 06:28:59.113,618.0,Venezia,MDS,MDS,45.4827,12.2161,1,2022-03-09 06:18:41.713,0.0,0.0,0.0,0.0,0.0,1.0,0.0,122.0,1.0,0.0,29.2,29.4,29.4,29.3,3332.0,2400.0,2.0,0.0,1.0,45.4827,12.2161,250.0,0.0,2.62,2.59,2.73,2.63,2.42,2.15,2.12,2.58,2.6,2.59,2.74,2.62,2.38,2.14,2.12,2.59,0.19,9.13,False
2022-03-09 06:18:04.312,ETR700,e700_4801,ILCK_PROP_11M8,ILCK_PROP_11M8,Cod. 11 Rilascio Porte Destre Attivo,N,2022-03-09 06:18:41.713,38.0,Venezia,MDS,MDS,45.4827,12.2161,1,2022-03-09 06:18:04.312,0.0,1.0,0.0,0.0,0.0,1.0,0.0,114.0,1.0,0.0,29.2,29.4,29.4,29.3,3379.0,2400.0,2.0,0.0,1.0,45.4827,12.2161,250.0,0.0,2.61,2.59,2.73,2.63,2.42,2.15,2.12,2.58,2.6,2.59,2.74,2.62,2.38,2.14,2.12,2.59,0.19,8.43,False
2022-03-09 06:16:22.509,ETR700,e700_4801,151024,_Rear_,Direzione indietro in M1,N,2022-03-09 06:16:32.312,10.0,Venezia,VEHICLE,VEHICLE,45.4827,12.2161,0,2022-03-09 06:16:22.31,0.0,1.0,0.0,0.0,0.0,1.0,0.0,89.0,1.0,0.0,29.2,29.4,29.4,29.3,3436.0,2400.0,2.0,0.0,1.0,45.4827,12.2161,250.0,0.0,2.6,2.57,2.73,2.63,2.42,2.14,2.11,2.58,2.58,2.57,2.74,2.62,2.38,2.13,2.12,2.58,0.19,9.0,False
2022-03-09 06:16:22.310,ETR700,e700_4801,158023,_Front_,Direzione avanti in M8,N,2022-03-09 06:16:32.108,10.0,Venezia,VEHICLE,VEHICLE,45.4827,12.2161,1,2022-03-09 06:16:22.31,0.0,1.0,0.0,0.0,0.0,1.0,0.0,89.0,1.0,0.0,29.2,29.4,29.4,29.3,3436.0,2400.0,2.0,0.0,1.0,45.4827,12.2161,250.0,0.0,2.6,2.57,2.73,2.63,2.42,2.14,2.11,2.58,2.58,2.57,2.74,2.62,2.38,2.13,2.12,2.58,0.19,9.0,False
2022-03-09 06:14:02.112,ETR700,e700_4801,ILCK_PROP_11M8,ILCK_PROP_11M8,Cod. 11 Rilascio Porte Destre Attivo,N,2022-03-09 06:17:50.511,229.0,Venezia,MDS,MDS,45.4827,12.2161,1,2022-03-09 06:14:02.112,0.0,1.0,0.0,0.0,0.0,1.0,0.0,150.0,1.0,0.0,29.2,29.4,29.4,29.3,3441.0,2400.0,2.0,0.0,1.0,45.4827,12.2161,250.0,0.0,2.67,2.55,2.7,2.63,2.43,2.13,2.11,2.59,2.65,2.54,2.69,2.63,2.39,2.11,2.11,2.62,0.0,8.46,False
2022-03-09 06:12:20.710,ETR700,e700_4801,152019,_1Q21_,IR chiuso in cassa T2,N,2022-03-09 11:08:40.309,17780.0,Venezia,AT,T2_1Q2_IR,45.4827,12.2161,0,2022-03-09 06:12:15.91,0.0,1.0,0.0,0.0,0.0,1.0,1.0,68.0,0.0,1.0,29.2,29.4,29.4,29.2,3466.0,2400.0,2.0,0.0,4.0,45.4827,12.2161,0.0,0.0,2.67,2.56,2.69,2.61,2.42,2.14,2.1,2.59,2.66,2.55,2.67,2.61,2.4,2.13,2.1,2.62,0.0,9.06,False
2022-03-09 06:12:16.314,ETR700,e700_4801,150006,_Running_,Stato RUNNING attivo,N,2022-03-09 06:18:42.111,386.0,Venezia,VEHICLE,VEHICLE,45.4827,12.2161,0,2022-03-09 06:12:15.91,0.0,1.0,0.0,0.0,0.0,1.0,1.0,68.0,0.0,1.0,29.2,29.4,29.4,29.2,3466.0,2400.0,2.0,0.0,4.0,45.4827,12.2161,0.0,0.0,2.67,2.56,2.69,2.61,2.42,2.14,2.1,2.59,2.66,2.55,2.67,2.61,2.4,2.13,2.1,2.62,0.0,9.06,False
2022-03-09 06:12:16.112,ETR700,e700_4801,011202,CCU_FltWtbComm,Mancata comunicazione WTB in CCU M1,N,2022-03-09 06:12:17.703,2.0,Venezia,VEHICLE,VEHICLE,45.4827,12.2161,0,2022-03-09 06:12:15.91,0.0,1.0,0.0,0.0,0.0,1.0,1.0,68.0,0.0,1.0,29.2,29.4,29.4,29.2,3466.0,2400.0,2.0,0.0,4.0,45.4827,12.2161,0.0,0.0,2.67,2.56,2.69,2.61,2.42,2.14,2.1,2.59,2.66,2.55,2.67,2.61,2.4,2.13,2.1,2.62,0.0,9.06,False
2022-03-09 06:12:16.112,ETR700,e700_4801,011200,CCU_FltWtbR1,Mancata ricezione R1 in CCU M1,N,2022-03-09 06:12:17.703,2.0,Venezia,VEHICLE,VEHICLE,45.4827,12.2161,0,2022-03-09 06:12:15.91,0.0,1.0,0.0,0.0,0.0,1.0,1.0,68.0,0.0,1.0,29.2,29.4,29.4,29.2,3466.0,2400.0,2.0,0.0,4.0,45.4827,12.2161,0.0,0.0,2.67,2.56,2.69,2.61,2.42,2.14,2.1,2.59,2.66,2.55,2.67,2.61,2.4,2.13,2.1,2.62,0.0,9.06,False
2022-03-09 06:12:15.910,ETR700,e700_4801,ILCK_PROP_11M8,ILCK_PROP_11M8,Cod. 11 Rilascio Porte Destre Attivo,N,2022-03-09 06:13:50.508,95.0,Venezia,MDS,MDS,45.4827,12.2161,1,2022-03-09 06:12:15.91,0.0,1.0,0.0,0.0,0.0,1.0,1.0,68.0,0.0,1.0,29.2,29.4,29.4,29.2,3466.0,2400.0,2.0,0.0,4.0,45.4827,12.2161,0.0,0.0,2.67,2.56,2.69,2.61,2.42,2.14,2.1,2.59,2.66,2.55,2.67,2.61,2.4,2.13,2.1,2.62,0.0,9.06,False
2022-03-08 21:50:41.512,ETR700,e700_4801,150009,_Parking_,Stato PARKING attivo,N,2022-03-09 06:12:16.314,30095.0,Venezia,VEHICLE,VEHICLE,45.4828,12.2161,0,2022-03-08 21:50:37.911,0.0,0.0,1.0,0.0,0.0,1.0,1.0,68.0,0.0,1.0,29.2,29.3,29.4,29.2,3513.0,2400.0,2.0,0.0,2.0,45.4828,12.2161,0.0,0.0,2.63,2.53,2.67,2.61,2.41,2.12,2.1,2.61,2.62,2.52,2.65,2.61,2.39,2.12,2.1,2.63,0.33,8.41,False
2022-03-08 21:50:37.911,ETR700,e700_4801,151014,_DCPantoSts_,Pantografo DC alto in T2,N,2022-03-09 11:08:47.311,47890.0,Venezia,VEHICLE,VEHICLE,45.4828,12.2161,0,2022-03-08 21:50:33.31,1.0,0.0,1.0,0.0,0.0,0.0,1.0,68.0,0.0,1.0,29.2,29.3,29.3,29.2,3511.0,2400.0,2.0,0.0,1.0,45.4828,12.2161,30.0,0.0,2.62,2.5,2.65,2.61,2.4,2.12,2.07,2.59,2.61,2.49,2.65,2.59,2.37,2.11,2.09,2.62,0.31,8.35,False
2022-03-08 21:50:33.515,ETR700,e700_4801,ILCK_PROP_15,ILCK_PROP_15,Cod. 15 Nessun banco abilitato,N,2022-03-09 06:12:15.91,30103.0,Venezia,MDS,MDS,45.4828,12.2161,0,2022-03-08 21:50:29.309,1.0,0.0,1.0,0.0,0.0,0.0,1.0,64.0,0.0,1.0,29.2,29.3,29.3,29.2,3524.0,2400.0,2.0,0.0,1.0,45.4828,12.2161,30.0,0.0,2.61,2.47,2.64,2.6,2.39,2.11,2.04,2.58,2.59,2.46,2.64,2.58,2.37,2.1,2.06,2.6,0.25,8.37,False
2022-03-08 21:50:33.515,ETR700,e700_4801,150007,_Standby_,Stato STANDBY attivo,N,2022-03-08 21:50:41.512,8.0,Venezia,VEHICLE,VEHICLE,45.4828,12.2161,0,2022-03-08 21:50:29.309,1.0,0.0,1.0,0.0,0.0,0.0,1.0,64.0,0.0,1.0,29.2,29.3,29.3,29.2,3524.0,2400.0,2.0,0.0,1.0,45.4828,12.2161,30.0,0.0,2.61,2.47,2.64,2.6,2.39,2.11,2.04,2.58,2.59,2.46,2.64,2.58,2.37,2.1,2.06,2.6,0.25,8.37,False
2022-03-08 21:50:33.310,ETR700,e700_4801,018202,CCU_FltWtbComm,Mancata comunicazione WTB in CCU M8,N,2022-03-08 21:50:34.912,2.0,Venezia,VEHICLE,VEHICLE,45.4828,12.2161,0,2022-03-08 21:50:29.309,1.0,0.0,1.0,0.0,0.0,0.0,1.0,64.0,0.0,1.0,29.2,29.3,29.3,29.2,3524.0,2400.0,2.0,0.0,1.0,45.4828,12.2161,30.0,0.0,2.61,2.47,2.64,2.6,2.39,2.11,2.04,2.58,2.59,2.46,2.64,2.58,2.37,2.1,2.06,2.6,0.25,8.37,False
2022-03-08 21:50:33.310,ETR700,e700_4801,018201,CCU_FltWtbR2,Mancata ricezione R2 in CCU M8,N,2022-03-08 21:50:34.912,2.0,Venezia,VEHICLE,VEHICLE,45.4828,12.2161,0,2022-03-08 21:50:29.309,1.0,0.0,1.0,0.0,0.0,0.0,1.0,64.0,0.0,1.0,29.2,29.3,29.3,29.2,3524.0,2400.0,2.0,0.0,1.0,45.4828,12.2161,30.0,0.0,2.61,2.47,2.64,2.6,2.39,2.11,2.04,2.58,2.59,2.46,2.64,2.58,2.37,2.1,2.06,2.6,0.25,8.37,False
2022-03-08 21:50:30.113,ETR700,e700_4801,ILCK_PROP_11M1,ILCK_PROP_11M1,Cod. 11 Rilascio Porte Destre Attivo,N,2022-03-08 21:50:33.515,4.0,Venezia,MDS,MDS,45.4828,12.2161,0,2022-03-08 21:50:29.309,1.0,0.0,1.0,0.0,0.0,0.0,1.0,64.0,0.0,1.0,29.2,29.3,29.3,29.2,3524.0,2400.0,2.0,0.0,1.0,45.4828,12.2161,30.0,0.0,2.61,2.47,2.64,2.6,2.39,2.11,2.04,2.58,2.59,2.46,2.64,2.58,2.37,2.1,2.06,2.6,0.25,8.37,False
2022-03-08 21:50:23.709,ETR700,e700_4801,ILCK_PROP_02,ILCK_PROP_02,Cod. 02 Taglio trazione comandato da RCEC,N,2022-03-09 10:52:35.767,46933.0,Venezia,VEHICLE,VEHICLE,45.4828,12.2161,0,2022-03-08 21:50:19.913,1.0,0.0,1.0,0.0,0.0,0.0,1.0,56.0,0.0,1.0,29.2,29.3,29.4,29.2,3529.0,2400.0,2.0,0.0,1.0,45.4828,12.2161,30.0,0.0,2.75,2.6,2.74,2.76,2.56,2.18,2.24,2.69,2.73,2.63,2.75,2.7,2.58,2.21,2.2,2.7,0.84,8.51,False
2022-03-08 21:44:23.108,ETR700,e700_4801,151023,_Front_,Direzione avanti in M1,N,2022-03-08 21:50:19.913,357.0,Venezia,VEHICLE,VEHICLE,45.4802,12.2023,0,2022-03-08 21:44:22.909,1.0,0.0,1.0,0.0,0.0,0.0,1.0,77.0,0.0,1.0,29.2,29.3,29.4,29.2,3453.0,2400.0,2.0,0.0,1.0,45.4802,12.2023,30.0,0.0,0.01,0.0,0.0,0.0,0.0,0.0,0.0,0.0,0.01,0.0,0.0,0.0,0.0,0.0,0.0,0.01,4.95,9.42,False
2022-03-08 21:44:22.909,ETR700,e700_4801,158024,_Rear_,Direzione indietro in M8,N,2022-03-08 21:50:20.111,358.0,Venezia,VEHICLE,VEHICLE,45.4802,12.2023,1,2022-03-08 21:44:22.909,1.0,0.0,1.0,0.0,0.0,0.0,1.0,77.0,0.0,1.0,29.2,29.3,29.4,29.2,3453.0,2400.0,2.0,0.0,1.0,45.4802,12.2023,30.0,0.0,0.01,0.0,0.0,0.0,0.0,0.0,0.0,0.0,0.01,0.0,0.0,0.0,0.0,0.0,0.0,0.01,4.95,9.42,False
2022-03-08 21:43:23.107,ETR700,e700_4801,ILCK_PROP_10,ILCK_PROP_10,Cod. 10 Nessuna velocita' impostata,N,2022-03-08 21:43:24.708,2.0,Venezia,VEHICLE,VEHICLE,45.4802,12.2023,1,2022-03-08 21:43:23.107,1.0,0.0,1.0,0.0,0.0,0.0,1.0,73.0,0.0,1.0,29.1,29.3,29.3,29.2,3488.0,2400.0,2.0,0.0,1.0,45.4802,12.2023,0.0,0.0,0.01,0.0,0.0,0.0,0.0,0.0,0.0,0.01,0.01,0.0,0.0,0.0,0.0,0.0,0.0,0.01,4.95,8.41,False
2022-03-08 21:38:58.317,ETR700,e700_4801,018202,CCU_FltWtbComm,Mancata comunicazione WTB in CCU M8,N,2022-03-08 21:39:00.112,2.0,Venezia,VEHICLE,VEHICLE,45.4803,12.2024,0,2022-03-08 21:38:55.311,0.0,0.0,0.0,0.0,0.0,1.0,1.0,48.0,1.0,0.0,29.2,29.3,29.4,29.2,3438.0,2400.0,2.0,0.0,2.0,45.4803,12.2024,0.0,0.0,2.65,2.57,2.7,2.61,2.39,2.12,2.1,2.62,2.64,2.55,2.68,2.61,2.37,2.11,2.09,2.66,0.01,9.17,False
2022-03-08 21:38:58.317,ETR700,e700_4801,018200,CCU_FltWtbR1,Mancata ricezione R1 in CCU M8,N,2022-03-08 21:39:00.112,2.0,Venezia,VEHICLE,VEHICLE,45.4803,12.2024,0,2022-03-08 21:38:55.311,0.0,0.0,0.0,0.0,0.0,1.0,1.0,48.0,1.0,0.0,29.2,29.3,29.4,29.2,3438.0,2400.0,2.0,0.0,2.0,45.4803,12.2024,0.0,0.0,2.65,2.57,2.7,2.61,2.39,2.12,2.1,2.62,2.64,2.55,2.68,2.61,2.37,2.11,2.09,2.66,0.01,9.17,True
2022-03-08 21:38:58.317,ETR700,e700_4801,ILCK_PROP_02,ILCK_PROP_02,Cod. 02 Taglio trazione comandato da RCEC,N,2022-03-08 21:39:40.909,43.0,Venezia,VEHICLE,VEHICLE,45.4803,12.2024,0,2022-03-08 21:38:55.311,0.0,0.0,0.0,0.0,0.0,1.0,1.0,48.0,1.0,0.0,29.2,29.3,29.4,29.2,3438.0,2400.0,2.0,0.0,2.0,45.4803,12.2024,0.0,0.0,2.65,2.57,2.7,2.61,2.39,2.12,2.1,2.62,2.64,2.55,2.68,2.61,2.37,2.11,2.09,2.66,0.01,9.17,False
2022-03-08 21:38:58.317,ETR700,e700_4801,ILCK_PROP_19M1,ILCK_PROP_19M1,Cod. 19 Maniglia Allarme Passeggeri Attivata,N,2022-03-08 21:38:58.709,1.0,Venezia,MDS,MDS,45.4803,12.2024,0,2022-03-08 21:38:55.311,0.0,0.0,0.0,0.0,0.0,1.0,1.0,48.0,1.0,0.0,29.2,29.3,29.4,29.2,3438.0,2400.0,2.0,0.0,2.0,45.4803,12.2024,0.0,0.0,2.65,2.57,2.7,2.61,2.39,2.12,2.1,2.62,2.64,2.55,2.68,2.61,2.37,2.11,2.09,2.66,0.01,9.17,True
2022-03-08 21:38:58.317,ETR700,e700_4801,150006,_Running_,Stato RUNNING attivo,N,2022-03-08 21:50:33.515,696.0,Venezia,VEHICLE,VEHICLE,45.4803,12.2024,0,2022-03-08 21:38:55.311,0.0,0.0,0.0,0.0,0.0,1.0,1.0,48.0,1.0,0.0,29.2,29.3,29.4,29.2,3438.0,2400.0,2.0,0.0,2.0,45.4803,12.2024,0.0,0.0,2.65,2.57,2.7,2.61,2.39,2.12,2.1,2.62,2.64,2.55,2.68,2.61,2.37,2.11,2.09,2.66,0.01,9.17,False
2022-03-08 21:38:55.311,ETR700,e700_4801,150007,_Standby_,Stato STANDBY attivo,N,2022-03-08 21:38:58.317,4.0,Venezia,VEHICLE,VEHICLE,45.4803,12.2024,1,2022-03-08 21:38:55.311,0.0,0.0,0.0,0.0,0.0,1.0,1.0,48.0,1.0,0.0,29.2,29.3,29.4,29.2,3438.0,2400.0,2.0,0.0,2.0,45.4803,12.2024,0.0,0.0,2.65,2.57,2.7,2.61,2.39,2.12,2.1,2.62,2.64,2.55,2.68,2.61,2.37,2.11,2.09,2.66,0.01,9.17,False
2022-03-08 21:34:46.309,ETR700,e700_4801,150009,_Parking_,Stato PARKING attivo,N,2022-03-08 21:38:55.311,250.0,Venezia,VEHICLE,VEHICLE,45.4802,12.2024,0,2022-03-08 21:34:42.505,0.0,0.0,2.0,0.0,0.0,1.0,1.0,60.0,1.0,0.0,29.2,29.3,29.4,29.1,3568.0,2400.0,2.0,0.0,2.0,45.4802,12.2024,0.0,0.0,2.63,2.48,2.69,2.61,2.4,2.12,2.09,2.62,2.62,2.46,2.67,2.61,2.39,2.11,2.09,2.64,0.32,7.85,False
2022-03-08 21:34:42.505,ETR700,e700_4801,158014,_DCPantoSts_,Pantografo DC alto in T7,N,2022-03-09 06:12:29.111,31067.0,Venezia,VEHICLE,VEHICLE,45.4802,12.2024,0,2022-03-08 21:34:38.115,0.0,0.0,2.0,0.0,0.0,1.0,0.0,64.0,1.0,0.0,29.2,29.3,29.3,29.1,3572.0,2400.0,2.0,0.0,1.0,45.4802,12.2024,30.0,0.0,2.63,2.45,2.67,2.61,2.39,2.11,2.06,2.61,2.61,2.43,2.67,2.59,2.36,2.1,2.08,2.62,0.27,7.82,False
2022-03-08 21:34:38.510,ETR700,e700_4801,150007,_Standby_,Stato STANDBY attivo,N,2022-03-08 21:34:46.309,8.0,Venezia,VEHICLE,VEHICLE,45.4802,12.2024,0,2022-03-08 21:34:38.115,0.0,0.0,2.0,0.0,0.0,1.0,0.0,64.0,1.0,0.0,29.2,29.3,29.3,29.1,3572.0,2400.0,2.0,0.0,1.0,45.4802,12.2024,30.0,0.0,2.63,2.45,2.67,2.61,2.39,2.11,2.06,2.61,2.61,2.43,2.67,2.59,2.36,2.1,2.08,2.62,0.27,7.82,False
2022-03-08 21:34:38.115,ETR700,e700_4801,011202,CCU_FltWtbComm,Mancata comunicazione WTB in CCU M1,N,2022-03-08 21:34:39.704,2.0,Venezia,VEHICLE,VEHICLE,45.4802,12.2024,1,2022-03-08 21:34:38.115,0.0,0.0,2.0,0.0,0.0,1.0,0.0,64.0,1.0,0.0,29.2,29.3,29.3,29.1,3572.0,2400.0,2.0,0.0,1.0,45.4802,12.2024,30.0,0.0,2.63,2.45,2.67,2.61,2.39,2.11,2.06,2.61,2.61,2.43,2.67,2.59,2.36,2.1,2.08,2.62,0.27,7.82,False
2022-03-08 21:34:38.115,ETR700,e700_4801,011201,CCU_FltWtbR2,Mancata ricezione R2 in CCU M1,N,2022-03-08 21:34:39.704,2.0,Venezia,VEHICLE,VEHICLE,45.4802,12.2024,1,2022-03-08 21:34:38.115,0.0,0.0,2.0,0.0,0.0,1.0,0.0,64.0,1.0,0.0,29.2,29.3,29.3,29.1,3572.0,2400.0,2.0,0.0,1.0,45.4802,12.2024,30.0,0.0,2.63,2.45,2.67,2.61,2.39,2.11,2.06,2.61,2.61,2.43,2.67,2.59,2.36,2.1,2.08,2.62,0.27,7.82,False
2022-03-08 21:34:38.115,ETR700,e700_4801,ILCK_PROP_15,ILCK_PROP_15,Cod. 15 Nessun banco abilitato,N,2022-03-08 21:38:58.317,261.0,Venezia,MDS,MDS,45.4802,12.2024,1,2022-03-08 21:34:38.115,0.0,0.0,2.0,0.0,0.0,1.0,0.0,64.0,1.0,0.0,29.2,29.3,29.3,29.1,3572.0,2400.0,2.0,0.0,1.0,45.4802,12.2024,30.0,0.0,2.63,2.45,2.67,2.61,2.39,2.11,2.06,2.61,2.61,2.43,2.67,2.59,2.36,2.1,2.08,2.62,0.27,7.82,False
2022-03-08 21:34:29.911,ETR700,e700_4801,ILCK_PROP_02,ILCK_PROP_02,Cod. 02 Taglio trazione comandato da RCEC,N,2022-03-08 21:34:38.314,9.0,Venezia,VEHICLE,VEHICLE,45.4802,12.2023,0,2022-03-08 21:34:24.916,0.0,1.0,2.0,0.0,0.0,1.0,0.0,55.0,1.0,0.0,29.2,29.3,29.3,29.1,3513.0,2400.0,2.0,0.0,1.0,45.4802,12.2023,30.0,0.0,1.96,1.85,1.94,1.98,2.04,1.56,1.62,1.9,1.92,1.85,1.95,1.93,1.85,1.58,1.67,1.94,3.73,8.01,False
2022-03-08 21:32:32.912,ETR700,e700_4801,158023,_Front_,Direzione avanti in M8,N,2022-03-08 21:34:26.725,114.0,Venezia,VEHICLE,VEHICLE,45.481,12.2071,0,2022-03-08 21:32:32.509,0.0,1.0,2.0,0.0,0.0,1.0,0.0,60.0,1.0,0.0,29.2,29.3,29.3,29.1,3547.0,2400.0,2.0,0.0,1.0,45.481,12.2071,30.0,9.0,0.01,0.0,0.0,0.0,0.0,0.0,0.0,0.0,0.0,0.0,0.0,0.0,0.0,0.0,0.0,0.0,4.96,9.44,False
2022-03-08 21:32:32.912,ETR700,e700_4801,151024,_Rear_,Direzione indietro in M1,N,2022-03-08 21:34:26.725,114.0,Venezia,VEHICLE,VEHICLE,45.481,12.2071,0,2022-03-08 21:32:32.509,0.0,1.0,2.0,0.0,0.0,1.0,0.0,60.0,1.0,0.0,29.2,29.3,29.3,29.1,3547.0,2400.0,2.0,0.0,1.0,45.481,12.2071,30.0,9.0,0.01,0.0,0.0,0.0,0.0,0.0,0.0,0.0,0.0,0.0,0.0,0.0,0.0,0.0,0.0,0.0,4.96,9.44,False
2022-03-08 21:30:56.702,ETR700,e700_4801,152019,_1Q21_,IR chiuso in cassa T2,N,2022-03-08 21:39:03.711,488.0,Venezia,AT,T2_1Q2_IR,45.4822,12.2109,0,2022-03-08 21:30:54.905,0.0,1.0,2.0,0.0,0.0,1.0,0.0,8.0,0.0,0.0,24.0,24.3,24.4,24.3,3486.0,2400.0,2.0,0.0,1.0,45.4822,12.2109,30.0,14.0,0.01,0.0,0.0,0.0,0.0,0.0,0.0,0.0,0.0,0.0,0.01,0.0,0.0,0.0,0.0,0.0,4.95,8.51,False
2022-03-08 21:30:54.905,ETR700,e700_4801,150017,_CmdCloseIR_,Comando chiusura IR/IP da banco,N,2022-03-08 21:30:55.509,1.0,Venezia,VEHICLE,VEHICLE,45.4822,12.2109,0,2022-03-08 21:30:49.909,0.0,1.0,2.0,0.0,0.0,1.0,0.0,8.0,0.0,0.0,24.0,24.4,24.4,24.3,3482.0,2400.0,2.0,0.0,1.0,45.4824,12.2116,30.0,15.0,0.01,0.0,0.0,0.0,0.0,0.0,0.0,0.0,0.0,0.0,0.0,0.0,0.0,0.0,0.0,0.0,4.95,8.53,False
2022-03-08 21:30:27.713,ETR700,e700_4801,150018,_CmdOpenIR_,Comando apertura IR/IP da banco,N,2022-03-08 21:30:28.914,2.0,Venezia,VEHICLE,VEHICLE,45.4826,12.2125,0,2022-03-08 21:30:25.118,0.0,1.0,2.0,0.0,0.0,1.0,0.0,96.0,1.0,0.0,29.1,29.3,29.3,29.1,3463.0,2400.0,2.0,0.0,1.0,45.4826,12.2126,30.0,15.0,0.01,0.0,0.0,0.0,0.0,0.0,0.0,0.0,0.0,0.0,0.01,0.0,0.0,0.0,0.0,0.0,4.96,8.58,False
2022-03-08 21:23:40.911,ETR700,e700_4801,151024,_Rear_,Direzione indietro in M1,N,2022-03-08 21:30:26.315,406.0,Venezia,VEHICLE,VEHICLE,45.4828,12.2139,0,2022-03-08 21:23:40.708,0.0,1.0,2.0,0.0,0.0,1.0,0.0,60.0,1.0,0.0,29.1,29.3,29.3,29.1,3510.0,2400.0,2.0,0.0,1.0,45.4828,12.2139,30.0,0.0,0.01,0.0,0.0,0.0,0.0,0.0,0.0,0.01,0.01,0.0,0.0,0.0,0.0,0.0,0.0,0.0,4.98,8.95,False
2022-03-08 21:23:40.708,ETR700,e700_4801,158023,_Front_,Direzione avanti in M8,N,2022-03-08 21:30:26.315,406.0,Venezia,VEHICLE,VEHICLE,45.4828,12.2139,1,2022-03-08 21:23:40.708,0.0,1.0,2.0,0.0,0.0,1.0,0.0,60.0,1.0,0.0,29.1,29.3,29.3,29.1,3510.0,2400.0,2.0,0.0,1.0,45.4828,12.2139,30.0,0.0,0.01,0.0,0.0,0.0,0.0,0.0,0.0,0.01,0.01,0.0,0.0,0.0,0.0,0.0,0.0,0.0,4.98,8.95,False
2022-03-08 21:21:40.512,ETR700,e700_4801,ILCK_PROP_10,ILCK_PROP_10,Cod. 10 Nessuna velocita' impostata,N,2022-03-08 21:21:41.909,2.0,Venezia,VEHICLE,VEHICLE,45.4828,12.2139,1,2022-03-08 21:21:40.512,0.0,1.0,2.0,0.0,0.0,1.0,0.0,48.0,1.0,0.0,29.1,29.3,29.3,29.1,3427.0,2400.0,2.0,0.0,1.0,45.4828,12.2139,0.0,0.0,0.01,0.0,0.01,0.0,0.0,0.0,0.0,0.0,0.0,0.0,0.0,0.0,0.0,0.0,0.0,0.01,4.97,9.09,False
2022-03-08 21:20:19.116,ETR700,e700_4801,ILCK_PROP_02,ILCK_PROP_02,Cod. 02 Taglio trazione comandato da RCEC,N,2022-03-08 21:21:02.908,44.0,Venezia,VEHICLE,VEHICLE,45.4828,12.2141,0,2022-03-08 21:20:18.913,0.0,1.0,0.0,0.0,0.0,1.0,1.0,36.0,1.0,0.0,29.2,29.3,29.3,29.2,3405.0,2400.0,2.0,0.0,4.0,45.4828,12.2141,0.0,0.0,2.69,2.63,2.69,2.67,2.45,2.2,2.15,2.52,2.68,2.6,2.68,2.66,2.43,2.2,2.16,2.54,0.0,8.53,False
2022-03-08 21:20:19.116,ETR700,e700_4801,150006,_Running_,Stato RUNNING attivo,N,2022-03-08 21:34:38.51,860.0,Venezia,VEHICLE,VEHICLE,45.4828,12.2141,0,2022-03-08 21:20:18.913,0.0,1.0,0.0,0.0,0.0,1.0,1.0,36.0,1.0,0.0,29.2,29.3,29.3,29.2,3405.0,2400.0,2.0,0.0,4.0,45.4828,12.2141,0.0,0.0,2.69,2.63,2.69,2.67,2.45,2.2,2.15,2.52,2.68,2.6,2.68,2.66,2.43,2.2,2.16,2.54,0.0,8.53,False
2022-03-08 21:20:18.913,ETR700,e700_4801,011202,CCU_FltWtbComm,Mancata comunicazione WTB in CCU M1,N,2022-03-08 21:20:20.713,2.0,Venezia,VEHICLE,VEHICLE,45.4828,12.2141,1,2022-03-08 21:20:18.913,0.0,1.0,0.0,0.0,0.0,1.0,1.0,36.0,1.0,0.0,29.2,29.3,29.3,29.2,3405.0,2400.0,2.0,0.0,4.0,45.4828,12.2141,0.0,0.0,2.69,2.63,2.69,2.67,2.45,2.2,2.15,2.52,2.68,2.6,2.68,2.66,2.43,2.2,2.16,2.54,0.0,8.53,False
2022-03-08 21:20:18.913,ETR700,e700_4801,011200,CCU_FltWtbR1,Mancata ricezione R1 in CCU M1,N,2022-03-08 21:20:20.713,2.0,Venezia,VEHICLE,VEHICLE,45.4828,12.2141,1,2022-03-08 21:20:18.913,0.0,1.0,0.0,0.0,0.0,1.0,1.0,36.0,1.0,0.0,29.2,29.3,29.3,29.2,3405.0,2400.0,2.0,0.0,4.0,45.4828,12.2141,0.0,0.0,2.69,2.63,2.69,2.67,2.45,2.2,2.15,2.52,2.68,2.6,2.68,2.66,2.43,2.2,2.16,2.54,0.0,8.53,False
2022-03-08 21:20:18.913,ETR700,e700_4801,ILCK_PROP_11M8,ILCK_PROP_11M8,Cod. 11 Rilascio Porte Destre Attivo,N,2022-03-08 21:20:30.708,12.0,Venezia,MDS,MDS,45.4828,12.2141,1,2022-03-08 21:20:18.913,0.0,1.0,0.0,0.0,0.0,1.0,1.0,36.0,1.0,0.0,29.2,29.3,29.3,29.2,3405.0,2400.0,2.0,0.0,4.0,45.4828,12.2141,0.0,0.0,2.69,2.63,2.69,2.67,2.45,2.2,2.15,2.52,2.68,2.6,2.68,2.66,2.43,2.2,2.16,2.54,0.0,8.53,False
2022-03-08 19:14:44.112,ETR700,e700_4801,150009,_Parking_,Stato PARKING attivo,N,2022-03-08 21:20:19.116,7536.0,Venezia,VEHICLE,VEHICLE,45.4828,12.214,0,2022-03-08 19:14:39.709,0.0,0.0,0.0,0.0,0.0,1.0,0.0,36.0,1.0,0.0,23.5,23.9,24.6,23.9,3394.0,2400.0,2.0,0.0,2.0,45.4828,12.214,0.0,0.0,2.7,2.63,2.72,2.68,2.45,2.2,2.2,2.55,2.69,2.6,2.7,2.69,2.45,2.2,2.18,2.56,0.0,8.02,False
2022-03-08 19:14:40.110,ETR700,e700_4801,158014,_DCPantoSts_,Pantografo DC alto in T7,N,2022-03-08 21:20:26.911,7547.0,Venezia,VEHICLE,VEHICLE,45.4828,12.214,0,2022-03-08 19:14:35.712,0.0,0.0,0.0,0.0,0.0,1.0,0.0,20.0,1.0,0.0,23.6,23.9,24.0,23.9,3469.0,2400.0,2.0,0.0,1.0,45.4828,12.214,250.0,0.0,2.69,2.62,2.72,2.68,2.45,2.2,2.2,2.53,2.68,2.6,2.7,2.69,2.45,2.2,2.18,2.56,0.0,8.03,False
2022-03-08 19:14:36.314,ETR700,e700_4801,150007,_Standby_,Stato STANDBY attivo,N,2022-03-08 19:14:44.112,8.0,Venezia,VEHICLE,VEHICLE,45.4828,12.214,0,2022-03-08 19:14:35.712,0.0,0.0,0.0,0.0,0.0,1.0,0.0,20.0,1.0,0.0,23.6,23.9,24.0,23.9,3469.0,2400.0,2.0,0.0,1.0,45.4828,12.214,250.0,0.0,2.69,2.62,2.72,2.68,2.45,2.2,2.2,2.53,2.68,2.6,2.7,2.69,2.45,2.2,2.18,2.56,0.0,8.03,False
2022-03-08 19:14:35.712,ETR700,e700_4801,011202,CCU_FltWtbComm,Mancata comunicazione WTB in CCU M1,N,2022-03-08 19:14:37.511,2.0,Venezia,VEHICLE,VEHICLE,45.4828,12.214,1,2022-03-08 19:14:35.712,0.0,0.0,0.0,0.0,0.0,1.0,0.0,20.0,1.0,0.0,23.6,23.9,24.0,23.9,3469.0,2400.0,2.0,0.0,1.0,45.4828,12.214,250.0,0.0,2.69,2.62,2.72,2.68,2.45,2.2,2.2,2.53,2.68,2.6,2.7,2.69,2.45,2.2,2.18,2.56,0.0,8.03,False
2022-03-08 19:14:35.712,ETR700,e700_4801,011201,CCU_FltWtbR2,Mancata ricezione R2 in CCU M1,N,2022-03-08 19:14:37.511,2.0,Venezia,VEHICLE,VEHICLE,45.4828,12.214,1,2022-03-08 19:14:35.712,0.0,0.0,0.0,0.0,0.0,1.0,0.0,20.0,1.0,0.0,23.6,23.9,24.0,23.9,3469.0,2400.0,2.0,0.0,1.0,45.4828,12.214,250.0,0.0,2.69,2.62,2.72,2.68,2.45,2.2,2.2,2.53,2.68,2.6,2.7,2.69,2.45,2.2,2.18,2.56,0.0,8.03,False
2022-03-08 19:14:35.712,ETR700,e700_4801,ILCK_PROP_15,ILCK_PROP_15,Cod. 15 Nessun banco abilitato,N,2022-03-08 21:20:18.913,7544.0,Venezia,MDS,MDS,45.4828,12.214,1,2022-03-08 19:14:35.712,0.0,0.0,0.0,0.0,0.0,1.0,0.0,20.0,1.0,0.0,23.6,23.9,24.0,23.9,3469.0,2400.0,2.0,0.0,1.0,45.4828,12.214,250.0,0.0,2.69,2.62,2.72,2.68,2.45,2.2,2.2,2.53,2.68,2.6,2.7,2.69,2.45,2.2,2.18,2.56,0.0,8.03,False
2022-03-08 19:14:23.707,ETR700,e700_4801,152019,_1Q21_,IR chiuso in cassa T2,N,2022-03-08 21:30:30.2,8167.0,Venezia,AT,T2_1Q2_IR,45.4828,12.2141,0,2022-03-08 19:14:18.91,0.0,1.0,0.0,0.0,0.0,1.0,0.0,8.0,0.0,0.0,23.8,24.2,24.2,24.1,3396.0,2400.0,2.0,0.0,1.0,45.4828,12.2141,250.0,0.0,2.69,2.62,2.72,2.68,2.46,2.2,2.2,2.53,2.68,2.6,2.7,2.69,2.45,2.2,2.18,2.56,0.0,8.07,False
2022-03-08 19:14:21.104,ETR700,e700_4801,150017,_CmdCloseIR_,Comando chiusura IR/IP da banco,N,2022-03-08 19:14:23.909,3.0,Venezia,VEHICLE,VEHICLE,45.4828,12.2141,0,2022-03-08 19:14:17.709,0.0,1.0,0.0,0.0,0.0,1.0,0.0,8.0,0.0,0.0,23.9,24.2,24.2,24.1,3334.0,2400.0,2.0,0.0,1.0,45.4828,12.2141,250.0,0.0,2.7,2.62,2.72,2.68,2.45,2.2,2.2,2.53,2.68,2.6,2.7,2.69,2.45,2.2,2.18,2.56,0.0,8.07,False
2022-03-08 19:14:11.710,ETR700,e700_4801,151014,_DCPantoSts_,Pantografo DC alto in T2,N,2022-03-08 21:39:10.706,8699.0,Venezia,VEHICLE,VEHICLE,45.4828,12.2141,0,2022-03-08 19:14:06.971,0.0,1.0,0.0,0.0,0.0,1.0,0.0,4.0,0.0,0.0,24.0,24.3,24.4,24.2,0.0,2400.0,2.0,0.0,1.0,45.4828,12.214,250.0,0.0,2.7,2.63,2.72,2.68,2.46,2.21,2.21,2.54,2.68,2.6,2.7,2.69,2.45,2.2,2.18,2.56,0.0,8.14,False
2022-03-08 19:14:09.106,ETR700,e700_4801,150012,_CmdPantoUp_,Comando alzamento panto da banco,N,2022-03-08 19:14:09.707,1.0,Venezia,VEHICLE,VEHICLE,45.4828,12.214,0,2022-03-08 19:14:04.512,0.0,1.0,0.0,0.0,0.0,1.0,0.0,4.0,0.0,0.0,24.1,24.4,24.4,24.4,0.0,2400.0,2.0,0.0,1.0,45.4828,12.214,250.0,0.0,2.7,2.63,2.72,2.68,2.46,2.2,2.21,2.54,2.69,2.6,2.7,2.69,2.45,2.2,2.18,2.56,0.0,8.19,False
2022-03-08 19:14:07.485,ETR700,e700_4801,150011,_PantoLowSts_,Nessun pantografo alto,N,2022-03-08 19:14:11.71,5.0,Venezia,VEHICLE,VEHICLE,45.4828,12.214,0,2022-03-08 19:14:04.512,0.0,1.0,0.0,0.0,0.0,1.0,0.0,4.0,0.0,0.0,24.1,24.4,24.4,24.4,0.0,2400.0,2.0,0.0,1.0,45.4828,12.214,250.0,0.0,2.7,2.63,2.72,2.68,2.46,2.2,2.21,2.54,2.69,2.6,2.7,2.69,2.45,2.2,2.18,2.56,0.0,8.19,False
2022-03-08 19:14:06.108,ETR700,e700_4801,ILCK_PROP_11M8,ILCK_PROP_11M8,Cod. 11 Rilascio Porte Destre Attivo,N,2022-03-08 19:14:35.712,30.0,Venezia,MDS,MDS,45.4828,12.214,0,2022-03-08 19:14:01.11,0.0,1.0,0.0,0.0,0.0,1.0,1.0,6.0,0.0,0.0,24.3,24.5,24.6,24.5,358.0,2400.0,2.0,0.0,1.0,45.4829,12.214,250.0,0.0,2.7,2.63,2.72,2.69,2.46,2.2,2.21,2.55,2.69,2.61,2.7,2.69,2.45,2.2,2.19,2.56,0.0,8.21,False
2022-03-08 19:13:59.115,ETR700,e700_4801,ILCK_PROP_21M8,ILCK_PROP_21M8,Cod. 21 AT non presente,N,2022-03-08 19:14:23.707,25.0,Venezia,MDS,MDS,45.4829,12.214,0,2022-03-08 19:13:54.317,0.0,1.0,0.0,0.0,0.0,1.0,1.0,56.0,1.0,0.0,28.6,28.5,28.4,28.0,3471.0,2400.0,2.0,0.0,1.0,45.4829,12.214,250.0,0.0,2.69,2.63,2.71,2.68,2.46,2.2,2.21,2.55,2.69,2.61,2.69,2.69,2.45,2.21,2.18,2.57,0.0,8.25,False
2022-03-08 19:13:58.908,ETR700,e700_4801,150016,_IRIP_OpenSts_,Nessun IR o IP chiuso,N,2022-03-08 19:14:23.707,25.0,Venezia,VEHICLE,VEHICLE,45.4829,12.214,0,2022-03-08 19:13:53.912,0.0,1.0,0.0,0.0,0.0,1.0,1.0,52.0,1.0,0.0,28.6,28.5,28.4,28.0,3470.0,2400.0,2.0,0.0,4.0,45.4829,12.214,0.0,0.0,2.69,2.63,2.7,2.68,2.45,2.2,2.21,2.55,2.69,2.61,2.69,2.69,2.45,2.2,2.19,2.56,0.0,8.25,False
2022-03-08 19:13:54.317,ETR700,e700_4801,150006,_Running_,Stato RUNNING attivo,N,2022-03-08 19:14:36.314,42.0,Venezia,VEHICLE,VEHICLE,45.4829,12.214,0,2022-03-08 19:13:53.912,0.0,1.0,0.0,0.0,0.0,1.0,1.0,52.0,1.0,0.0,28.6,28.5,28.4,28.0,3470.0,2400.0,2.0,0.0,4.0,45.4829,12.214,0.0,0.0,2.69,2.63,2.7,2.68,2.45,2.2,2.21,2.55,2.69,2.61,2.69,2.69,2.45,2.2,2.19,2.56,0.0,8.25,False
2022-03-08 19:13:54.112,ETR700,e700_4801,011202,CCU_FltWtbComm,Mancata comunicazione WTB in CCU M1,N,2022-03-08 19:13:55.908,2.0,Venezia,VEHICLE,VEHICLE,45.4829,12.214,0,2022-03-08 19:13:53.912,0.0,1.0,0.0,0.0,0.0,1.0,1.0,52.0,1.0,0.0,28.6,28.5,28.4,28.0,3470.0,2400.0,2.0,0.0,4.0,45.4829,12.214,0.0,0.0,2.69,2.63,2.7,2.68,2.45,2.2,2.21,2.55,2.69,2.61,2.69,2.69,2.45,2.2,2.19,2.56,0.0,8.25,False
2022-03-08 19:13:54.112,ETR700,e700_4801,011200,CCU_FltWtbR1,Mancata ricezione R1 in CCU M1,N,2022-03-08 19:13:55.908,2.0,Venezia,VEHICLE,VEHICLE,45.4829,12.214,0,2022-03-08 19:13:53.912,0.0,1.0,0.0,0.0,0.0,1.0,1.0,52.0,1.0,0.0,28.6,28.5,28.4,28.0,3470.0,2400.0,2.0,0.0,4.0,45.4829,12.214,0.0,0.0,2.69,2.63,2.7,2.68,2.45,2.2,2.21,2.55,2.69,2.61,2.69,2.69,2.45,2.2,2.19,2.56,0.0,8.25,False
2022-03-08 19:13:54.112,ETR700,e700_4801,ILCK_PROP_02,ILCK_PROP_02,Cod. 02 Taglio trazione comandato da RCEC,N,2022-03-08 19:14:35.912,42.0,Venezia,VEHICLE,VEHICLE,45.4829,12.214,0,2022-03-08 19:13:53.912,0.0,1.0,0.0,0.0,0.0,1.0,1.0,52.0,1.0,0.0,28.6,28.5,28.4,28.0,3470.0,2400.0,2.0,0.0,4.0,45.4829,12.214,0.0,0.0,2.69,2.63,2.7,2.68,2.45,2.2,2.21,2.55,2.69,2.61,2.69,2.69,2.45,2.2,2.19,2.56,0.0,8.25,False
2022-03-08 19:13:30.907,ETR700,e700_4801,150009,_Parking_,Stato PARKING attivo,N,2022-03-08 19:13:54.317,24.0,Venezia,VEHICLE,VEHICLE,45.4828,12.2139,1,2022-03-08 19:13:30.907,0.0,0.0,0.0,0.0,0.0,1.0,1.0,56.0,1.0,0.0,28.6,28.4,28.3,28.0,3452.0,2400.0,2.0,0.0,4.0,45.4828,12.2139,0.0,0.0,2.7,2.63,2.71,2.68,2.46,2.2,2.21,2.54,2.69,2.6,2.69,2.69,2.45,2.2,2.19,2.56,0.0,8.3,False
2022-03-08 19:13:17.912,ETR700,e700_4801,158014,_DCPantoSts_,Pantografo DC alto in T7,N,2022-03-08 19:14:01.708,44.0,Venezia,VEHICLE,VEHICLE,45.4828,12.2139,0,2022-03-08 19:13:13.511,0.0,0.0,0.0,0.0,0.0,1.0,0.0,40.0,1.0,0.0,28.5,28.3,28.2,27.8,3496.0,2400.0,2.0,0.0,1.0,45.4827,12.2139,250.0,0.0,2.7,2.61,2.68,2.68,2.45,2.2,2.21,2.53,2.68,2.6,2.69,2.69,2.44,2.19,2.18,2.54,0.0,8.44,False
2022-03-08 19:13:13.715,ETR700,e700_4801,150007,_Standby_,Stato STANDBY attivo,N,2022-03-08 19:13:30.907,18.0,Venezia,VEHICLE,VEHICLE,45.4827,12.2139,0,2022-03-08 19:13:10.311,0.0,1.0,0.0,0.0,0.0,1.0,0.0,40.0,1.0,0.0,28.5,28.3,28.2,27.8,3494.0,2400.0,2.0,0.0,1.0,45.4827,12.2139,250.0,0.0,2.7,2.61,2.69,2.68,2.45,2.2,2.21,2.53,2.68,2.6,2.68,2.69,2.44,2.19,2.18,2.54,0.0,8.46,False
2022-03-08 19:13:13.511,ETR700,e700_4801,011202,CCU_FltWtbComm,Mancata comunicazione WTB in CCU M1,N,2022-03-08 19:13:15.303,2.0,Venezia,VEHICLE,VEHICLE,45.4827,12.2139,0,2022-03-08 19:13:10.311,0.0,1.0,0.0,0.0,0.0,1.0,0.0,40.0,1.0,0.0,28.5,28.3,28.2,27.8,3494.0,2400.0,2.0,0.0,1.0,45.4827,12.2139,250.0,0.0,2.7,2.61,2.69,2.68,2.45,2.2,2.21,2.53,2.68,2.6,2.68,2.69,2.44,2.19,2.18,2.54,0.0,8.46,False
2022-03-08 19:13:13.511,ETR700,e700_4801,011201,CCU_FltWtbR2,Mancata ricezione R2 in CCU M1,N,2022-03-08 19:13:15.303,2.0,Venezia,VEHICLE,VEHICLE,45.4827,12.2139,0,2022-03-08 19:13:10.311,0.0,1.0,0.0,0.0,0.0,1.0,0.0,40.0,1.0,0.0,28.5,28.3,28.2,27.8,3494.0,2400.0,2.0,0.0,1.0,45.4827,12.2139,250.0,0.0,2.7,2.61,2.69,2.68,2.45,2.2,2.21,2.53,2.68,2.6,2.68,2.69,2.44,2.19,2.18,2.54,0.0,8.46,False
2022-03-08 19:13:13.511,ETR700,e700_4801,ILCK_PROP_15,ILCK_PROP_15,Cod. 15 Nessun banco abilitato,N,2022-03-08 19:13:53.912,41.0,Venezia,MDS,MDS,45.4827,12.2139,0,2022-03-08 19:13:10.311,0.0,1.0,0.0,0.0,0.0,1.0,0.0,40.0,1.0,0.0,28.5,28.3,28.2,27.8,3494.0,2400.0,2.0,0.0,1.0,45.4827,12.2139,250.0,0.0,2.7,2.61,2.69,2.68,2.45,2.2,2.21,2.53,2.68,2.6,2.68,2.69,2.44,2.19,2.18,2.54,0.0,8.46,False
2022-03-08 19:12:29.106,ETR700,e700_4801,152019,_1Q21_,IR chiuso in cassa T2,N,2022-03-08 19:13:58.709,90.0,Venezia,AT,T2_1Q2_IR,45.4827,12.2141,0,2022-03-08 19:12:27.709,0.0,1.0,0.0,0.0,0.0,1.0,0.0,8.0,0.0,0.0,23.9,24.2,24.3,24.2,3486.0,2400.0,2.0,0.0,1.0,45.4827,12.2141,250.0,0.0,2.7,2.61,2.69,2.68,2.45,2.21,2.21,2.52,2.68,2.6,2.68,2.69,2.44,2.19,2.18,2.53,0.0,8.69,False
2022-03-08 19:12:27.709,ETR700,e700_4801,150017,_CmdCloseIR_,Comando chiusura IR/IP da banco,N,2022-03-08 19:12:28.909,2.0,Venezia,VEHICLE,VEHICLE,45.4827,12.2141,1,2022-03-08 19:12:27.709,0.0,1.0,0.0,0.0,0.0,1.0,0.0,8.0,0.0,0.0,23.9,24.2,24.3,24.2,3486.0,2400.0,2.0,0.0,1.0,45.4827,12.2141,250.0,0.0,2.7,2.61,2.69,2.68,2.45,2.21,2.21,2.52,2.68,2.6,2.68,2.69,2.44,2.19,2.18,2.53,0.0,8.69,False
2022-03-08 19:12:11.709,ETR700,e700_4801,150017,_CmdCloseIR_,Comando chiusura IR/IP da banco,N,2022-03-08 19:12:13.909,3.0,Venezia,VEHICLE,VEHICLE,45.4828,12.2142,0,2022-03-08 19:12:10.711,0.0,1.0,0.0,0.0,0.0,1.0,0.0,8.0,0.0,0.0,24.0,24.3,24.4,24.4,2900.0,2400.0,2.0,0.0,1.0,45.4828,12.2141,250.0,0.0,2.7,2.61,2.69,2.68,2.45,2.2,2.21,2.52,2.68,2.6,2.69,2.69,2.44,2.19,2.18,2.53,0.0,8.8,False
2022-03-08 19:11:46.911,ETR700,e700_4801,150016,_IRIP_OpenSts_,Nessun IR o IP chiuso,N,2022-03-08 19:12:29.309,43.0,Venezia,VEHICLE,VEHICLE,45.4828,12.2141,0,2022-03-08 19:11:45.111,0.0,1.0,0.0,0.0,0.0,0.0,1.0,56.0,0.0,1.0,28.7,28.5,28.5,28.0,3459.0,2400.0,2.0,0.0,1.0,45.4828,12.214,250.0,0.0,2.7,2.61,2.69,2.68,2.45,2.2,2.21,2.51,2.68,2.6,2.68,2.69,2.44,2.19,2.18,2.53,0.0,9.01,False
2022-03-08 19:11:46.715,ETR700,e700_4801,ILCK_PROP_21M8,ILCK_PROP_21M8,Cod. 21 AT non presente,N,2022-03-08 19:12:29.309,43.0,Venezia,MDS,MDS,45.4828,12.214,0,2022-03-08 19:11:45.111,0.0,1.0,0.0,0.0,0.0,0.0,1.0,56.0,0.0,1.0,28.7,28.5,28.5,28.0,3459.0,2400.0,2.0,0.0,1.0,45.4828,12.214,250.0,0.0,2.7,2.61,2.69,2.68,2.45,2.2,2.21,2.51,2.68,2.6,2.68,2.69,2.44,2.19,2.18,2.53,0.0,9.01,False
2022-03-08 19:11:46.509,ETR700,e700_4801,150013,_CmdPantoDw_,Comando abbassamento panto da banco,N,2022-03-08 19:11:47.107,1.0,Venezia,VEHICLE,VEHICLE,45.4828,12.214,0,2022-03-08 19:11:45.111,0.0,1.0,0.0,0.0,0.0,0.0,1.0,56.0,0.0,1.0,28.7,28.5,28.5,28.0,3459.0,2400.0,2.0,0.0,1.0,45.4828,12.214,250.0,0.0,2.7,2.61,2.69,2.68,2.45,2.2,2.21,2.51,2.68,2.6,2.68,2.69,2.44,2.19,2.18,2.53,0.0,9.01,True
2022-03-08 19:11:45.111,ETR700,e700_4801,150018,_CmdOpenIR_,Comando apertura IR/IP da banco,N,2022-03-08 19:11:45.707,1.0,Venezia,VEHICLE,VEHICLE,45.4828,12.214,1,2022-03-08 19:11:45.111,0.0,1.0,0.0,0.0,0.0,0.0,1.0,56.0,0.0,1.0,28.7,28.5,28.5,28.0,3459.0,2400.0,2.0,0.0,1.0,45.4828,12.214,250.0,0.0,2.7,2.61,2.69,2.68,2.45,2.2,2.21,2.51,2.68,2.6,2.68,2.69,2.44,2.19,2.18,2.53,0.0,9.01,False
2022-03-08 19:09:10.310,ETR700,e700_4801,081171,_CabDamperY5S2ntop_,Mancata apertura damper Y5_S,N,2022-03-09 06:34:34.311,41125.0,Venezia,HVAC,HVAC_CAB_M1,45.4828,12.2141,1,2022-03-08 19:09:10.31,0.0,1.0,0.0,0.0,0.0,0.0,1.0,40.0,0.0,1.0,28.1,27.8,27.8,27.4,3494.0,2400.0,2.0,0.0,1.0,45.4828,12.2141,250.0,0.0,2.69,2.63,2.7,2.69,2.46,2.21,2.22,2.5,2.69,2.6,2.69,2.69,2.45,2.2,2.19,2.54,0.0,3.99,True
2022-03-08 19:08:26.509,ETR700,e700_4801,EVT_IR_T2_52,EVT_IR_T2_52,Cod 52. Comando apertura DC per guasto Pantografo,N,2022-03-08 19:08:28.91,3.0,Venezia,AT,T2_1Q2_IR,45.4827,12.2141,0,2022-03-08 19:08:21.709,0.0,1.0,0.0,0.0,0.0,2.0,1.0,8.0,0.0,0.0,23.6,24.0,24.0,23.9,3407.0,2400.0,2.0,0.0,1.0,45.4827,12.2141,250.0,0.0,2.69,2.63,2.71,2.69,2.46,2.21,2.22,2.5,2.69,2.6,2.69,2.69,2.45,2.2,2.19,2.54,0.0,3.56,True
2022-03-08 19:08:26.109,ETR700,e700_4801,150017,_CmdCloseIR_,Comando chiusura IR/IP da banco,N,2022-03-08 19:08:28.512,3.0,Venezia,VEHICLE,VEHICLE,45.4827,12.2141,0,2022-03-08 19:08:21.111,0.0,1.0,0.0,0.0,0.0,2.0,1.0,8.0,0.0,0.0,23.6,24.0,24.0,23.9,3411.0,2400.0,2.0,0.0,1.0,45.4827,12.2141,250.0,0.0,2.69,2.63,2.71,2.68,2.46,2.21,2.22,2.5,2.69,2.6,2.69,2.69,2.45,2.2,2.19,2.54,0.0,3.56,False
2022-03-08 19:08:12.110,ETR700,e700_4801,158014,_DCPantoSts_,Pantografo DC alto in T7,N,2022-03-08 19:11:53.909,222.0,Venezia,VEHICLE,VEHICLE,45.4827,12.2141,1,2022-03-08 19:08:12.11,0.0,1.0,0.0,0.0,0.0,2.0,1.0,0.0,0.0,0.0,23.9,24.2,24.3,24.2,0.0,2400.0,2.0,0.0,1.0,45.4827,12.2141,250.0,0.0,2.69,2.63,2.71,2.69,2.46,2.21,2.22,2.51,2.69,2.6,2.69,2.69,2.45,2.2,2.19,2.54,0.0,3.57,False
2022-03-08 19:07:48.308,ETR700,e700_4801,150027,_CmdTCUFailReset_,Comando riconfigurazione e reset da banco,N,2022-03-08 19:07:52.572,5.0,Venezia,VEHICLE,VEHICLE,45.4827,12.2141,0,2022-03-08 19:07:43.31,0.0,1.0,0.0,0.0,0.0,2.0,0.0,8.0,0.0,0.0,23.9,24.3,24.4,24.4,3468.0,2400.0,2.0,0.0,1.0,45.4827,12.2141,250.0,0.0,2.7,2.63,2.71,2.68,2.46,2.21,2.22,2.52,2.69,2.61,2.69,2.69,2.45,2.21,2.19,2.54,0.0,3.59,True
2022-03-08 19:07:43.702,ETR700,e700_4801,ILCK_IR_T2_52,ILCK_IR_T2_52,Cod 52. Comando apertura DC per guasto Pantografo,N,2022-03-08 19:08:01.721,19.0,Venezia,AT,T2_1Q2_IR,45.4827,12.2141,0,2022-03-08 19:07:42.111,0.0,1.0,0.0,0.0,0.0,1.0,0.0,8.0,0.0,0.0,23.9,24.3,24.4,24.4,3461.0,2400.0,2.0,0.0,1.0,45.4827,12.2141,250.0,0.0,2.69,2.63,2.71,2.68,2.46,2.21,2.22,2.52,2.68,2.61,2.69,2.69,2.45,2.21,2.19,2.54,0.0,3.59,True
2022-03-08 19:07:43.107,ETR700,e700_4801,150018,_CmdOpenIR_,Comando apertura IR/IP da banco,N,2022-03-08 19:07:52.572,10.0,Venezia,VEHICLE,VEHICLE,45.4827,12.2141,0,2022-03-08 19:07:42.111,0.0,1.0,0.0,0.0,0.0,1.0,0.0,8.0,0.0,0.0,23.9,24.3,24.4,24.4,3461.0,2400.0,2.0,0.0,1.0,45.4827,12.2141,250.0,0.0,2.69,2.63,2.71,2.68,2.46,2.21,2.22,2.52,2.68,2.61,2.69,2.69,2.45,2.21,2.19,2.54,0.0,3.59,False
2022-03-08 19:07:28.107,ETR700,e700_4801,151014,_DCPantoSts_,Pantografo DC alto in T2,N,2022-03-08 19:07:43.31,16.0,Venezia,VEHICLE,VEHICLE,45.4827,12.214,1,2022-03-08 19:07:28.107,0.0,1.0,0.0,0.0,0.0,1.0,0.0,0.0,0.0,0.0,24.0,24.4,24.5,24.4,0.0,2400.0,2.0,0.0,1.0,45.4827,12.214,250.0,0.0,2.69,2.63,2.71,2.68,2.46,2.21,2.22,2.53,2.69,2.61,2.69,2.69,2.46,2.21,2.2,2.54,0.0,3.6,False
2022-03-08 17:59:22.953,ETR700,e700_4801,011202,CCU_FltWtbComm,Mancata comunicazione WTB in CCU M1,N,2022-03-08 17:59:24.791,2.0,Venezia,VEHICLE,VEHICLE,45.483,12.2142,0,2022-03-08 17:59:18.148,0.0,1.0,0.0,0.0,0.0,0.0,0.0,8.0,0.0,0.0,23.5,24.0,24.1,24.1,0.0,2400.0,2.0,0.0,1.0,45.483,12.2142,250.0,0.0,2.7,2.61,2.7,2.67,2.46,2.21,2.18,2.52,2.68,2.58,2.68,2.67,2.45,2.2,2.16,2.53,0.0,8.34,False
2022-03-08 17:59:22.953,ETR700,e700_4801,011201,CCU_FltWtbR2,Mancata ricezione R2 in CCU M1,N,2022-03-08 17:59:24.791,2.0,Venezia,VEHICLE,VEHICLE,45.483,12.2142,0,2022-03-08 17:59:18.148,0.0,1.0,0.0,0.0,0.0,0.0,0.0,8.0,0.0,0.0,23.5,24.0,24.1,24.1,0.0,2400.0,2.0,0.0,1.0,45.483,12.2142,250.0,0.0,2.7,2.61,2.7,2.67,2.46,2.21,2.18,2.52,2.68,2.58,2.68,2.67,2.45,2.2,2.16,2.53,0.0,8.34,False
2022-03-08 17:59:18.349,ETR700,e700_4801,150013,_CmdPantoDw_,Comando abbassamento panto da banco,N,2022-03-08 17:59:18.949,1.0,Venezia,VEHICLE,VEHICLE,45.483,12.2142,0,2022-03-08 17:59:14.279,0.0,1.0,0.0,0.0,0.0,1.0,0.0,8.0,0.0,0.0,23.6,24.0,24.1,24.1,0.0,2400.0,2.0,0.0,1.0,45.483,12.2142,250.0,0.0,2.7,2.61,2.7,2.67,2.46,2.21,2.18,2.53,2.68,2.58,2.68,2.67,2.46,2.2,2.16,2.53,0.0,8.36,True
2022-03-08 17:59:09.549,ETR700,e700_4801,150013,_CmdPantoDw_,Comando abbassamento panto da banco,N,2022-03-08 17:59:14.279,5.0,Venezia,VEHICLE,VEHICLE,45.483,12.2142,0,2022-03-08 17:59:04.75,0.0,1.0,0.0,0.0,0.0,1.0,0.0,40.0,1.0,0.0,29.1,29.2,29.3,29.1,3585.0,2400.0,2.0,0.0,1.0,45.4829,12.2142,250.0,0.0,2.7,2.62,2.7,2.67,2.46,2.21,2.18,2.54,2.69,2.58,2.68,2.67,2.45,2.21,2.17,2.53,0.0,8.42,True
2022-03-08 17:59:08.552,ETR700,e700_4801,ILCK_PROP_21M8,ILCK_PROP_21M8,Cod. 21 AT non presente,N,2022-03-08 17:59:22.953,15.0,Venezia,MDS,MDS,45.483,12.2142,0,2022-03-08 17:59:04.75,0.0,1.0,0.0,0.0,0.0,1.0,0.0,40.0,1.0,0.0,29.1,29.2,29.3,29.1,3585.0,2400.0,2.0,0.0,1.0,45.4829,12.2142,250.0,0.0,2.7,2.62,2.7,2.67,2.46,2.21,2.18,2.54,2.69,2.58,2.68,2.67,2.45,2.21,2.17,2.53,0.0,8.42,False
2022-03-08 17:58:52.555,ETR700,e700_4801,011202,CCU_FltWtbComm,Mancata comunicazione WTB in CCU M1,N,2022-03-08 17:58:54.151,2.0,Venezia,VEHICLE,VEHICLE,45.4829,12.2142,0,2022-03-08 17:58:52.355,0.0,1.0,0.0,0.0,0.0,1.0,1.0,36.0,1.0,0.0,29.1,29.2,29.3,29.1,3603.0,2400.0,2.0,0.0,4.0,45.4829,12.2142,0.0,0.0,2.7,2.62,2.69,2.67,2.45,2.21,2.17,2.53,2.69,2.58,2.67,2.66,2.43,2.2,2.17,2.55,0.0,8.53,False
2022-03-08 17:58:52.555,ETR700,e700_4801,011200,CCU_FltWtbR1,Mancata ricezione R1 in CCU M1,N,2022-03-08 17:58:54.151,2.0,Venezia,VEHICLE,VEHICLE,45.4829,12.2142,0,2022-03-08 17:58:52.355,0.0,1.0,0.0,0.0,0.0,1.0,1.0,36.0,1.0,0.0,29.1,29.2,29.3,29.1,3603.0,2400.0,2.0,0.0,4.0,45.4829,12.2142,0.0,0.0,2.7,2.62,2.69,2.67,2.45,2.21,2.17,2.53,2.69,2.58,2.67,2.66,2.43,2.2,2.17,2.55,0.0,8.53,False
2022-03-08 17:58:52.555,ETR700,e700_4801,150006,_Running_,Stato RUNNING attivo,N,2022-03-08 17:59:24.096,32.0,Venezia,VEHICLE,VEHICLE,45.4829,12.2142,0,2022-03-08 17:58:52.355,0.0,1.0,0.0,0.0,0.0,1.0,1.0,36.0,1.0,0.0,29.1,29.2,29.3,29.1,3603.0,2400.0,2.0,0.0,4.0,45.4829,12.2142,0.0,0.0,2.7,2.62,2.69,2.67,2.45,2.21,2.17,2.53,2.69,2.58,2.67,2.66,2.43,2.2,2.17,2.55,0.0,8.53,False
2022-03-08 17:58:52.355,ETR700,e700_4801,150012,_CmdPantoUp_,Comando alzamento panto da banco,N,2022-03-08 17:59:05.553,14.0,Venezia,VEHICLE,VEHICLE,45.4829,12.2142,1,2022-03-08 17:58:52.355,0.0,1.0,0.0,0.0,0.0,1.0,1.0,36.0,1.0,0.0,29.1,29.2,29.3,29.1,3603.0,2400.0,2.0,0.0,4.0,45.4829,12.2142,0.0,0.0,2.7,2.62,2.69,2.67,2.45,2.21,2.17,2.53,2.69,2.58,2.67,2.66,2.43,2.2,2.17,2.55,0.0,8.53,False
2022-03-08 17:58:52.355,ETR700,e700_4801,ILCK_PROP_11M8,ILCK_PROP_11M8,Cod. 11 Rilascio Porte Destre Attivo,N,2022-03-08 17:59:02.552,11.0,Venezia,MDS,MDS,45.4829,12.2142,1,2022-03-08 17:58:52.355,0.0,1.0,0.0,0.0,0.0,1.0,1.0,36.0,1.0,0.0,29.1,29.2,29.3,29.1,3603.0,2400.0,2.0,0.0,4.0,45.4829,12.2142,0.0,0.0,2.7,2.62,2.69,2.67,2.45,2.21,2.17,2.53,2.69,2.58,2.67,2.66,2.43,2.2,2.17,2.55,0.0,8.53,False
2022-03-08 16:34:01.953,ETR700,e700_4801,150009,_Parking_,Stato PARKING attivo,N,2022-03-08 17:58:52.555,5091.0,Venezia,VEHICLE,VEHICLE,45.4828,12.2141,1,2022-03-08 16:34:01.953,0.0,0.0,0.0,0.0,0.0,1.0,1.0,36.0,1.0,0.0,29.1,29.2,29.3,29.1,3439.0,2400.0,2.0,0.0,4.0,45.4828,12.2141,0.0,0.0,2.7,2.63,2.7,2.66,2.46,2.2,2.17,2.53,2.68,2.61,2.68,2.67,2.46,2.2,2.16,2.55,0.0,9.25,False
2022-03-08 16:33:46.151,ETR700,e700_4801,011202,CCU_FltWtbComm,Mancata comunicazione WTB in CCU M1,N,2022-03-08 16:33:48.271,3.0,Venezia,VEHICLE,VEHICLE,45.4829,12.2141,0,2022-03-08 16:33:45.952,0.0,0.0,0.0,0.0,0.0,1.0,0.0,36.0,1.0,0.0,29.1,29.2,29.3,29.1,3524.0,2400.0,2.0,0.0,2.0,45.4829,12.2141,0.0,0.0,2.69,2.62,2.68,2.66,2.46,2.2,2.16,2.54,2.68,2.6,2.67,2.67,2.44,2.2,2.16,2.55,0.0,9.12,False
2022-03-08 16:33:46.151,ETR700,e700_4801,011200,CCU_FltWtbR1,Mancata ricezione R1 in CCU M1,N,2022-03-08 16:33:48.271,3.0,Venezia,VEHICLE,VEHICLE,45.4829,12.2141,0,2022-03-08 16:33:45.952,0.0,0.0,0.0,0.0,0.0,1.0,0.0,36.0,1.0,0.0,29.1,29.2,29.3,29.1,3524.0,2400.0,2.0,0.0,2.0,45.4829,12.2141,0.0,0.0,2.69,2.62,2.68,2.66,2.46,2.2,2.16,2.54,2.68,2.6,2.67,2.67,2.44,2.2,2.16,2.55,0.0,9.12,False
2022-03-08 16:33:46.151,ETR700,e700_4801,150012,_CmdPantoUp_,Comando alzamento panto da banco,N,2022-03-08 16:33:49.855,4.0,Venezia,VEHICLE,VEHICLE,45.4829,12.2141,0,2022-03-08 16:33:45.952,0.0,0.0,0.0,0.0,0.0,1.0,0.0,36.0,1.0,0.0,29.1,29.2,29.3,29.1,3524.0,2400.0,2.0,0.0,2.0,45.4829,12.2141,0.0,0.0,2.69,2.62,2.68,2.66,2.46,2.2,2.16,2.54,2.68,2.6,2.67,2.67,2.44,2.2,2.16,2.55,0.0,9.12,False
2022-03-08 16:17:49.952,ETR700,e700_4801,ILCK_PROP_15,ILCK_PROP_15,Cod. 15 Nessun banco abilitato,N,2022-03-08 16:33:46.151,957.0,Venezia,MDS,MDS,45.4827,12.2144,0,2022-03-08 16:17:45.147,0.0,0.0,0.0,0.0,0.0,1.0,0.0,36.0,1.0,0.0,29.1,29.2,29.3,29.1,3509.0,2400.0,2.0,0.0,2.0,45.4827,12.2144,0.0,0.0,2.69,2.62,2.68,2.66,2.46,2.2,2.16,2.54,2.68,2.6,2.67,2.68,2.44,2.19,2.15,2.56,0.0,9.17,False
2022-03-08 16:17:49.753,ETR700,e700_4801,018202,CCU_FltWtbComm,Mancata comunicazione WTB in CCU M8,N,2022-03-08 16:17:53.108,4.0,Venezia,VEHICLE,VEHICLE,45.4827,12.2144,0,2022-03-08 16:17:45.147,0.0,0.0,0.0,0.0,0.0,1.0,0.0,36.0,1.0,0.0,29.1,29.2,29.3,29.1,3509.0,2400.0,2.0,0.0,2.0,45.4827,12.2144,0.0,0.0,2.69,2.62,2.68,2.66,2.46,2.2,2.16,2.54,2.68,2.6,2.67,2.68,2.44,2.19,2.15,2.56,0.0,9.17,False
2022-03-08 16:17:49.753,ETR700,e700_4801,018201,CCU_FltWtbR2,Mancata ricezione R2 in CCU M8,N,2022-03-08 16:17:53.108,4.0,Venezia,VEHICLE,VEHICLE,45.4827,12.2144,0,2022-03-08 16:17:45.147,0.0,0.0,0.0,0.0,0.0,1.0,0.0,36.0,1.0,0.0,29.1,29.2,29.3,29.1,3509.0,2400.0,2.0,0.0,2.0,45.4827,12.2144,0.0,0.0,2.69,2.62,2.68,2.66,2.46,2.2,2.16,2.54,2.68,2.6,2.67,2.68,2.44,2.19,2.15,2.56,0.0,9.17,False
2022-03-08 16:17:47.350,ETR700,e700_4801,ILCK_PROP_11M1,ILCK_PROP_11M1,Cod. 11 Rilascio Porte Destre Attivo,N,2022-03-08 16:17:49.952,3.0,Venezia,MDS,MDS,45.4827,12.2144,0,2022-03-08 16:17:45.147,0.0,0.0,0.0,0.0,0.0,1.0,0.0,36.0,1.0,0.0,29.1,29.2,29.3,29.1,3509.0,2400.0,2.0,0.0,2.0,45.4827,12.2144,0.0,0.0,2.69,2.62,2.68,2.66,2.46,2.2,2.16,2.54,2.68,2.6,2.67,2.68,2.44,2.19,2.15,2.56,0.0,9.17,False
2022-03-08 16:17:45.356,ETR700,e700_4801,018202,CCU_FltWtbComm,Mancata comunicazione WTB in CCU M8,N,2022-03-08 16:17:46.95,2.0,Venezia,VEHICLE,VEHICLE,45.4827,12.2144,0,2022-03-08 16:17:45.147,0.0,0.0,0.0,0.0,0.0,1.0,0.0,36.0,1.0,0.0,29.1,29.2,29.3,29.1,3509.0,2400.0,2.0,0.0,2.0,45.4827,12.2144,0.0,0.0,2.69,2.62,2.68,2.66,2.46,2.2,2.16,2.54,2.68,2.6,2.67,2.68,2.44,2.19,2.15,2.56,0.0,9.17,False
2022-03-08 16:17:45.356,ETR700,e700_4801,018200,CCU_FltWtbR1,Mancata ricezione R1 in CCU M8,N,2022-03-08 16:17:46.95,2.0,Venezia,VEHICLE,VEHICLE,45.4827,12.2144,0,2022-03-08 16:17:45.147,0.0,0.0,0.0,0.0,0.0,1.0,0.0,36.0,1.0,0.0,29.1,29.2,29.3,29.1,3509.0,2400.0,2.0,0.0,2.0,45.4827,12.2144,0.0,0.0,2.69,2.62,2.68,2.66,2.46,2.2,2.16,2.54,2.68,2.6,2.67,2.68,2.44,2.19,2.15,2.56,0.0,9.17,True
2022-03-08 16:17:45.356,ETR700,e700_4801,150006,_Running_,Stato RUNNING attivo,N,2022-03-08 16:17:50.155,5.0,Venezia,VEHICLE,VEHICLE,45.4827,12.2144,0,2022-03-08 16:17:45.147,0.0,0.0,0.0,0.0,0.0,1.0,0.0,36.0,1.0,0.0,29.1,29.2,29.3,29.1,3509.0,2400.0,2.0,0.0,2.0,45.4827,12.2144,0.0,0.0,2.69,2.62,2.68,2.66,2.46,2.2,2.16,2.54,2.68,2.6,2.67,2.68,2.44,2.19,2.15,2.56,0.0,9.17,False
2022-03-08 16:14:49.150,ETR700,e700_4801,152019,_1Q21_,IR chiuso in cassa T2,N,2022-03-08 17:59:08.154,6260.0,Venezia,AT,T2_1Q2_IR,45.4831,12.214,1,2022-03-08 16:14:49.15,0.0,0.0,0.0,0.0,0.0,1.0,0.0,40.0,1.0,0.0,29.1,29.2,29.3,29.1,3335.0,2400.0,2.0,0.0,2.0,45.4831,12.214,0.0,0.0,2.69,2.62,2.68,2.66,2.46,2.2,2.16,2.55,2.68,2.6,2.67,2.68,2.44,2.19,2.16,2.57,0.0,8.77,False
2022-03-08 16:14:49.150,ETR700,e700_4801,081171,_CabDamperY5S2ntop_,Mancata apertura damper Y5_S,N,2022-03-08 16:16:06.75,78.0,Venezia,HVAC,HVAC_CAB_M1,45.4831,12.214,1,2022-03-08 16:14:49.15,0.0,0.0,0.0,0.0,0.0,1.0,0.0,40.0,1.0,0.0,29.1,29.2,29.3,29.1,3335.0,2400.0,2.0,0.0,2.0,45.4831,12.214,0.0,0.0,2.69,2.62,2.68,2.66,2.46,2.2,2.16,2.55,2.68,2.6,2.67,2.68,2.44,2.19,2.16,2.57,0.0,8.77,True
2022-03-08 16:14:49.150,ETR700,e700_4801,151014,_DCPantoSts_,Pantografo DC alto in T2,N,2022-03-08 17:59:17.75,6269.0,Venezia,VEHICLE,VEHICLE,45.4831,12.214,1,2022-03-08 16:14:49.15,0.0,0.0,0.0,0.0,0.0,1.0,0.0,40.0,1.0,0.0,29.1,29.2,29.3,29.1,3335.0,2400.0,2.0,0.0,2.0,45.4831,12.214,0.0,0.0,2.69,2.62,2.68,2.66,2.46,2.2,2.16,2.55,2.68,2.6,2.67,2.68,2.44,2.19,2.16,2.57,0.0,8.77,False
2022-03-08 16:14:49.150,ETR700,e700_4801,ILCK_PROP_15,ILCK_PROP_15,Cod. 15 Nessun banco abilitato,N,2022-03-08 16:17:45.356,177.0,Venezia,MDS,MDS,45.4831,12.214,1,2022-03-08 16:14:49.15,0.0,0.0,0.0,0.0,0.0,1.0,0.0,40.0,1.0,0.0,29.1,29.2,29.3,29.1,3335.0,2400.0,2.0,0.0,2.0,45.4831,12.214,0.0,0.0,2.69,2.62,2.68,2.66,2.46,2.2,2.16,2.55,2.68,2.6,2.67,2.68,2.44,2.19,2.16,2.57,0.0,8.77,False
2022-03-08 16:14:49.150,ETR700,e700_4801,150007,_Standby_,Stato STANDBY attivo,N,2022-03-08 16:17:45.356,177.0,Venezia,VEHICLE,VEHICLE,45.4831,12.214,1,2022-03-08 16:14:49.15,0.0,0.0,0.0,0.0,0.0,1.0,0.0,40.0,1.0,0.0,29.1,29.2,29.3,29.1,3335.0,2400.0,2.0,0.0,2.0,45.4831,12.214,0.0,0.0,2.69,2.62,2.68,2.66,2.46,2.2,2.16,2.55,2.68,2.6,2.67,2.68,2.44,2.19,2.16,2.57,0.0,8.77,False
2022-03-08 15:50:19.429,ETR700,e700_4801,011202,CCU_FltWtbComm,Mancata comunicazione WTB in CCU M1,N,2022-03-08 15:50:20.627,2.0,Venezia,VEHICLE,VEHICLE,45.4829,12.2139,1,2022-03-08 15:50:19.429,0.0,0.0,0.0,0.0,0.0,1.0,0.0,68.0,1.0,0.0,29.1,29.2,29.2,29.1,3505.0,2000.0,2.0,0.0,1.0,45.4829,12.2139,250.0,0.0,2.69,2.62,2.7,2.68,2.47,2.2,2.18,2.54,2.67,2.6,2.68,2.69,2.43,2.2,2.14,2.54,0.01,9.02,False
2022-03-08 15:50:19.429,ETR700,e700_4801,011201,CCU_FltWtbR2,Mancata ricezione R2 in CCU M1,N,2022-03-08 15:50:20.627,2.0,Venezia,VEHICLE,VEHICLE,45.4829,12.2139,1,2022-03-08 15:50:19.429,0.0,0.0,0.0,0.0,0.0,1.0,0.0,68.0,1.0,0.0,29.1,29.2,29.2,29.1,3505.0,2000.0,2.0,0.0,1.0,45.4829,12.2139,250.0,0.0,2.69,2.62,2.7,2.68,2.47,2.2,2.18,2.54,2.67,2.6,2.68,2.69,2.43,2.2,2.14,2.54,0.01,9.02,False
2022-03-08 15:47:12.633,ETR700,e700_4801,150006,_Running_,Stato RUNNING attivo,N,2022-03-08 15:50:19.632,187.0,Venezia,VEHICLE,VEHICLE,45.4828,12.214,0,2022-03-08 15:47:12.429,0.0,1.0,0.0,0.0,0.0,1.0,1.0,36.0,1.0,0.0,29.1,29.2,29.3,29.1,3543.0,2000.0,2.0,0.0,4.0,45.4828,12.214,0.0,0.0,2.7,2.62,2.67,2.65,2.46,2.19,2.16,2.53,2.68,2.59,2.66,2.64,2.44,2.19,2.15,2.53,0.0,8.5,False
2022-03-08 15:47:12.429,ETR700,e700_4801,011202,CCU_FltWtbComm,Mancata comunicazione WTB in CCU M1,N,2022-03-08 15:47:14.036,2.0,Venezia,VEHICLE,VEHICLE,45.4828,12.214,1,2022-03-08 15:47:12.429,0.0,1.0,0.0,0.0,0.0,1.0,1.0,36.0,1.0,0.0,29.1,29.2,29.3,29.1,3543.0,2000.0,2.0,0.0,4.0,45.4828,12.214,0.0,0.0,2.7,2.62,2.67,2.65,2.46,2.19,2.16,2.53,2.68,2.59,2.66,2.64,2.44,2.19,2.15,2.53,0.0,8.5,False
2022-03-08 15:47:12.429,ETR700,e700_4801,011200,CCU_FltWtbR1,Mancata ricezione R1 in CCU M1,N,2022-03-08 15:47:14.036,2.0,Venezia,VEHICLE,VEHICLE,45.4828,12.214,1,2022-03-08 15:47:12.429,0.0,1.0,0.0,0.0,0.0,1.0,1.0,36.0,1.0,0.0,29.1,29.2,29.3,29.1,3543.0,2000.0,2.0,0.0,4.0,45.4828,12.214,0.0,0.0,2.7,2.62,2.67,2.65,2.46,2.19,2.16,2.53,2.68,2.59,2.66,2.64,2.44,2.19,2.15,2.53,0.0,8.5,False
2022-03-08 15:47:12.429,ETR700,e700_4801,150012,_CmdPantoUp_,Comando alzamento panto da banco,N,2022-03-08 15:50:19.429,187.0,Venezia,VEHICLE,VEHICLE,45.4828,12.214,1,2022-03-08 15:47:12.429,0.0,1.0,0.0,0.0,0.0,1.0,1.0,36.0,1.0,0.0,29.1,29.2,29.3,29.1,3543.0,2000.0,2.0,0.0,4.0,45.4828,12.214,0.0,0.0,2.7,2.62,2.67,2.65,2.46,2.19,2.16,2.53,2.68,2.59,2.66,2.64,2.44,2.19,2.15,2.53,0.0,8.5,False
2022-03-08 15:47:12.429,ETR700,e700_4801,ILCK_PROP_11M8,ILCK_PROP_11M8,Cod. 11 Rilascio Porte Destre Attivo,N,2022-03-08 15:50:19.429,187.0,Venezia,MDS,MDS,45.4828,12.214,1,2022-03-08 15:47:12.429,0.0,1.0,0.0,0.0,0.0,1.0,1.0,36.0,1.0,0.0,29.1,29.2,29.3,29.1,3543.0,2000.0,2.0,0.0,4.0,45.4828,12.214,0.0,0.0,2.7,2.62,2.67,2.65,2.46,2.19,2.16,2.53,2.68,2.59,2.66,2.64,2.44,2.19,2.15,2.53,0.0,8.5,False
2022-03-08 11:51:50.826,ETR700,e700_4801,150009,_Parking_,Stato PARKING attivo,N,2022-03-08 15:47:12.633,14122.0,Venezia,VEHICLE,VEHICLE,45.4829,12.214,1,2022-03-08 11:51:50.826,0.0,0.0,0.0,0.0,0.0,1.0,1.0,36.0,1.0,0.0,29.1,29.3,29.3,29.2,3662.0,2000.0,2.0,0.0,4.0,45.4829,12.214,0.0,0.0,2.61,2.58,2.65,2.62,2.41,2.14,2.11,2.63,2.6,2.56,2.63,2.62,2.4,2.13,2.1,2.63,0.19,9.42,False
2022-03-08 11:51:44.829,ETR700,e700_4801,158014,_DCPantoSts_,Pantografo DC alto in T7,N,2022-03-08 15:47:20.428,14136.0,Venezia,VEHICLE,VEHICLE,45.4829,12.214,0,2022-03-08 11:51:40.227,0.0,0.0,0.0,0.0,0.0,1.0,0.0,36.0,1.0,0.0,29.1,29.3,29.3,29.2,3635.0,2000.0,2.0,0.0,1.0,45.4829,12.214,250.0,0.0,2.6,2.56,2.62,2.62,2.41,2.13,2.1,2.63,2.59,2.54,2.62,2.61,2.38,2.12,2.1,2.62,0.21,9.5,False
2022-03-08 11:51:40.830,ETR700,e700_4801,150007,_Standby_,Stato STANDBY attivo,N,2022-03-08 11:51:50.826,10.0,Venezia,VEHICLE,VEHICLE,45.4829,12.214,0,2022-03-08 11:51:40.227,0.0,0.0,0.0,0.0,0.0,1.0,0.0,36.0,1.0,0.0,29.1,29.3,29.3,29.2,3635.0,2000.0,2.0,0.0,1.0,45.4829,12.214,250.0,0.0,2.6,2.56,2.62,2.62,2.41,2.13,2.1,2.63,2.59,2.54,2.62,2.61,2.38,2.12,2.1,2.62,0.21,9.5,False
2022-03-08 11:51:40.427,ETR700,e700_4801,011202,CCU_FltWtbComm,Mancata comunicazione WTB in CCU M1,N,2022-03-08 11:51:41.751,2.0,Venezia,VEHICLE,VEHICLE,45.4829,12.214,0,2022-03-08 11:51:40.227,0.0,0.0,0.0,0.0,0.0,1.0,0.0,36.0,1.0,0.0,29.1,29.3,29.3,29.2,3635.0,2000.0,2.0,0.0,1.0,45.4829,12.214,250.0,0.0,2.6,2.56,2.62,2.62,2.41,2.13,2.1,2.63,2.59,2.54,2.62,2.61,2.38,2.12,2.1,2.62,0.21,9.5,False
2022-03-08 11:51:40.427,ETR700,e700_4801,011201,CCU_FltWtbR2,Mancata ricezione R2 in CCU M1,N,2022-03-08 11:51:41.751,2.0,Venezia,VEHICLE,VEHICLE,45.4829,12.214,0,2022-03-08 11:51:40.227,0.0,0.0,0.0,0.0,0.0,1.0,0.0,36.0,1.0,0.0,29.1,29.3,29.3,29.2,3635.0,2000.0,2.0,0.0,1.0,45.4829,12.214,250.0,0.0,2.6,2.56,2.62,2.62,2.41,2.13,2.1,2.63,2.59,2.54,2.62,2.61,2.38,2.12,2.1,2.62,0.21,9.5,False
2022-03-08 11:51:40.227,ETR700,e700_4801,ILCK_PROP_15,ILCK_PROP_15,Cod. 15 Nessun banco abilitato,N,2022-03-08 15:47:12.429,14133.0,Venezia,MDS,MDS,45.4829,12.214,1,2022-03-08 11:51:40.227,0.0,0.0,0.0,0.0,0.0,1.0,0.0,36.0,1.0,0.0,29.1,29.3,29.3,29.2,3635.0,2000.0,2.0,0.0,1.0,45.4829,12.214,250.0,0.0,2.6,2.56,2.62,2.62,2.41,2.13,2.1,2.63,2.59,2.54,2.62,2.61,2.38,2.12,2.1,2.62,0.21,9.5,False
2022-03-08 11:50:45.225,ETR700,e700_4801,ILCK_PROP_11M8,ILCK_PROP_11M8,Cod. 11 Rilascio Porte Destre Attivo,N,2022-03-08 11:51:40.227,56.0,Venezia,MDS,MDS,45.4829,12.2139,0,2022-03-08 11:50:40.233,0.0,1.0,2.0,0.0,0.0,1.0,0.0,59.0,1.0,0.0,28.9,29.0,29.1,28.7,3622.0,2000.0,2.0,0.0,1.0,45.4829,12.2139,250.0,0.0,0.01,0.0,0.0,0.0,0.0,0.0,0.0,0.0,0.01,0.0,0.0,0.0,0.0,0.0,0.0,0.0,4.95,8.66,False
2022-03-08 11:48:51.426,ETR700,e700_4801,150017,_CmdCloseIR_,Comando chiusura IR/IP da banco,N,2022-03-08 11:48:54.229,3.0,Venezia,VEHICLE,VEHICLE,45.4832,12.2159,1,2022-03-08 11:48:51.426,0.0,1.0,2.0,0.0,0.0,1.0,0.0,8.0,0.0,0.0,23.6,24.0,24.1,24.0,3624.0,2000.0,2.0,0.0,1.0,45.4832,12.2159,250.0,9.0,0.01,0.0,0.0,0.0,0.0,0.0,0.0,0.0,0.0,0.0,0.0,0.0,0.0,0.0,0.0,0.01,4.95,8.95,False
2022-03-08 11:48:05.626,ETR700,e700_4801,ILCK_PROP_21M8,ILCK_PROP_21M8,Cod. 21 AT non presente,N,2022-03-08 11:48:53.428,48.0,Venezia,MDS,MDS,45.4834,12.2173,0,2022-03-08 11:48:03.23,0.0,1.0,2.0,0.0,0.0,1.0,0.0,56.0,1.0,0.0,29.2,29.3,29.4,29.1,3535.0,2000.0,2.0,0.0,1.0,45.4835,12.2175,250.0,10.0,0.01,0.0,0.0,0.0,0.0,0.0,0.0,0.0,0.0,0.0,0.0,0.0,0.0,0.0,0.0,0.0,4.95,9.08,False
2022-03-08 11:48:05.227,ETR700,e700_4801,150016,_IRIP_OpenSts_,Nessun IR o IP chiuso,N,2022-03-08 11:48:53.22,48.0,Venezia,VEHICLE,VEHICLE,45.4835,12.2174,0,2022-03-08 11:48:03.23,0.0,1.0,2.0,0.0,0.0,1.0,0.0,56.0,1.0,0.0,29.2,29.3,29.4,29.1,3535.0,2000.0,2.0,0.0,1.0,45.4835,12.2175,250.0,10.0,0.01,0.0,0.0,0.0,0.0,0.0,0.0,0.0,0.0,0.0,0.0,0.0,0.0,0.0,0.0,0.0,4.95,9.08,False
2022-03-08 11:48:03.230,ETR700,e700_4801,150018,_CmdOpenIR_,Comando apertura IR/IP da banco,N,2022-03-08 11:48:05.027,2.0,Venezia,VEHICLE,VEHICLE,45.4835,12.2175,1,2022-03-08 11:48:03.23,0.0,1.0,2.0,0.0,0.0,1.0,0.0,56.0,1.0,0.0,29.2,29.3,29.4,29.1,3535.0,2000.0,2.0,0.0,1.0,45.4835,12.2175,250.0,10.0,0.01,0.0,0.0,0.0,0.0,0.0,0.0,0.0,0.0,0.0,0.0,0.0,0.0,0.0,0.0,0.0,4.95,9.08,False
2022-03-08 11:34:30.030,ETR700,e700_4801,ILCK_PROP_11M8,ILCK_PROP_11M8,Cod. 11 Rilascio Porte Destre Attivo,N,2022-03-08 11:35:38.841,69.0,Venezia,MDS,MDS,45.481,12.2338,0,2022-03-08 11:34:28.031,0.0,1.0,2.0,0.0,0.0,1.0,0.0,52.0,1.0,0.0,29.2,29.3,29.4,29.1,3661.0,2000.0,2.0,0.0,1.0,45.4809,12.2339,250.0,4.0,0.87,0.83,0.87,0.96,0.83,0.65,0.72,0.86,0.85,0.83,0.85,0.93,0.85,0.7,0.75,0.88,4.32,8.93,False
2022-03-08 10:56:20.421,ETR700,e700_4801,151024,_Rear_,Direzione indietro in M1,N,2022-03-08 11:51:29.829,3310.0,Venezia,VEHICLE,VEHICLE,45.4416,12.3207,0,2022-03-08 10:56:20.226,0.0,1.0,2.0,0.0,0.0,1.0,0.0,146.0,1.0,0.0,29.2,29.3,29.3,29.1,3574.0,2000.0,2.0,0.0,1.0,45.4416,12.3207,250.0,0.0,0.01,0.0,0.0,0.0,0.0,0.0,0.0,0.01,0.01,0.0,0.0,0.0,0.0,0.0,0.0,0.01,4.94,9.35,False
2022-03-08 10:56:20.226,ETR700,e700_4801,158023,_Front_,Direzione avanti in M8,N,2022-03-08 11:51:29.622,3310.0,Venezia,VEHICLE,VEHICLE,45.4416,12.3207,1,2022-03-08 10:56:20.226,0.0,1.0,2.0,0.0,0.0,1.0,0.0,146.0,1.0,0.0,29.2,29.3,29.3,29.1,3574.0,2000.0,2.0,0.0,1.0,45.4416,12.3207,250.0,0.0,0.01,0.0,0.0,0.0,0.0,0.0,0.0,0.01,0.01,0.0,0.0,0.0,0.0,0.0,0.0,0.01,4.94,9.35,False
2022-03-08 10:48:01.225,ETR700,e700_4801,152019,_1Q21_,IR chiuso in cassa T2,N,2022-03-08 11:48:05.227,3605.0,Venezia,AT,T2_1Q2_IR,45.4417,12.3206,0,2022-03-08 10:47:56.829,0.0,0.0,0.0,0.0,0.0,1.0,1.0,44.0,0.0,1.0,29.2,29.3,29.4,29.2,3584.0,2000.0,2.0,0.0,4.0,45.4417,12.3206,0.0,0.0,2.62,2.62,2.69,2.62,2.41,2.17,2.18,2.65,2.62,2.6,2.69,2.62,2.39,2.16,2.18,2.66,0.0,9.02,False
2022-03-08 10:47:57.233,ETR700,e700_4801,150006,_Running_,Stato RUNNING attivo,N,2022-03-08 11:51:40.83,3824.0,Venezia,VEHICLE,VEHICLE,45.4417,12.3206,0,2022-03-08 10:47:56.829,0.0,0.0,0.0,0.0,0.0,1.0,1.0,44.0,0.0,1.0,29.2,29.3,29.4,29.2,3584.0,2000.0,2.0,0.0,4.0,45.4417,12.3206,0.0,0.0,2.62,2.62,2.69,2.62,2.41,2.17,2.18,2.65,2.62,2.6,2.69,2.62,2.39,2.16,2.18,2.66,0.0,9.02,False
2022-03-08 10:47:57.030,ETR700,e700_4801,011202,CCU_FltWtbComm,Mancata comunicazione WTB in CCU M1,N,2022-03-08 10:47:58.622,2.0,Venezia,VEHICLE,VEHICLE,45.4417,12.3206,0,2022-03-08 10:47:56.829,0.0,0.0,0.0,0.0,0.0,1.0,1.0,44.0,0.0,1.0,29.2,29.3,29.4,29.2,3584.0,2000.0,2.0,0.0,4.0,45.4417,12.3206,0.0,0.0,2.62,2.62,2.69,2.62,2.41,2.17,2.18,2.65,2.62,2.6,2.69,2.62,2.39,2.16,2.18,2.66,0.0,9.02,False
2022-03-08 10:47:57.030,ETR700,e700_4801,011200,CCU_FltWtbR1,Mancata ricezione R1 in CCU M1,N,2022-03-08 10:47:58.622,2.0,Venezia,VEHICLE,VEHICLE,45.4417,12.3206,0,2022-03-08 10:47:56.829,0.0,0.0,0.0,0.0,0.0,1.0,1.0,44.0,0.0,1.0,29.2,29.3,29.4,29.2,3584.0,2000.0,2.0,0.0,4.0,45.4417,12.3206,0.0,0.0,2.62,2.62,2.69,2.62,2.41,2.17,2.18,2.65,2.62,2.6,2.69,2.62,2.39,2.16,2.18,2.66,0.0,9.02,False
2022-03-08 10:47:57.030,ETR700,e700_4801,150012,_CmdPantoUp_,Comando alzamento panto da banco,N,2022-03-08 11:51:40.227,3824.0,Venezia,VEHICLE,VEHICLE,45.4417,12.3206,0,2022-03-08 10:47:56.829,0.0,0.0,0.0,0.0,0.0,1.0,1.0,44.0,0.0,1.0,29.2,29.3,29.4,29.2,3584.0,2000.0,2.0,0.0,4.0,45.4417,12.3206,0.0,0.0,2.62,2.62,2.69,2.62,2.41,2.17,2.18,2.65,2.62,2.6,2.69,2.62,2.39,2.16,2.18,2.66,0.0,9.02,False
2022-03-08 10:42:38.225,ETR700,e700_4801,150009,_Parking_,Stato PARKING attivo,N,2022-03-08 10:47:57.233,320.0,Venezia,VEHICLE,VEHICLE,45.4416,12.3207,0,2022-03-08 10:42:34.226,0.0,0.0,1.0,0.0,0.0,1.0,1.0,56.0,0.0,1.0,29.2,29.2,29.3,29.2,3531.0,2000.0,2.0,0.0,2.0,45.4416,12.3207,0.0,0.0,2.62,2.61,2.69,2.63,2.42,2.17,2.18,2.66,2.6,2.59,2.69,2.62,2.41,2.17,2.18,2.65,0.28,8.38,False
2022-03-08 10:42:30.029,ETR700,e700_4801,018202,CCU_FltWtbComm,Mancata comunicazione WTB in CCU M8,N,2022-03-08 10:42:31.228,2.0,Venezia,VEHICLE,VEHICLE,45.4416,12.3207,0,2022-03-08 10:42:27.024,1.0,0.0,1.0,0.0,0.0,0.0,1.0,56.0,0.0,1.0,29.1,29.2,29.3,29.2,3540.0,2000.0,2.0,0.0,1.0,45.4416,12.3207,30.0,0.0,2.6,2.54,2.66,2.62,2.4,2.16,2.13,2.65,2.58,2.55,2.68,2.6,2.38,2.15,2.15,2.63,0.23,8.3,False
2022-03-08 10:42:30.029,ETR700,e700_4801,018201,CCU_FltWtbR2,Mancata ricezione R2 in CCU M8,N,2022-03-08 10:42:31.228,2.0,Venezia,VEHICLE,VEHICLE,45.4416,12.3207,0,2022-03-08 10:42:27.024,1.0,0.0,1.0,0.0,0.0,0.0,1.0,56.0,0.0,1.0,29.1,29.2,29.3,29.2,3540.0,2000.0,2.0,0.0,1.0,45.4416,12.3207,30.0,0.0,2.6,2.54,2.66,2.62,2.4,2.16,2.13,2.65,2.58,2.55,2.68,2.6,2.38,2.15,2.15,2.63,0.23,8.3,False
2022-03-08 10:42:30.029,ETR700,e700_4801,ILCK_PROP_15,ILCK_PROP_15,Cod. 15 Nessun banco abilitato,N,2022-03-08 10:47:57.03,328.0,Venezia,MDS,MDS,45.4416,12.3207,0,2022-03-08 10:42:27.024,1.0,0.0,1.0,0.0,0.0,0.0,1.0,56.0,0.0,1.0,29.1,29.2,29.3,29.2,3540.0,2000.0,2.0,0.0,1.0,45.4416,12.3207,30.0,0.0,2.6,2.54,2.66,2.62,2.4,2.16,2.13,2.65,2.58,2.55,2.68,2.6,2.38,2.15,2.15,2.63,0.23,8.3,False
2022-03-08 10:42:29.831,ETR700,e700_4801,150007,_Standby_,Stato STANDBY attivo,N,2022-03-08 10:42:38.225,9.0,Venezia,VEHICLE,VEHICLE,45.4416,12.3207,0,2022-03-08 10:42:27.024,1.0,0.0,1.0,0.0,0.0,0.0,1.0,56.0,0.0,1.0,29.1,29.2,29.3,29.2,3540.0,2000.0,2.0,0.0,1.0,45.4416,12.3207,30.0,0.0,2.6,2.54,2.66,2.62,2.4,2.16,2.13,2.65,2.58,2.55,2.68,2.6,2.38,2.15,2.15,2.63,0.23,8.3,False
2022-03-08 10:42:17.029,ETR700,e700_4801,ILCK_PROP_02,ILCK_PROP_02,Cod. 02 Taglio trazione comandato da RCEC,N,2022-03-08 10:48:31.227,375.0,Venezia,VEHICLE,VEHICLE,45.4416,12.3206,0,2022-03-08 10:42:12.339,1.0,0.0,1.0,0.0,0.0,0.0,1.0,56.0,0.0,1.0,29.1,29.3,29.3,29.2,3548.0,2000.0,2.0,0.0,1.0,45.4416,12.3206,30.0,0.0,1.45,1.62,1.38,1.65,1.5,2.1,1.92,1.37,1.48,1.73,1.46,1.69,1.51,2.06,1.85,1.4,3.99,8.33,False
2022-03-08 10:42:02.228,ETR700,e700_4801,ILCK_PROP_11M1,ILCK_PROP_11M1,Cod. 11 Rilascio Porte Destre Attivo,N,2022-03-08 10:42:30.029,28.0,Venezia,MDS,MDS,45.4416,12.3206,0,2022-03-08 10:41:58.434,1.0,0.0,1.0,0.0,0.0,0.0,1.0,48.0,0.0,1.0,29.1,29.3,29.4,29.2,3558.0,2000.0,2.0,0.0,1.0,45.4417,12.3206,30.0,3.0,0.49,0.48,0.49,0.48,0.51,0.46,0.48,0.49,0.51,0.5,0.48,0.49,0.48,0.51,0.52,0.49,4.46,8.44,False
2022-03-08 10:39:12.230,ETR700,e700_4801,ILCK_PROP_10,ILCK_PROP_10,Cod. 10 Nessuna velocita' impostata,N,2022-03-08 10:39:12.83,1.0,Venezia,VEHICLE,VEHICLE,45.4477,12.3101,1,2022-03-08 10:39:12.23,1.0,0.0,1.0,0.0,0.0,0.0,1.0,56.0,0.0,1.0,29.2,29.3,29.4,29.2,3449.0,2000.0,2.0,0.0,1.0,45.4477,12.3101,0.0,21.0,0.01,0.0,0.0,0.0,0.01,0.0,0.0,0.01,0.01,0.0,0.0,0.0,0.0,0.0,0.0,0.0,4.92,8.48,False
2022-03-08 10:28:02.031,ETR700,e700_4801,ILCK_PROP_10,ILCK_PROP_10,Cod. 10 Nessuna velocita' impostata,N,2022-03-08 10:28:02.631,1.0,Venezia,VEHICLE,VEHICLE,45.4836,12.2145,1,2022-03-08 10:28:02.031,1.0,0.0,1.0,0.0,0.0,0.0,1.0,-411.0,0.0,1.0,29.1,29.3,29.3,29.1,3641.0,2000.0,2.0,0.0,1.0,45.4836,12.2145,0.0,74.0,0.01,0.0,0.0,0.0,0.01,0.0,0.01,0.01,0.01,0.0,0.0,0.0,0.0,0.0,0.0,0.01,4.42,8.85,False
2022-03-08 09:27:39.232,ETR700,e700_4801,ILCK_PROP_10,ILCK_PROP_10,Cod. 10 Nessuna velocita' impostata,N,2022-03-08 09:27:40.226,1.0,Sommacampagna,VEHICLE,VEHICLE,45.4256,10.8409,1,2022-03-08 09:27:39.232,1.0,0.0,1.0,0.0,0.0,0.0,1.0,105.0,0.0,1.0,29.1,29.3,29.4,29.2,3585.0,2000.0,2.0,0.0,1.0,45.4256,10.8409,0.0,80.0,0.01,0.0,0.0,0.0,0.0,0.0,0.0,0.0,0.01,0.0,0.0,0.0,0.0,0.0,0.0,0.01,4.93,8.79,False
2022-03-08 08:59:40.431,ETR700,e700_4801,ILCK_PROP_11M1,ILCK_PROP_11M1,Cod. 11 Rilascio Porte Destre Attivo,N,2022-03-08 09:00:57.827,78.0,Brescia,MDS,MDS,45.5311,10.2158,0,2022-03-08 08:59:36.631,1.0,0.0,1.0,0.0,0.0,0.0,1.0,64.0,0.0,1.0,29.0,29.2,29.3,29.1,3642.0,2000.0,2.0,0.0,1.0,45.5311,10.2158,60.0,3.0,0.83,0.73,0.81,0.75,0.82,0.67,0.7,0.78,0.82,0.74,0.79,0.7,0.74,0.67,0.72,0.78,4.31,8.49,False
2022-03-08 08:51:43.430,ETR700,e700_4801,158014,_DCPantoSts_,Pantografo DC alto in T7,N,2022-03-08 10:48:09.226,6986.0,Rovato,VEHICLE,VEHICLE,45.5278,10.0431,0,2022-03-08 08:51:40.228,1.0,0.0,1.0,0.0,0.0,0.0,0.0,0.0,0.0,0.0,23.7,24.2,24.4,24.5,0.0,2000.0,2.0,0.0,1.0,45.5274,10.0416,160.0,155.0,0.01,0.0,0.0,0.0,0.01,0.0,0.0,0.0,0.0,0.0,0.0,0.0,0.0,0.0,0.0,0.0,4.93,9.3,False
2022-03-08 08:51:34.830,ETR700,e700_4801,150006,_Running_,Stato RUNNING attivo,N,2022-03-08 10:42:29.831,6656.0,Rovato,VEHICLE,VEHICLE,45.5267,10.0389,0,2022-03-08 08:51:30.032,1.0,0.0,1.0,0.0,0.0,0.0,0.0,0.0,0.0,0.0,23.7,24.3,24.4,24.6,0.0,2000.0,2.0,0.0,5.0,45.5261,10.0363,160.0,157.0,0.01,0.0,0.0,0.0,0.01,0.0,0.0,0.0,0.0,0.0,0.0,0.0,0.0,0.0,0.0,0.01,4.93,9.39,False
2022-03-08 08:51:27.230,ETR700,e700_4801,ILCK_IR_T2_42,ILCK_IR_T2_42,Cod 42. Pantografo DC non alto,N,2022-03-08 08:51:43.43,17.0,Rovato,AT,T2_1Q2_IR,45.5257,10.0347,0,2022-03-08 08:51:22.244,1.0,0.0,1.0,0.0,1.0,0.0,0.0,0.0,0.0,0.0,24.5,25.0,25.3,25.2,26648.0,2000.0,4.0,0.0,5.0,45.525,10.0321,160.0,158.0,0.01,0.0,0.0,0.0,0.0,0.0,0.0,0.0,0.01,0.0,0.0,0.0,0.0,0.0,0.0,0.01,4.92,9.44,True
2022-03-08 08:51:24.032,ETR700,e700_4801,150011,_PantoLowSts_,Nessun pantografo alto,N,2022-03-08 08:51:43.43,20.0,Rovato,VEHICLE,VEHICLE,45.5252,10.0332,0,2022-03-08 08:51:19.233,1.0,0.0,1.0,0.0,1.0,0.0,0.0,2.0,0.0,1.0,29.1,29.3,29.4,29.2,26626.0,2000.0,4.0,0.0,1.0,45.5246,10.0305,160.0,159.0,0.01,0.0,0.0,0.0,0.0,0.0,0.0,0.0,0.01,0.0,0.0,0.0,0.0,0.0,0.0,0.0,4.92,9.45,False
2022-03-08 08:51:21.639,ETR700,e700_4801,150010,_Poc_,Ingresso in POC,N,2022-03-08 08:51:34.83,14.0,Rovato,VEHICLE,VEHICLE,45.5248,10.0316,0,2022-03-08 08:51:17.431,1.0,0.0,1.0,0.0,1.0,0.0,0.0,42.0,0.0,1.0,29.1,29.3,29.4,29.2,26558.0,2000.0,4.0,0.0,1.0,45.5243,10.0294,160.0,159.0,0.01,0.0,0.0,0.0,0.01,0.0,0.0,0.0,0.0,0.0,0.0,0.0,0.0,0.0,0.0,0.01,4.93,9.47,False
2022-03-08 08:51:21.034,ETR700,e700_4801,ILCK_PROP_21M1,ILCK_PROP_21M1,Cod. 21 AT non presente,N,2022-03-08 08:51:53.031,32.0,Rovato,MDS,MDS,45.5248,10.0316,0,2022-03-08 08:51:17.431,1.0,0.0,1.0,0.0,1.0,0.0,0.0,42.0,0.0,1.0,29.1,29.3,29.4,29.2,26558.0,2000.0,4.0,0.0,1.0,45.5243,10.0294,160.0,159.0,0.01,0.0,0.0,0.0,0.01,0.0,0.0,0.0,0.0,0.0,0.0,0.0,0.0,0.0,0.0,0.01,4.93,9.47,False
2022-03-08 08:51:21.034,ETR700,e700_4801,150016,_IRIP_OpenSts_,Nessun IR o IP chiuso,N,2022-03-08 08:51:52.627,32.0,Rovato,VEHICLE,VEHICLE,45.5248,10.0316,0,2022-03-08 08:51:17.431,1.0,0.0,1.0,0.0,1.0,0.0,0.0,42.0,0.0,1.0,29.1,29.3,29.4,29.2,26558.0,2000.0,4.0,0.0,1.0,45.5243,10.0294,160.0,159.0,0.01,0.0,0.0,0.0,0.01,0.0,0.0,0.0,0.0,0.0,0.0,0.0,0.0,0.0,0.0,0.01,4.93,9.47,False
2022-03-08 08:51:19.233,ETR700,e700_4801,ILCK_IRIP_T2_09,ILCK_IRIP_T2_09,Cod 09. Apertura Interruttore principale da ETCS ,N,2022-03-08 08:51:24.634,6.0,Rovato,AT,T2_1Q2_IR,45.5246,10.0305,0,2022-03-08 08:51:17.431,1.0,0.0,1.0,0.0,1.0,0.0,0.0,42.0,0.0,1.0,29.1,29.3,29.4,29.2,26558.0,2000.0,4.0,0.0,1.0,45.5243,10.0294,160.0,159.0,0.01,0.0,0.0,0.0,0.01,0.0,0.0,0.0,0.0,0.0,0.0,0.0,0.0,0.0,0.0,0.01,4.93,9.47,False
2022-03-08 08:40:42.231,ETR700,e700_4801,158015,_ACPantoSts_,Pantografo AC alto in T7,N,2022-03-08 08:51:24.032,642.0,Treviglio,VEHICLE,VEHICLE,45.5102,9.5469,0,2022-03-08 08:40:37.383,1.0,0.0,1.0,0.0,0.0,0.0,0.0,0.0,0.0,0.0,23.8,24.3,24.4,24.5,1619.0,2000.0,4.0,0.0,5.0,45.5106,9.5444,200.0,176.0,0.01,0.0,0.0,0.0,0.0,0.0,0.0,0.0,0.0,0.0,0.0,0.0,0.0,0.0,0.0,0.0,4.92,8.72,True
2022-03-08 08:40:37.988,ETR700,e700_4801,150006,_Running_,Stato RUNNING attivo,N,2022-03-08 08:51:21.639,644.0,Treviglio,VEHICLE,VEHICLE,45.5106,9.5444,0,2022-03-08 08:40:37.383,1.0,0.0,1.0,0.0,0.0,0.0,0.0,0.0,0.0,0.0,23.8,24.3,24.4,24.5,1619.0,2000.0,4.0,0.0,5.0,45.5106,9.5444,200.0,176.0,0.01,0.0,0.0,0.0,0.0,0.0,0.0,0.0,0.0,0.0,0.0,0.0,0.0,0.0,0.0,0.0,4.92,8.72,False
2022-03-08 08:40:22.835,ETR700,e700_4801,ILCK_PROP_21M1,ILCK_PROP_21M1,Cod. 21 AT non presente,N,2022-03-08 08:40:49.234,27.0,Treviglio,MDS,MDS,45.5114,9.5351,0,2022-03-08 08:40:18.233,1.0,0.0,1.0,0.0,0.0,0.0,1.0,60.0,0.0,1.0,29.1,29.3,29.4,29.2,3537.0,2000.0,2.0,0.0,1.0,45.5115,9.5319,200.0,180.0,0.01,0.0,0.0,0.0,0.0,0.0,0.0,0.0,0.0,0.0,0.0,0.0,0.0,0.0,0.0,0.0,4.92,8.72,False
2022-03-08 08:40:22.835,ETR700,e700_4801,150010,_Poc_,Ingresso in POC,N,2022-03-08 08:40:37.988,16.0,Treviglio,VEHICLE,VEHICLE,45.5114,9.5351,0,2022-03-08 08:40:18.233,1.0,0.0,1.0,0.0,0.0,0.0,1.0,60.0,0.0,1.0,29.1,29.3,29.4,29.2,3537.0,2000.0,2.0,0.0,1.0,45.5115,9.5319,200.0,180.0,0.01,0.0,0.0,0.0,0.0,0.0,0.0,0.0,0.0,0.0,0.0,0.0,0.0,0.0,0.0,0.0,4.92,8.72,False
2022-03-08 08:40:22.436,ETR700,e700_4801,150016,_IRIP_OpenSts_,Nessun IR o IP chiuso,N,2022-03-08 08:40:48.832,27.0,Treviglio,VEHICLE,VEHICLE,45.5114,9.5344,0,2022-03-08 08:40:18.233,1.0,0.0,1.0,0.0,0.0,0.0,1.0,60.0,0.0,1.0,29.1,29.3,29.4,29.2,3537.0,2000.0,2.0,0.0,1.0,45.5115,9.5319,200.0,180.0,0.01,0.0,0.0,0.0,0.0,0.0,0.0,0.0,0.0,0.0,0.0,0.0,0.0,0.0,0.0,0.0,4.92,8.72,False
2022-03-08 08:40:20.828,ETR700,e700_4801,ILCK_IRIP_T2_09,ILCK_IRIP_T2_09,Cod 09. Apertura Interruttore principale da ETCS ,N,2022-03-08 08:40:27.032,7.0,Treviglio,AT,T2_1Q2_IR,45.5114,9.5338,0,2022-03-08 08:40:18.233,1.0,0.0,1.0,0.0,0.0,0.0,1.0,60.0,0.0,1.0,29.1,29.3,29.4,29.2,3537.0,2000.0,2.0,0.0,1.0,45.5115,9.5319,200.0,180.0,0.01,0.0,0.0,0.0,0.0,0.0,0.0,0.0,0.0,0.0,0.0,0.0,0.0,0.0,0.0,0.0,4.92,8.72,False
2022-03-08 08:28:20.832,ETR700,e700_4801,ILCK_PROP_10,ILCK_PROP_10,Cod. 10 Nessuna velocita' impostata,N,2022-03-08 08:28:21.431,1.0,Milano,VEHICLE,VEHICLE,45.4942,9.229,0,2022-03-08 08:28:16.435,1.0,0.0,1.0,0.0,0.0,0.0,1.0,72.0,0.0,1.0,29.1,29.3,29.3,29.2,3514.0,2000.0,2.0,0.0,1.0,45.4945,9.2287,80.0,40.0,2.23,2.31,2.37,2.35,2.19,2.11,2.37,2.45,2.27,2.29,2.36,2.35,2.17,2.07,2.24,2.47,3.98,8.05,False
2022-03-08 08:23:10.226,ETR700,e700_4801,ILCK_PROP_10,ILCK_PROP_10,Cod. 10 Nessuna velocita' impostata,N,2022-03-08 08:23:11.029,1.0,Milano,VEHICLE,VEHICLE,45.4884,9.2069,0,2022-03-08 08:23:08.835,1.0,0.0,1.0,0.0,0.0,0.0,1.0,261.0,0.0,1.0,29.0,29.3,29.3,29.2,3429.0,2400.0,2.0,0.0,1.0,45.4883,9.2067,250.0,28.0,0.01,0.0,0.0,0.0,0.0,0.0,0.0,0.0,0.0,0.0,0.0,0.0,0.0,0.0,0.0,0.0,4.92,9.15,False
2022-03-08 08:14:46.628,ETR700,e700_4801,158024,_Rear_,Direzione indietro in M8,N,2022-03-08 10:42:05.228,8839.0,Milano,VEHICLE,VEHICLE,45.4877,9.2061,0,2022-03-08 08:14:46.429,1.0,0.0,1.0,0.0,0.0,0.0,1.0,93.0,0.0,1.0,29.1,29.2,29.3,29.2,3414.0,2400.0,2.0,0.0,1.0,45.4877,9.2061,250.0,0.0,0.49,0.49,0.46,0.39,0.43,0.48,0.52,0.46,0.5,0.51,0.52,0.43,0.49,0.49,0.47,0.51,4.44,8.17,False
2022-03-08 08:14:46.429,ETR700,e700_4801,151023,_Front_,Direzione avanti in M1,N,2022-03-08 10:42:05.228,8839.0,Milano,VEHICLE,VEHICLE,45.4877,9.2061,1,2022-03-08 08:14:46.429,1.0,0.0,1.0,0.0,0.0,0.0,1.0,93.0,0.0,1.0,29.1,29.2,29.3,29.2,3414.0,2400.0,2.0,0.0,1.0,45.4877,9.2061,250.0,0.0,0.49,0.49,0.46,0.39,0.43,0.48,0.52,0.46,0.5,0.51,0.52,0.43,0.49,0.49,0.47,0.51,4.44,8.17,False
2022-03-08 08:10:38.632,ETR700,e700_4801,150006,_Running_,Stato RUNNING attivo,N,2022-03-08 08:40:22.835,1785.0,Milano,VEHICLE,VEHICLE,45.4877,9.2061,0,2022-03-08 08:10:36.226,0.0,0.0,0.0,0.0,0.0,1.0,1.0,90.0,1.0,0.0,29.1,29.3,29.4,29.2,3394.0,2400.0,2.0,0.0,2.0,45.4877,9.2061,0.0,0.0,2.64,2.59,2.69,2.61,2.41,2.21,2.1,2.68,2.63,2.58,2.68,2.61,2.4,2.21,2.1,2.69,0.0,8.61,False
2022-03-08 08:10:38.430,ETR700,e700_4801,018202,CCU_FltWtbComm,Mancata comunicazione WTB in CCU M8,N,2022-03-08 08:10:41.641,4.0,Milano,VEHICLE,VEHICLE,45.4877,9.2061,0,2022-03-08 08:10:36.226,0.0,0.0,0.0,0.0,0.0,1.0,1.0,90.0,1.0,0.0,29.1,29.3,29.4,29.2,3394.0,2400.0,2.0,0.0,2.0,45.4877,9.2061,0.0,0.0,2.64,2.59,2.69,2.61,2.41,2.21,2.1,2.68,2.63,2.58,2.68,2.61,2.4,2.21,2.1,2.69,0.0,8.61,False
2022-03-08 08:10:38.430,ETR700,e700_4801,018200,CCU_FltWtbR1,Mancata ricezione R1 in CCU M8,N,2022-03-08 08:10:41.641,4.0,Milano,VEHICLE,VEHICLE,45.4877,9.2061,0,2022-03-08 08:10:36.226,0.0,0.0,0.0,0.0,0.0,1.0,1.0,90.0,1.0,0.0,29.1,29.3,29.4,29.2,3394.0,2400.0,2.0,0.0,2.0,45.4877,9.2061,0.0,0.0,2.64,2.59,2.69,2.61,2.41,2.21,2.1,2.68,2.63,2.58,2.68,2.61,2.4,2.21,2.1,2.69,0.0,8.61,True
2022-03-08 08:10:36.226,ETR700,e700_4801,150007,_Standby_,Stato STANDBY attivo,N,2022-03-08 08:10:38.632,3.0,Milano,VEHICLE,VEHICLE,45.4877,9.2061,1,2022-03-08 08:10:36.226,0.0,0.0,0.0,0.0,0.0,1.0,1.0,90.0,1.0,0.0,29.1,29.3,29.4,29.2,3394.0,2400.0,2.0,0.0,2.0,45.4877,9.2061,0.0,0.0,2.64,2.59,2.69,2.61,2.41,2.21,2.1,2.68,2.63,2.58,2.68,2.61,2.4,2.21,2.1,2.69,0.0,8.61,False
2022-03-08 08:03:59.431,ETR700,e700_4801,150009,_Parking_,Stato PARKING attivo,N,2022-03-08 08:10:36.226,397.0,Milano,VEHICLE,VEHICLE,45.4877,9.2061,0,2022-03-08 08:03:55.222,0.0,0.0,0.0,0.0,0.0,1.0,1.0,80.0,1.0,0.0,29.1,29.3,29.4,29.2,3425.0,2400.0,2.0,0.0,2.0,45.4877,9.2061,0.0,0.0,2.62,2.58,2.69,2.62,2.41,2.21,2.09,2.69,2.61,2.56,2.68,2.62,2.4,2.21,2.09,2.68,0.5,9.04,False
2022-03-08 08:03:55.222,ETR700,e700_4801,158014,_DCPantoSts_,Pantografo DC alto in T7,N,2022-03-08 08:40:33.307,2199.0,Milano,VEHICLE,VEHICLE,45.4877,9.2061,0,2022-03-08 08:03:50.827,0.0,0.0,0.0,0.0,0.0,1.0,0.0,90.0,1.0,0.0,29.1,29.3,29.3,29.2,3443.0,2400.0,2.0,0.0,1.0,45.4878,9.2061,250.0,0.0,2.62,2.57,2.68,2.62,2.4,2.21,2.08,2.68,2.6,2.56,2.68,2.61,2.37,2.2,2.08,2.67,0.52,8.96,False
2022-03-08 08:03:51.231,ETR700,e700_4801,150007,_Standby_,Stato STANDBY attivo,N,2022-03-08 08:03:59.431,9.0,Milano,VEHICLE,VEHICLE,45.4878,9.2061,0,2022-03-08 08:03:50.827,0.0,0.0,0.0,0.0,0.0,1.0,0.0,90.0,1.0,0.0,29.1,29.3,29.3,29.2,3443.0,2400.0,2.0,0.0,1.0,45.4878,9.2061,250.0,0.0,2.62,2.57,2.68,2.62,2.4,2.21,2.08,2.68,2.6,2.56,2.68,2.61,2.37,2.2,2.08,2.67,0.52,8.96,False
2022-03-08 08:03:50.827,ETR700,e700_4801,011202,CCU_FltWtbComm,Mancata comunicazione WTB in CCU M1,N,2022-03-08 08:03:52.228,2.0,Milano,VEHICLE,VEHICLE,45.4878,9.2061,1,2022-03-08 08:03:50.827,0.0,0.0,0.0,0.0,0.0,1.0,0.0,90.0,1.0,0.0,29.1,29.3,29.3,29.2,3443.0,2400.0,2.0,0.0,1.0,45.4878,9.2061,250.0,0.0,2.62,2.57,2.68,2.62,2.4,2.21,2.08,2.68,2.6,2.56,2.68,2.61,2.37,2.2,2.08,2.67,0.52,8.96,False
2022-03-08 08:03:50.827,ETR700,e700_4801,011201,CCU_FltWtbR2,Mancata ricezione R2 in CCU M1,N,2022-03-08 08:03:52.228,2.0,Milano,VEHICLE,VEHICLE,45.4878,9.2061,1,2022-03-08 08:03:50.827,0.0,0.0,0.0,0.0,0.0,1.0,0.0,90.0,1.0,0.0,29.1,29.3,29.3,29.2,3443.0,2400.0,2.0,0.0,1.0,45.4878,9.2061,250.0,0.0,2.62,2.57,2.68,2.62,2.4,2.21,2.08,2.68,2.6,2.56,2.68,2.61,2.37,2.2,2.08,2.67,0.52,8.96,False
2022-03-08 08:03:50.827,ETR700,e700_4801,ILCK_PROP_15,ILCK_PROP_15,Cod. 15 Nessun banco abilitato,N,2022-03-08 08:10:38.43,408.0,Milano,MDS,MDS,45.4878,9.2061,1,2022-03-08 08:03:50.827,0.0,0.0,0.0,0.0,0.0,1.0,0.0,90.0,1.0,0.0,29.1,29.3,29.3,29.2,3443.0,2400.0,2.0,0.0,1.0,45.4878,9.2061,250.0,0.0,2.62,2.57,2.68,2.62,2.4,2.21,2.08,2.68,2.6,2.56,2.68,2.61,2.37,2.2,2.08,2.67,0.52,8.96,False
2022-03-08 08:03:09.828,ETR700,e700_4801,ILCK_PROP_02,ILCK_PROP_02,Cod. 02 Taglio trazione comandato da RCEC,N,2022-03-08 08:13:57.227,648.0,Milano,VEHICLE,VEHICLE,45.4878,9.2062,0,2022-03-08 08:03:06.033,0.0,1.0,2.0,0.0,0.0,1.0,0.0,98.0,1.0,0.0,29.1,29.3,29.4,29.1,3403.0,2400.0,2.0,0.0,1.0,45.4878,9.2062,250.0,0.0,2.37,2.28,2.62,2.46,2.2,1.96,1.89,2.52,2.3,2.29,2.61,2.44,2.17,1.95,1.88,2.53,0.35,7.84,False
2022-03-08 08:02:56.436,ETR700,e700_4801,ILCK_PROP_11M8,ILCK_PROP_11M8,Cod. 11 Rilascio Porte Destre Attivo,N,2022-03-08 08:03:50.827,55.0,Milano,MDS,MDS,45.4877,9.2062,0,2022-03-08 08:02:51.633,0.0,1.0,2.0,0.0,0.0,1.0,0.0,102.0,1.0,0.0,29.1,29.3,29.3,29.1,3407.0,2400.0,2.0,0.0,1.0,45.4877,9.2062,250.0,3.0,0.53,0.52,0.52,0.56,0.52,0.52,0.53,0.52,0.52,0.51,0.5,0.56,0.53,0.48,0.52,0.52,4.43,8.06,False
2022-03-08 07:46:11.234,ETR700,e700_4801,158023,_Front_,Direzione avanti in M8,N,2022-03-08 08:03:03.232,1012.0,Milano,VEHICLE,VEHICLE,45.4983,9.2169,1,2022-03-08 07:46:11.234,0.0,1.0,2.0,0.0,0.0,1.0,0.0,118.0,1.0,0.0,29.2,29.3,29.4,29.2,3447.0,2400.0,2.0,0.0,1.0,45.4983,9.2169,250.0,0.0,0.12,0.11,0.13,0.13,0.2,0.12,0.13,0.15,0.1,0.1,0.12,0.12,0.2,0.11,0.16,0.16,4.54,9.08,False
2022-03-08 07:46:11.234,ETR700,e700_4801,151024,_Rear_,Direzione indietro in M1,N,2022-03-08 08:03:03.232,1012.0,Milano,VEHICLE,VEHICLE,45.4983,9.2169,1,2022-03-08 07:46:11.234,0.0,1.0,2.0,0.0,0.0,1.0,0.0,118.0,1.0,0.0,29.2,29.3,29.4,29.2,3447.0,2400.0,2.0,0.0,1.0,45.4983,9.2169,250.0,0.0,0.12,0.11,0.13,0.13,0.2,0.12,0.13,0.15,0.1,0.1,0.12,0.12,0.2,0.11,0.16,0.16,4.54,9.08,False
2022-03-08 07:23:27.831,ETR700,e700_4801,ILCK_PROP_11M8,ILCK_PROP_11M8,Cod. 11 Rilascio Porte Destre Attivo,N,2022-03-08 07:24:23.628,56.0,Milano,MDS,MDS,45.4983,9.2169,1,2022-03-08 07:23:27.831,0.0,1.0,2.0,0.0,0.0,1.0,0.0,72.0,1.0,0.0,28.9,29.1,29.1,28.9,3459.0,2400.0,2.0,0.0,1.0,45.4983,9.2169,250.0,0.0,0.52,0.5,0.5,0.55,0.51,0.5,0.52,0.52,0.51,0.51,0.49,0.55,0.51,0.49,0.51,0.52,4.42,8.58,False
2022-03-08 07:16:20.832,ETR700,e700_4801,151024,_Rear_,Direzione indietro in M1,N,2022-03-08 07:30:24.628,844.0,Milano,VEHICLE,VEHICLE,45.499,9.2177,0,2022-03-08 07:16:20.43,0.0,1.0,2.0,0.0,0.0,1.0,0.0,76.0,1.0,0.0,28.9,29.0,29.1,28.7,3415.0,2400.0,2.0,0.0,1.0,45.499,9.2177,250.0,0.0,0.18,0.21,0.21,0.25,0.2,0.23,0.21,0.2,0.14,0.19,0.2,0.21,0.19,0.22,0.29,0.2,4.46,8.81,False
2022-03-08 07:16:20.430,ETR700,e700_4801,158023,_Front_,Direzione avanti in M8,N,2022-03-08 07:30:24.628,845.0,Milano,VEHICLE,VEHICLE,45.499,9.2177,1,2022-03-08 07:16:20.43,0.0,1.0,2.0,0.0,0.0,1.0,0.0,76.0,1.0,0.0,28.9,29.0,29.1,28.7,3415.0,2400.0,2.0,0.0,1.0,45.499,9.2177,250.0,0.0,0.18,0.21,0.21,0.25,0.2,0.23,0.21,0.2,0.14,0.19,0.2,0.21,0.19,0.22,0.29,0.2,4.46,8.81,False
2022-03-08 07:03:38.230,ETR700,e700_4801,158023,_Front_,Direzione avanti in M8,N,2022-03-08 07:04:11.628,34.0,Milano,VEHICLE,VEHICLE,45.499,9.2177,1,2022-03-08 07:03:38.23,0.0,1.0,2.0,0.0,0.0,1.0,0.0,138.0,1.0,0.0,28.7,28.8,28.9,28.6,3479.0,2400.0,2.0,0.0,1.0,45.499,9.2177,250.0,0.0,0.01,0.0,0.0,0.0,0.0,0.0,0.0,0.0,0.0,0.0,0.0,0.0,0.0,0.0,0.0,0.0,4.92,8.95,False
2022-03-08 07:03:38.230,ETR700,e700_4801,151024,_Rear_,Direzione indietro in M1,N,2022-03-08 07:04:11.832,34.0,Milano,VEHICLE,VEHICLE,45.499,9.2177,1,2022-03-08 07:03:38.23,0.0,1.0,2.0,0.0,0.0,1.0,0.0,138.0,1.0,0.0,28.7,28.8,28.9,28.6,3479.0,2400.0,2.0,0.0,1.0,45.499,9.2177,250.0,0.0,0.01,0.0,0.0,0.0,0.0,0.0,0.0,0.0,0.0,0.0,0.0,0.0,0.0,0.0,0.0,0.0,4.92,8.95,False
2022-03-08 07:03:18.427,ETR700,e700_4801,ILCK_PROP_11M8,ILCK_PROP_11M8,Cod. 11 Rilascio Porte Destre Attivo,N,2022-03-08 07:03:48.827,31.0,Milano,MDS,MDS,45.499,9.2177,1,2022-03-08 07:03:18.427,0.0,1.0,2.0,0.0,0.0,1.0,0.0,60.0,1.0,0.0,28.7,28.9,28.9,28.6,3525.0,2400.0,2.0,0.0,1.0,45.499,9.2177,250.0,0.0,0.01,0.0,0.0,0.0,0.0,0.0,0.0,0.0,0.0,0.0,0.0,0.0,0.0,0.0,0.0,0.0,4.92,9.03,False
2022-03-08 06:50:12.830,ETR700,e700_4801,ILCK_PROP_11M8,ILCK_PROP_11M8,Cod. 11 Rilascio Porte Destre Attivo,N,2022-03-08 06:53:47.027,215.0,Milano,MDS,MDS,45.4991,9.2177,0,2022-03-08 06:50:11.828,0.0,1.0,2.0,0.0,0.0,1.0,0.0,130.0,1.0,0.0,28.7,28.8,28.9,28.6,3441.0,2400.0,2.0,0.0,1.0,45.4991,9.2177,250.0,0.0,0.01,0.0,0.0,0.0,0.0,0.0,0.0,0.0,0.0,0.0,0.0,0.0,0.0,0.0,0.0,0.0,4.68,9.42,False
2022-03-08 06:47:29.433,ETR700,e700_4801,152019,_1Q21_,IR chiuso in cassa T2,N,2022-03-08 08:10:43.624,4995.0,Milano,AT,T2_1Q2_IR,45.499,9.2177,0,2022-03-08 06:47:24.631,0.0,0.0,0.0,0.0,0.0,1.0,1.0,114.0,0.0,1.0,28.7,28.8,28.9,28.6,3475.0,2400.0,2.0,0.0,4.0,45.499,9.2177,0.0,0.0,2.65,2.62,2.73,2.59,2.43,2.15,2.09,2.62,2.65,2.6,2.71,2.6,2.4,2.15,2.09,2.64,0.04,8.91,False
2022-03-08 06:47:25.033,ETR700,e700_4801,150006,_Running_,Stato RUNNING attivo,N,2022-03-08 08:03:51.231,4587.0,Milano,VEHICLE,VEHICLE,45.499,9.2177,0,2022-03-08 06:47:24.631,0.0,0.0,0.0,0.0,0.0,1.0,1.0,114.0,0.0,1.0,28.7,28.8,28.9,28.6,3475.0,2400.0,2.0,0.0,4.0,45.499,9.2177,0.0,0.0,2.65,2.62,2.73,2.59,2.43,2.15,2.09,2.62,2.65,2.6,2.71,2.6,2.4,2.15,2.09,2.64,0.04,8.91,False
2022-03-08 06:47:24.831,ETR700,e700_4801,150012,_CmdPantoUp_,Comando alzamento panto da banco,N,2022-03-08 08:03:50.827,4586.0,Milano,VEHICLE,VEHICLE,45.499,9.2177,0,2022-03-08 06:47:24.631,0.0,0.0,0.0,0.0,0.0,1.0,1.0,114.0,0.0,1.0,28.7,28.8,28.9,28.6,3475.0,2400.0,2.0,0.0,4.0,45.499,9.2177,0.0,0.0,2.65,2.62,2.73,2.59,2.43,2.15,2.09,2.62,2.65,2.6,2.71,2.6,2.4,2.15,2.09,2.64,0.04,8.91,False
2022-03-08 06:47:24.631,ETR700,e700_4801,011202,CCU_FltWtbComm,Mancata comunicazione WTB in CCU M1,N,2022-03-08 06:47:28.551,4.0,Milano,VEHICLE,VEHICLE,45.499,9.2177,1,2022-03-08 06:47:24.631,0.0,0.0,0.0,0.0,0.0,1.0,1.0,114.0,0.0,1.0,28.7,28.8,28.9,28.6,3475.0,2400.0,2.0,0.0,4.0,45.499,9.2177,0.0,0.0,2.65,2.62,2.73,2.59,2.43,2.15,2.09,2.62,2.65,2.6,2.71,2.6,2.4,2.15,2.09,2.64,0.04,8.91,False
2022-03-08 06:47:24.631,ETR700,e700_4801,011200,CCU_FltWtbR1,Mancata ricezione R1 in CCU M1,N,2022-03-08 06:47:28.551,4.0,Milano,VEHICLE,VEHICLE,45.499,9.2177,1,2022-03-08 06:47:24.631,0.0,0.0,0.0,0.0,0.0,1.0,1.0,114.0,0.0,1.0,28.7,28.8,28.9,28.6,3475.0,2400.0,2.0,0.0,4.0,45.499,9.2177,0.0,0.0,2.65,2.62,2.73,2.59,2.43,2.15,2.09,2.62,2.65,2.6,2.71,2.6,2.4,2.15,2.09,2.64,0.04,8.91,False
2022-03-08 06:42:39.830,ETR700,e700_4801,150009,_Parking_,Stato PARKING attivo,N,2022-03-08 06:47:25.033,286.0,Milano,VEHICLE,VEHICLE,45.499,9.2177,0,2022-03-08 06:42:35.629,0.0,0.0,0.0,0.0,0.0,1.0,1.0,158.0,0.0,1.0,28.7,28.7,28.7,28.5,3426.0,2400.0,2.0,0.0,2.0,45.499,9.2177,0.0,0.0,2.63,2.61,2.71,2.59,2.42,2.13,2.09,2.63,2.62,2.59,2.69,2.59,2.4,2.13,2.09,2.62,0.53,8.42,False
2022-03-08 06:42:35.629,ETR700,e700_4801,151014,_DCPantoSts_,Pantografo DC alto in T2,N,2022-03-08 08:10:51.428,5296.0,Milano,VEHICLE,VEHICLE,45.499,9.2177,0,2022-03-08 06:42:31.032,0.0,0.0,0.0,0.0,0.0,0.0,1.0,162.0,0.0,1.0,28.7,28.7,28.8,28.5,3423.0,2400.0,2.0,0.0,1.0,45.499,9.2177,250.0,0.0,2.62,2.59,2.69,2.59,2.42,2.12,2.06,2.62,2.61,2.58,2.69,2.57,2.38,2.11,2.08,2.6,0.85,8.45,False
2022-03-08 06:42:31.233,ETR700,e700_4801,150007,_Standby_,Stato STANDBY attivo,N,2022-03-08 06:42:39.83,9.0,Milano,VEHICLE,VEHICLE,45.499,9.2177,0,2022-03-08 06:42:27.83,1.0,0.0,0.0,0.0,0.0,0.0,1.0,158.0,0.0,1.0,28.7,28.7,28.7,28.5,3419.0,2400.0,2.0,0.0,1.0,45.499,9.2177,250.0,0.0,2.6,2.58,2.68,2.58,2.4,2.1,2.06,2.61,2.59,2.56,2.69,2.55,2.37,2.1,2.08,2.59,0.76,8.52,False
2022-03-08 06:42:31.032,ETR700,e700_4801,018202,CCU_FltWtbComm,Mancata comunicazione WTB in CCU M8,N,2022-03-08 06:42:32.631,2.0,Milano,VEHICLE,VEHICLE,45.499,9.2177,0,2022-03-08 06:42:27.83,1.0,0.0,0.0,0.0,0.0,0.0,1.0,158.0,0.0,1.0,28.7,28.7,28.7,28.5,3419.0,2400.0,2.0,0.0,1.0,45.499,9.2177,250.0,0.0,2.6,2.58,2.68,2.58,2.4,2.1,2.06,2.61,2.59,2.56,2.69,2.55,2.37,2.1,2.08,2.59,0.76,8.52,False
2022-03-08 06:42:31.032,ETR700,e700_4801,018201,CCU_FltWtbR2,Mancata ricezione R2 in CCU M8,N,2022-03-08 06:42:32.631,2.0,Milano,VEHICLE,VEHICLE,45.499,9.2177,0,2022-03-08 06:42:27.83,1.0,0.0,0.0,0.0,0.0,0.0,1.0,158.0,0.0,1.0,28.7,28.7,28.7,28.5,3419.0,2400.0,2.0,0.0,1.0,45.499,9.2177,250.0,0.0,2.6,2.58,2.68,2.58,2.4,2.1,2.06,2.61,2.59,2.56,2.69,2.55,2.37,2.1,2.08,2.59,0.76,8.52,False
2022-03-08 06:42:31.032,ETR700,e700_4801,ILCK_PROP_15,ILCK_PROP_15,Cod. 15 Nessun banco abilitato,N,2022-03-08 06:47:24.831,294.0,Milano,MDS,MDS,45.499,9.2177,0,2022-03-08 06:42:27.83,1.0,0.0,0.0,0.0,0.0,0.0,1.0,158.0,0.0,1.0,28.7,28.7,28.7,28.5,3419.0,2400.0,2.0,0.0,1.0,45.499,9.2177,250.0,0.0,2.6,2.58,2.68,2.58,2.4,2.1,2.06,2.61,2.59,2.56,2.69,2.55,2.37,2.1,2.08,2.59,0.76,8.52,False
2022-03-08 06:22:46.229,ETR700,e700_4801,ILCK_PROP_11M1,ILCK_PROP_11M1,Cod. 11 Rilascio Porte Destre Attivo,N,2022-03-08 06:38:54.028,968.0,Milano,MDS,MDS,45.499,9.2177,0,2022-03-08 06:22:45.627,1.0,0.0,1.0,0.0,0.0,0.0,1.0,162.0,0.0,1.0,27.7,27.6,27.6,27.3,3427.0,2400.0,2.0,0.0,1.0,45.499,9.2177,250.0,0.0,0.02,0.0,0.0,0.0,0.01,0.0,0.0,0.0,0.01,0.0,0.01,0.01,0.01,0.0,0.0,0.01,4.93,9.32,False
2022-03-08 06:15:25.824,ETR700,e700_4801,088172,_CabDamperY5S2ntcl_,Mancata chiusura damper Y5_S,N,2022-03-08 06:16:18.629,53.0,Milano,HVAC,HVAC_CAB_M8,45.499,9.2177,1,2022-03-08 06:15:25.824,1.0,0.0,0.0,0.0,0.0,0.0,1.0,48.0,0.0,1.0,27.0,26.8,26.7,26.4,3452.0,2400.0,2.0,0.0,1.0,45.499,9.2177,250.0,0.0,2.63,2.58,2.65,1.17,0.61,2.15,0.74,2.31,2.62,2.57,2.65,1.17,0.6,2.15,0.73,2.3,0.0,1.09,True
2022-03-08 06:15:13.838,ETR700,e700_4801,081171,_CabDamperY5S2ntop_,Mancata apertura damper Y5_S,N,2022-03-08 12:30:14.026,22501.0,Milano,HVAC,HVAC_CAB_M1,45.499,9.2177,1,2022-03-08 06:15:13.838,1.0,0.0,0.0,0.0,0.0,0.0,1.0,40.0,0.0,1.0,26.9,26.7,26.7,26.3,3456.0,2400.0,2.0,0.0,1.0,45.499,9.2177,250.0,0.0,2.63,2.58,2.66,1.17,0.35,2.15,0.15,2.31,2.62,2.56,2.65,1.17,0.34,2.15,0.15,2.3,0.0,0.27,True
2022-03-08 06:14:31.028,ETR700,e700_4801,150025,_9S13_,Pressione CP sotto 7.5 bar in M1 (press. 9S13),N,2022-03-08 06:19:32.027,301.0,Milano,VEHICLE,VEHICLE,45.499,9.2177,1,2022-03-08 06:14:31.028,1.0,0.0,0.0,0.0,0.0,0.0,1.0,20.0,0.0,1.0,22.5,22.8,22.9,22.8,3465.0,2400.0,2.0,0.0,1.0,45.499,9.2177,250.0,0.0,2.63,2.58,2.66,1.17,0.35,2.15,0.0,2.32,2.61,2.56,2.65,1.17,0.34,2.15,0.0,2.31,0.0,0.01,True
2022-03-08 06:14:31.028,ETR700,e700_4801,158014,_DCPantoSts_,Pantografo DC alto in T7,N,2022-03-08 06:47:36.426,1986.0,Milano,VEHICLE,VEHICLE,45.499,9.2177,1,2022-03-08 06:14:31.028,1.0,0.0,0.0,0.0,0.0,0.0,1.0,20.0,0.0,1.0,22.5,22.8,22.9,22.8,3465.0,2400.0,2.0,0.0,1.0,45.499,9.2177,250.0,0.0,2.63,2.58,2.66,1.17,0.35,2.15,0.0,2.32,2.61,2.56,2.65,1.17,0.34,2.15,0.0,2.31,0.0,0.01,False
2022-03-08 06:14:31.028,ETR700,e700_4801,ILCK_PROP_02,ILCK_PROP_02,Cod. 02 Taglio trazione comandato da RCEC,N,2022-03-08 06:52:06.627,2256.0,Milano,VEHICLE,VEHICLE,45.499,9.2177,1,2022-03-08 06:14:31.028,1.0,0.0,0.0,0.0,0.0,0.0,1.0,20.0,0.0,1.0,22.5,22.8,22.9,22.8,3465.0,2400.0,2.0,0.0,1.0,45.499,9.2177,250.0,0.0,2.63,2.58,2.66,1.17,0.35,2.15,0.0,2.32,2.61,2.56,2.65,1.17,0.34,2.15,0.0,2.31,0.0,0.01,False
2022-03-08 06:14:31.028,ETR700,e700_4801,150004,_LineVoltType_,Selezionata tensione 3 kV,N,2022-03-08 08:40:33.307,8763.0,Milano,VEHICLE,VEHICLE,45.499,9.2177,1,2022-03-08 06:14:31.028,1.0,0.0,0.0,0.0,0.0,0.0,1.0,20.0,0.0,1.0,22.5,22.8,22.9,22.8,3465.0,2400.0,2.0,0.0,1.0,45.499,9.2177,250.0,0.0,2.63,2.58,2.66,1.17,0.35,2.15,0.0,2.32,2.61,2.56,2.65,1.17,0.34,2.15,0.0,2.31,0.0,0.01,True
2022-03-08 06:14:31.028,ETR700,e700_4801,150006,_Running_,Stato RUNNING attivo,N,2022-03-08 06:42:31.233,1681.0,Milano,VEHICLE,VEHICLE,45.499,9.2177,1,2022-03-08 06:14:31.028,1.0,0.0,0.0,0.0,0.0,0.0,1.0,20.0,0.0,1.0,22.5,22.8,22.9,22.8,3465.0,2400.0,2.0,0.0,1.0,45.499,9.2177,250.0,0.0,2.63,2.58,2.66,1.17,0.35,2.15,0.0,2.32,2.61,2.56,2.65,1.17,0.34,2.15,0.0,2.31,0.0,0.01,False
2022-03-07 22:00:29.798,ETR700,e700_4801,018202,CCU_FltWtbComm,Mancata comunicazione WTB in CCU M8,N,2022-03-07 22:00:31.599,2.0,Milano,VEHICLE,VEHICLE,45.499,9.2177,0,2022-03-07 22:00:29.195,1.0,0.0,0.0,0.0,0.0,0.0,0.0,8.0,0.0,0.0,23.3,23.8,23.9,23.9,0.0,1800.0,2.0,0.0,1.0,45.499,9.2177,250.0,0.0,2.66,2.61,2.61,2.7,2.41,2.16,2.15,2.62,2.63,2.58,2.62,2.69,2.39,2.15,2.15,2.63,0.41,8.48,False
2022-03-07 22:00:29.798,ETR700,e700_4801,018201,CCU_FltWtbR2,Mancata ricezione R2 in CCU M8,N,2022-03-07 22:00:31.599,2.0,Milano,VEHICLE,VEHICLE,45.499,9.2177,0,2022-03-07 22:00:29.195,1.0,0.0,0.0,0.0,0.0,0.0,0.0,8.0,0.0,0.0,23.3,23.8,23.9,23.9,0.0,1800.0,2.0,0.0,1.0,45.499,9.2177,250.0,0.0,2.66,2.61,2.61,2.7,2.41,2.16,2.15,2.62,2.63,2.58,2.62,2.69,2.39,2.15,2.15,2.63,0.41,8.48,False
2022-03-07 22:00:11.400,ETR700,e700_4801,150013,_CmdPantoDw_,Comando abbassamento panto da banco,N,2022-03-07 22:00:13.996,3.0,Milano,VEHICLE,VEHICLE,45.499,9.2177,0,2022-03-07 22:00:07.198,1.0,0.0,0.0,0.0,0.0,0.0,1.0,8.0,0.0,0.0,23.5,23.9,24.0,24.1,3552.0,1800.0,2.0,0.0,1.0,45.499,9.2177,250.0,0.0,2.65,2.61,2.61,2.69,2.41,2.16,2.15,2.62,2.63,2.58,2.62,2.69,2.38,2.15,2.15,2.63,0.41,8.56,True
2022-03-07 21:59:56.600,ETR700,e700_4801,ILCK_PROP_21M1,ILCK_PROP_21M1,Cod. 21 AT non presente,N,2022-03-07 22:00:30.004,34.0,Milano,MDS,MDS,45.499,9.2177,0,2022-03-07 21:59:54.6,1.0,0.0,0.0,0.0,0.0,0.0,1.0,56.0,0.0,1.0,29.1,29.3,29.4,29.2,3542.0,1800.0,2.0,0.0,1.0,45.499,9.2177,250.0,0.0,2.65,2.61,2.61,2.7,2.41,2.16,2.15,2.61,2.63,2.58,2.62,2.69,2.39,2.15,2.15,2.63,0.41,8.6,False
2022-03-07 21:59:54.600,ETR700,e700_4801,150018,_CmdOpenIR_,Comando apertura IR/IP da banco,N,2022-03-07 21:59:57.577,3.0,Milano,VEHICLE,VEHICLE,45.499,9.2177,1,2022-03-07 21:59:54.6,1.0,0.0,0.0,0.0,0.0,0.0,1.0,56.0,0.0,1.0,29.1,29.3,29.4,29.2,3542.0,1800.0,2.0,0.0,1.0,45.499,9.2177,250.0,0.0,2.65,2.61,2.61,2.7,2.41,2.16,2.15,2.61,2.63,2.58,2.62,2.69,2.39,2.15,2.15,2.63,0.41,8.6,False
2022-03-07 21:34:28.798,ETR700,e700_4801,151023,_Front_,Direzione avanti in M1,N,2022-03-07 21:39:50.801,323.0,Milano,VEHICLE,VEHICLE,45.4878,9.2063,0,2022-03-07 21:34:24.2,1.0,0.0,1.0,0.0,0.0,0.0,1.0,60.0,0.0,1.0,29.1,29.3,29.4,29.2,3526.0,1800.0,2.0,0.0,1.0,45.4878,9.2063,250.0,0.0,0.01,0.0,0.0,0.0,0.0,0.0,0.0,0.0,0.01,0.0,0.0,0.0,0.0,0.0,0.0,0.0,4.95,9.23,False
2022-03-07 21:34:28.597,ETR700,e700_4801,158024,_Rear_,Direzione indietro in M8,N,2022-03-07 21:39:51.002,323.0,Milano,VEHICLE,VEHICLE,45.4878,9.2063,0,2022-03-07 21:34:24.2,1.0,0.0,1.0,0.0,0.0,0.0,1.0,60.0,0.0,1.0,29.1,29.3,29.4,29.2,3526.0,1800.0,2.0,0.0,1.0,45.4878,9.2063,250.0,0.0,0.01,0.0,0.0,0.0,0.0,0.0,0.0,0.0,0.01,0.0,0.0,0.0,0.0,0.0,0.0,0.0,4.95,9.23,False
2022-03-07 21:29:31.604,ETR700,e700_4801,018202,CCU_FltWtbComm,Mancata comunicazione WTB in CCU M8,N,2022-03-07 21:29:33.401,2.0,Milano,VEHICLE,VEHICLE,45.4876,9.2062,0,2022-03-07 21:29:28.998,0.0,0.0,0.0,0.0,0.0,1.0,1.0,68.0,1.0,0.0,29.2,29.3,29.4,29.2,3464.0,1800.0,2.0,0.0,2.0,45.4876,9.2062,0.0,0.0,2.65,2.62,2.83,2.73,2.42,2.26,2.32,2.76,2.64,2.58,2.81,2.74,2.4,2.26,2.33,2.77,0.0,8.77,False
2022-03-07 21:29:31.604,ETR700,e700_4801,018200,CCU_FltWtbR1,Mancata ricezione R1 in CCU M8,N,2022-03-07 21:29:33.401,2.0,Milano,VEHICLE,VEHICLE,45.4876,9.2062,0,2022-03-07 21:29:28.998,0.0,0.0,0.0,0.0,0.0,1.0,1.0,68.0,1.0,0.0,29.2,29.3,29.4,29.2,3464.0,1800.0,2.0,0.0,2.0,45.4876,9.2062,0.0,0.0,2.65,2.62,2.83,2.73,2.42,2.26,2.32,2.76,2.64,2.58,2.81,2.74,2.4,2.26,2.33,2.77,0.0,8.77,True
2022-03-07 21:29:31.604,ETR700,e700_4801,150006,_Running_,Stato RUNNING attivo,N,2022-03-07 22:00:29.599,1858.0,Milano,VEHICLE,VEHICLE,45.4876,9.2062,0,2022-03-07 21:29:28.998,0.0,0.0,0.0,0.0,0.0,1.0,1.0,68.0,1.0,0.0,29.2,29.3,29.4,29.2,3464.0,1800.0,2.0,0.0,2.0,45.4876,9.2062,0.0,0.0,2.65,2.62,2.83,2.73,2.42,2.26,2.32,2.76,2.64,2.58,2.81,2.74,2.4,2.26,2.33,2.77,0.0,8.77,False
2022-03-07 21:29:28.998,ETR700,e700_4801,150007,_Standby_,Stato STANDBY attivo,N,2022-03-07 21:29:31.604,3.0,Milano,VEHICLE,VEHICLE,45.4876,9.2062,1,2022-03-07 21:29:28.998,0.0,0.0,0.0,0.0,0.0,1.0,1.0,68.0,1.0,0.0,29.2,29.3,29.4,29.2,3464.0,1800.0,2.0,0.0,2.0,45.4876,9.2062,0.0,0.0,2.65,2.62,2.83,2.73,2.42,2.26,2.32,2.76,2.64,2.58,2.81,2.74,2.4,2.26,2.33,2.77,0.0,8.77,False
2022-03-07 21:22:21.802,ETR700,e700_4801,011202,CCU_FltWtbComm,Mancata comunicazione WTB in CCU M1,N,2022-03-07 21:22:23.593,2.0,Milano,VEHICLE,VEHICLE,45.4876,9.2059,0,2022-03-07 21:22:17.601,0.0,1.0,2.0,0.0,0.0,1.0,0.0,76.0,1.0,0.0,29.1,29.3,29.3,29.1,3495.0,1800.0,2.0,0.0,1.0,45.4876,9.2059,30.0,0.0,2.62,2.53,2.82,2.75,2.42,2.24,2.24,2.77,2.6,2.5,2.8,2.73,2.38,2.23,2.26,2.76,0.2,8.15,False
2022-03-07 21:22:21.802,ETR700,e700_4801,011201,CCU_FltWtbR2,Mancata ricezione R2 in CCU M1,N,2022-03-07 21:22:23.593,2.0,Milano,VEHICLE,VEHICLE,45.4876,9.2059,0,2022-03-07 21:22:17.601,0.0,1.0,2.0,0.0,0.0,1.0,0.0,76.0,1.0,0.0,29.1,29.3,29.3,29.1,3495.0,1800.0,2.0,0.0,1.0,45.4876,9.2059,30.0,0.0,2.62,2.53,2.82,2.75,2.42,2.24,2.24,2.77,2.6,2.5,2.8,2.73,2.38,2.23,2.26,2.76,0.2,8.15,False
2022-03-07 21:22:21.802,ETR700,e700_4801,ILCK_PROP_15,ILCK_PROP_15,Cod. 15 Nessun banco abilitato,N,2022-03-07 21:29:31.604,430.0,Milano,MDS,MDS,45.4876,9.2059,0,2022-03-07 21:22:17.601,0.0,1.0,2.0,0.0,0.0,1.0,0.0,76.0,1.0,0.0,29.1,29.3,29.3,29.1,3495.0,1800.0,2.0,0.0,1.0,45.4876,9.2059,30.0,0.0,2.62,2.53,2.82,2.75,2.42,2.24,2.24,2.77,2.6,2.5,2.8,2.73,2.38,2.23,2.26,2.76,0.2,8.15,False
2022-03-07 21:22:04.400,ETR700,e700_4801,ILCK_PROP_02,ILCK_PROP_02,Cod. 02 Taglio trazione comandato da RCEC,N,2022-03-07 21:34:34.4,750.0,Milano,VEHICLE,VEHICLE,45.4877,9.2061,0,2022-03-07 21:21:59.405,0.0,1.0,2.0,0.0,0.0,1.0,0.0,77.0,1.0,0.0,29.1,29.2,29.3,29.1,3511.0,1800.0,2.0,0.0,1.0,45.4878,9.2061,30.0,0.0,0.57,0.72,0.84,0.68,0.77,0.72,0.81,0.78,0.64,0.8,0.93,0.78,0.86,0.85,0.82,0.85,4.46,7.99,False
2022-03-07 21:21:56.003,ETR700,e700_4801,ILCK_PROP_11M8,ILCK_PROP_11M8,Cod. 11 Rilascio Porte Destre Attivo,N,2022-03-07 21:22:21.802,26.0,Milano,MDS,MDS,45.4878,9.2062,0,2022-03-07 21:21:51.007,0.0,1.0,2.0,0.0,0.0,1.0,0.0,68.0,1.0,0.0,29.1,29.3,29.3,29.1,3531.0,1800.0,2.0,0.0,1.0,45.4879,9.2063,30.0,4.0,0.12,0.07,0.08,0.1,0.09,0.1,0.1,0.1,0.1,0.07,0.09,0.09,0.1,0.09,0.12,0.1,4.75,8.06,False
2022-03-07 21:14:09.407,ETR700,e700_4801,ILCK_PROP_10,ILCK_PROP_10,Cod. 10 Nessuna velocita' impostata,N,2022-03-07 21:14:11.203,2.0,Milano,VEHICLE,VEHICLE,45.488,9.2345,0,2022-03-07 21:14:06.8,0.0,1.0,2.0,0.0,0.0,1.0,0.0,-138.0,1.0,0.0,29.1,29.3,29.3,29.1,3578.0,1800.0,2.0,0.0,1.0,45.4878,9.2347,85.0,33.0,0.63,0.6,0.6,0.59,0.7,0.64,0.7,0.69,0.6,0.6,0.6,0.6,0.64,0.63,0.68,0.7,4.49,8.26,False
2022-03-07 21:00:51.600,ETR700,e700_4801,152019,_1Q21_,IR chiuso in cassa T2,N,2022-03-07 21:29:37.001,1726.0,Truccazzano,AT,T2_1Q2_IR,45.5088,9.512,0,2022-03-07 21:00:49.997,0.0,1.0,2.0,0.0,0.0,1.0,0.0,8.0,0.0,0.0,23.3,23.7,23.7,23.7,3686.0,1800.0,2.0,0.0,1.0,45.5091,9.5133,200.0,186.0,0.0,0.0,0.0,0.0,0.0,0.0,0.0,0.0,0.0,0.0,0.0,0.0,0.0,0.0,0.0,0.0,4.96,8.7,False
2022-03-07 21:00:49.997,ETR700,e700_4801,150017,_CmdCloseIR_,Comando chiusura IR/IP da banco,N,2022-03-07 21:00:52.397,3.0,Truccazzano,VEHICLE,VEHICLE,45.5091,9.5133,1,2022-03-07 21:00:49.997,0.0,1.0,2.0,0.0,0.0,1.0,0.0,8.0,0.0,0.0,23.3,23.7,23.7,23.7,3686.0,1800.0,2.0,0.0,1.0,45.5091,9.5133,200.0,186.0,0.0,0.0,0.0,0.0,0.0,0.0,0.0,0.0,0.0,0.0,0.0,0.0,0.0,0.0,0.0,0.0,4.96,8.7,False
2022-03-07 21:00:16.601,ETR700,e700_4801,151014,_DCPantoSts_,Pantografo DC alto in T2,N,2022-03-07 21:29:44.599,1768.0,Treviglio,VEHICLE,VEHICLE,45.5114,9.5353,0,2022-03-07 21:00:12.797,0.0,1.0,2.0,0.0,0.0,0.0,0.0,0.0,0.0,0.0,23.5,23.9,24.0,23.9,0.0,1800.0,2.0,0.0,1.0,45.5113,9.5381,200.0,195.0,0.0,0.0,0.0,0.0,0.0,0.0,0.0,0.0,0.0,0.0,0.0,0.0,0.0,0.0,0.0,0.0,4.96,8.88,False
2022-03-07 21:00:10.000,ETR700,e700_4801,ILCK_PROP_06,ILCK_PROP_06,Cod. 06 Errata Manovra nella Gestione Poc,N,2022-03-07 21:00:10.599,1.0,Treviglio,VEHICLE,VEHICLE,45.5111,9.5401,0,2022-03-07 21:00:05.289,0.0,1.0,2.0,0.0,0.0,0.0,0.0,0.0,0.0,0.0,23.5,23.9,24.0,24.0,0.0,1800.0,2.0,0.0,5.0,45.5107,9.5429,200.0,197.0,0.0,0.0,0.0,0.0,0.0,0.0,0.0,0.0,0.0,0.0,0.0,0.0,0.0,0.0,0.0,0.0,4.96,8.96,True
2022-03-07 21:00:09.601,ETR700,e700_4801,150006,_Running_,Stato RUNNING attivo,N,2022-03-07 21:22:22.197,1333.0,Treviglio,VEHICLE,VEHICLE,45.5111,9.5401,0,2022-03-07 21:00:04.605,0.0,1.0,2.0,0.0,0.0,0.0,0.0,0.0,0.0,0.0,23.5,24.0,24.0,24.0,0.0,1800.0,2.0,0.0,5.0,45.5107,9.5436,200.0,197.0,0.0,0.0,0.0,0.0,0.0,0.0,0.0,0.0,0.0,0.0,0.0,0.0,0.0,0.0,0.0,0.0,4.96,8.96,False
2022-03-07 21:00:04.605,ETR700,e700_4801,ILCK_IR_T7_42,ILCK_IR_T7_42,Cod 42. Pantografo DC non alto,N,2022-03-07 21:00:16.601,12.0,Treviglio,AT,T2_1Q2_IR,45.5107,9.5436,0,2022-03-07 21:00:00.999,0.0,1.0,2.0,0.0,0.0,0.0,0.0,0.0,0.0,0.0,23.6,24.0,24.1,24.0,1568.0,1800.0,4.0,0.0,5.0,45.5102,9.5463,200.0,197.0,0.0,0.0,0.0,0.0,0.0,0.0,0.0,0.0,0.0,0.0,0.0,0.0,0.0,0.0,0.0,0.0,4.96,8.98,True
2022-03-07 20:59:57.596,ETR700,e700_4801,150011,_PantoLowSts_,Nessun pantografo alto,N,2022-03-07 21:00:16.601,20.0,Treviglio,VEHICLE,VEHICLE,45.5099,9.5483,0,2022-03-07 20:59:53.803,0.0,1.0,2.0,1.0,0.0,0.0,0.0,8.0,1.0,0.0,29.1,29.3,29.4,29.2,26973.0,1800.0,4.0,0.0,1.0,45.5094,9.5511,200.0,199.0,0.0,0.0,0.0,0.0,0.0,0.0,0.0,0.0,0.0,0.0,0.0,0.0,0.0,0.0,0.0,0.0,4.96,9.01,False
2022-03-07 20:59:56.139,ETR700,e700_4801,ILCK_PROP_21M8,ILCK_PROP_21M8,Cod. 21 AT non presente,N,2022-03-07 21:00:51.997,56.0,Treviglio,MDS,MDS,45.5096,9.5497,0,2022-03-07 20:59:51.201,0.0,1.0,2.0,1.0,0.0,0.0,0.0,99.0,1.0,0.0,29.1,29.3,29.3,29.2,26929.0,1800.0,4.0,0.0,1.0,45.5091,9.5531,200.0,199.0,0.0,0.0,0.0,0.0,0.0,0.0,0.0,0.0,0.0,0.0,0.0,0.0,0.0,0.0,0.0,0.0,4.96,9.02,False
2022-03-07 20:59:55.603,ETR700,e700_4801,150016,_IRIP_OpenSts_,Nessun IR o IP chiuso,N,2022-03-07 21:00:51.6,56.0,Treviglio,VEHICLE,VEHICLE,45.5096,9.5497,0,2022-03-07 20:59:51.201,0.0,1.0,2.0,1.0,0.0,0.0,0.0,99.0,1.0,0.0,29.1,29.3,29.3,29.2,26929.0,1800.0,4.0,0.0,1.0,45.5091,9.5531,200.0,199.0,0.0,0.0,0.0,0.0,0.0,0.0,0.0,0.0,0.0,0.0,0.0,0.0,0.0,0.0,0.0,0.0,4.96,9.02,False
2022-03-07 20:59:55.207,ETR700,e700_4801,150010,_Poc_,Ingresso in POC,N,2022-03-07 21:00:09.601,15.0,Treviglio,VEHICLE,VEHICLE,45.5095,9.5504,0,2022-03-07 20:59:50.598,0.0,1.0,2.0,1.0,0.0,0.0,0.0,98.0,1.0,0.0,29.1,29.3,29.3,29.2,26898.0,1800.0,4.0,0.0,1.0,45.5091,9.5531,200.0,199.0,0.0,0.0,0.0,0.0,0.0,0.0,0.0,0.0,0.0,0.0,0.0,0.0,0.0,0.0,0.0,0.0,4.96,9.03,False
2022-03-07 20:59:53.803,ETR700,e700_4801,ILCK_IRIP_T7_09,ILCK_IRIP_T7_09,Cod 09. Apertura Interruttore principale da ETCS ,N,2022-03-07 20:59:58.203,5.0,Treviglio,AT,T2_1Q2_IR,45.5094,9.5511,0,2022-03-07 20:59:49.601,0.0,1.0,2.0,1.0,0.0,0.0,0.0,96.0,1.0,0.0,29.1,29.3,29.4,29.2,26898.0,1800.0,4.0,0.0,1.0,45.5089,9.5538,200.0,199.0,0.0,0.0,0.0,0.0,0.0,0.0,0.0,0.0,0.0,0.0,0.0,0.0,0.0,0.0,0.0,0.0,4.96,9.03,False
2022-03-07 20:49:46.997,ETR700,e700_4801,EVT_IR_T2_41,EVT_IR_T2_41,Cod 41. Line Voltage Type non 3KV,N,2022-03-07 20:49:48.403,2.0,Rovato,AT,T2_1Q2_IR,45.5221,10.0163,0,2022-03-07 20:49:46.395,0.0,1.0,2.0,1.0,0.0,0.0,0.0,0.0,0.0,0.0,23.5,23.8,23.9,23.7,27090.0,1800.0,4.0,0.0,1.0,45.522,10.0168,155.0,148.0,0.01,0.0,0.0,0.0,0.0,0.0,0.0,0.0,0.0,0.0,0.0,0.0,0.0,0.0,0.0,0.0,4.96,8.39,True
2022-03-07 20:49:46.605,ETR700,e700_4801,150017,_CmdCloseIR_,Comando chiusura IR/IP da banco,N,2022-03-07 20:49:48.0,2.0,Rovato,VEHICLE,VEHICLE,45.522,10.0168,0,2022-03-07 20:49:46.395,0.0,1.0,2.0,1.0,0.0,0.0,0.0,0.0,0.0,0.0,23.5,23.8,23.9,23.7,27090.0,1800.0,4.0,0.0,1.0,45.522,10.0168,155.0,148.0,0.01,0.0,0.0,0.0,0.0,0.0,0.0,0.0,0.0,0.0,0.0,0.0,0.0,0.0,0.0,0.0,4.96,8.39,False
2022-03-07 20:49:16.002,ETR700,e700_4801,151015,_ACPantoSts_,Pantografo AC alto in T2,N,2022-03-07 20:59:57.596,642.0,Rovato,VEHICLE,VEHICLE,45.525,10.032,0,2022-03-07 20:49:11.598,0.0,1.0,2.0,0.0,0.0,0.0,0.0,0.0,0.0,0.0,23.6,23.9,24.0,23.9,1858.0,1800.0,4.0,0.0,1.0,45.5256,10.0346,155.0,154.0,0.01,0.0,0.0,0.0,0.0,0.0,0.0,0.0,0.0,0.0,0.0,0.0,0.0,0.0,0.0,0.0,4.96,8.51,True
2022-03-07 20:49:08.691,ETR700,e700_4801,150006,_Running_,Stato RUNNING attivo,N,2022-03-07 20:59:55.207,647.0,Rovato,VEHICLE,VEHICLE,45.526,10.0361,0,2022-03-07 20:49:06.035,0.0,1.0,2.0,0.0,0.0,0.0,0.0,0.0,0.0,0.0,23.6,23.9,24.0,23.9,1656.0,1800.0,4.0,0.0,5.0,45.5264,10.0377,155.0,155.0,0.01,0.0,0.0,0.0,0.0,0.0,0.0,0.0,0.0,0.0,0.0,0.0,0.0,0.0,0.0,0.0,4.96,8.54,False
2022-03-07 20:49:03.345,ETR700,e700_4801,ILCK_IR_T2_41,ILCK_IR_T2_41,Cod 41. Line Voltage Type non 3KV,N,2022-03-07 21:00:04.605,662.0,Rovato,AT,T2_1Q2_IR,45.5266,10.0387,0,2022-03-07 20:48:58.397,0.0,1.0,2.0,0.0,0.0,1.0,0.0,8.0,0.0,0.0,23.6,23.9,24.0,23.9,0.0,1800.0,2.0,0.0,5.0,45.5272,10.0408,155.0,156.0,0.01,0.0,0.0,0.0,0.0,0.0,0.0,0.0,0.0,0.0,0.0,0.0,0.0,0.0,0.0,0.0,4.96,8.58,True
2022-03-07 20:49:03.345,ETR700,e700_4801,150005,_LineVoltType_,Selezionata tensione 25 kV,N,2022-03-07 21:00:04.605,662.0,Rovato,VEHICLE,VEHICLE,45.5266,10.0387,0,2022-03-07 20:48:58.397,0.0,1.0,2.0,0.0,0.0,1.0,0.0,8.0,0.0,0.0,23.6,23.9,24.0,23.9,0.0,1800.0,2.0,0.0,5.0,45.5272,10.0408,155.0,156.0,0.01,0.0,0.0,0.0,0.0,0.0,0.0,0.0,0.0,0.0,0.0,0.0,0.0,0.0,0.0,0.0,4.96,8.58,True
2022-03-07 20:48:56.757,ETR700,e700_4801,ILCK_PROP_21M8,ILCK_PROP_21M8,Cod. 21 AT non presente,N,2022-03-07 20:49:46.605,50.0,Rovato,MDS,MDS,45.5274,10.0419,0,2022-03-07 20:48:53.404,0.0,1.0,2.0,0.0,0.0,1.0,0.0,89.0,1.0,0.0,29.1,29.3,29.3,29.1,3583.0,1800.0,2.0,0.0,1.0,45.5281,10.0445,155.0,156.0,0.01,0.0,0.0,0.0,0.0,0.0,0.0,0.0,0.0,0.0,0.0,0.0,0.0,0.0,0.0,0.01,4.96,8.6,False
2022-03-07 20:48:55.206,ETR700,e700_4801,150016,_IRIP_OpenSts_,Nessun IR o IP chiuso,N,2022-03-07 20:49:46.605,52.0,Rovato,VEHICLE,VEHICLE,45.5277,10.0429,0,2022-03-07 20:48:50.6,0.0,1.0,2.0,0.0,0.0,1.0,0.0,-162.0,1.0,0.0,29.1,29.3,29.3,29.0,3650.0,1800.0,2.0,0.0,1.0,45.5283,10.0455,155.0,157.0,0.01,0.0,0.0,0.0,0.0,0.0,0.0,0.0,0.0,0.0,0.0,0.0,0.0,0.0,0.0,0.0,4.96,8.61,False
2022-03-07 20:48:55.206,ETR700,e700_4801,150010,_Poc_,Ingresso in POC,N,2022-03-07 20:49:08.691,14.0,Rovato,VEHICLE,VEHICLE,45.5277,10.0429,0,2022-03-07 20:48:50.6,0.0,1.0,2.0,0.0,0.0,1.0,0.0,-162.0,1.0,0.0,29.1,29.3,29.3,29.0,3650.0,1800.0,2.0,0.0,1.0,45.5283,10.0455,155.0,157.0,0.01,0.0,0.0,0.0,0.0,0.0,0.0,0.0,0.0,0.0,0.0,0.0,0.0,0.0,0.0,0.0,4.96,8.61,False
2022-03-07 20:48:53.404,ETR700,e700_4801,ILCK_IRIP_T7_09,ILCK_IRIP_T7_09,Cod 09. Apertura Interruttore principale da ETCS ,N,2022-03-07 20:48:58.205,5.0,Rovato,AT,T2_1Q2_IR,45.5281,10.0445,0,2022-03-07 20:48:49.398,0.0,1.0,2.0,0.0,0.0,1.0,0.0,-252.0,1.0,0.0,29.1,29.2,29.3,29.0,3678.0,1800.0,2.0,0.0,1.0,45.5286,10.0466,155.0,157.0,0.01,0.0,0.0,0.0,0.0,0.0,0.0,0.0,0.0,0.0,0.0,0.0,0.0,0.0,0.0,0.0,4.96,8.62,False
2022-03-07 20:39:50.802,ETR700,e700_4801,ILCK_PROP_11M8,ILCK_PROP_11M8,Cod. 11 Rilascio Porte Destre Attivo,N,2022-03-07 20:40:38.799,48.0,Brescia,MDS,MDS,45.531,10.2153,0,2022-03-07 20:39:47.404,0.0,1.0,2.0,0.0,0.0,1.0,0.0,88.0,1.0,0.0,29.1,29.2,29.3,29.1,3584.0,1800.0,2.0,0.0,1.0,45.531,10.2154,55.0,4.0,1.47,1.39,1.49,1.55,1.42,1.23,1.27,1.5,1.46,1.4,1.53,1.44,1.36,1.22,1.33,1.47,4.19,8.46,False
2022-03-07 20:36:49.604,ETR700,e700_4801,ILCK_PROP_10,ILCK_PROP_10,Cod. 10 Nessuna velocita' impostata,N,2022-03-07 20:36:50.202,1.0,Brescia,VEHICLE,VEHICLE,45.5291,10.2464,0,2022-03-07 20:36:45.005,0.0,1.0,2.0,0.0,0.0,1.0,0.0,-281.0,1.0,0.0,29.1,29.3,29.3,29.1,3672.0,1800.0,2.0,0.0,1.0,45.5291,10.2473,150.0,62.0,0.01,0.0,0.0,0.0,0.0,0.0,0.0,0.0,0.01,0.0,0.0,0.0,0.0,0.0,0.0,0.01,4.44,9.34,False
2022-03-07 20:18:05.202,ETR700,e700_4801,ILCK_PROP_11M8,ILCK_PROP_11M8,Cod. 11 Rilascio Porte Destre Attivo,N,2022-03-07 20:18:43.998,39.0,Peschiera del Garda,MDS,MDS,45.4389,10.7032,0,2022-03-07 20:18:00.206,0.0,1.0,2.0,0.0,0.0,1.0,0.0,89.0,1.0,0.0,29.1,29.3,29.3,29.1,3521.0,1800.0,2.0,0.0,1.0,45.4389,10.7032,150.0,2.0,0.52,0.42,0.43,0.48,0.53,0.45,0.44,0.45,0.49,0.45,0.47,0.52,0.49,0.47,0.43,0.47,4.64,8.55,False
2022-03-07 19:58:43.001,ETR700,e700_4801,ILCK_PROP_10,ILCK_PROP_10,Cod. 10 Nessuna velocita' impostata,N,2022-03-07 19:58:47.204,5.0,Verona,VEHICLE,VEHICLE,45.4324,11.009,0,2022-03-07 19:58:39.798,0.0,1.0,2.0,0.0,0.0,1.0,0.0,71.0,1.0,0.0,29.1,29.3,29.3,29.1,3425.0,1800.0,2.0,0.0,1.0,45.433,11.0096,180.0,71.0,0.01,0.0,0.0,0.0,0.01,0.0,0.0,0.0,0.01,0.0,0.0,0.0,0.0,0.0,0.0,0.01,4.95,8.96,False
2022-03-07 19:28:55.205,ETR700,e700_4801,150025,_9S13_,Pressione CP sotto 7.5 bar in M1 (press. 9S13),N,2022-03-07 19:29:54.2,59.0,Vicenza,VEHICLE,VEHICLE,45.541,11.5518,0,2022-03-07 19:28:51.205,0.0,1.0,2.0,0.0,0.0,1.0,0.0,68.0,1.0,0.0,29.1,29.2,29.3,29.1,3589.0,1800.0,2.0,0.0,1.0,45.5412,11.5526,160.0,67.0,0.01,0.0,0.0,0.0,0.05,0.0,0.0,0.01,0.0,0.0,0.0,0.0,0.04,0.0,0.0,0.01,4.96,7.8,True
2022-03-07 19:10:49.601,ETR700,e700_4801,ILCK_PROP_10,ILCK_PROP_10,Cod. 10 Nessuna velocita' impostata,N,2022-03-07 19:10:50.003,1.0,Padova,VEHICLE,VEHICLE,45.4264,11.9331,0,2022-03-07 19:10:45.003,0.0,1.0,2.0,0.0,0.0,1.0,0.0,72.0,1.0,0.0,29.1,29.3,29.4,29.1,3581.0,1800.0,2.0,0.0,1.0,45.4267,11.9348,220.0,119.0,0.04,0.0,0.01,0.05,0.06,0.02,0.04,0.05,0.02,0.0,0.01,0.02,0.04,0.02,0.06,0.05,4.68,8.76,False
2022-03-07 18:54:49.997,ETR700,e700_4801,158023,_Front_,Direzione avanti in M8,N,2022-03-07 21:22:17.601,8848.0,Venezia,VEHICLE,VEHICLE,45.4816,12.2336,1,2022-03-07 18:54:49.997,0.0,1.0,0.0,0.0,0.0,1.0,0.0,60.0,1.0,0.0,29.1,29.3,29.3,29.2,3472.0,1800.0,2.0,0.0,1.0,45.4816,12.2336,250.0,0.0,2.66,2.6,2.73,2.65,2.42,2.16,2.19,2.68,2.61,2.58,2.69,2.66,2.39,2.15,2.2,2.71,0.78,9.03,False
2022-03-07 18:54:49.997,ETR700,e700_4801,151024,_Rear_,Direzione indietro in M1,N,2022-03-07 21:22:17.601,8848.0,Venezia,VEHICLE,VEHICLE,45.4816,12.2336,1,2022-03-07 18:54:49.997,0.0,1.0,0.0,0.0,0.0,1.0,0.0,60.0,1.0,0.0,29.1,29.3,29.3,29.2,3472.0,1800.0,2.0,0.0,1.0,45.4816,12.2336,250.0,0.0,2.66,2.6,2.73,2.65,2.42,2.16,2.19,2.68,2.61,2.58,2.69,2.66,2.39,2.15,2.2,2.71,0.78,9.03,False
2022-03-07 18:54:27.603,ETR700,e700_4801,150006,_Running_,Stato RUNNING attivo,N,2022-03-07 20:48:55.206,6868.0,Venezia,VEHICLE,VEHICLE,45.4816,12.2336,0,2022-03-07 18:54:27.0,0.0,0.0,0.0,0.0,0.0,1.0,1.0,64.0,0.0,1.0,29.1,29.3,29.3,29.2,3567.0,1800.0,2.0,0.0,4.0,45.4816,12.2336,0.0,0.0,2.63,2.6,2.71,2.65,2.41,2.18,2.22,2.69,2.62,2.58,2.7,2.66,2.39,2.17,2.21,2.71,0.0,9.14,False
2022-03-07 18:54:27.400,ETR700,e700_4801,011202,CCU_FltWtbComm,Mancata comunicazione WTB in CCU M1,N,2022-03-07 18:54:29.071,2.0,Venezia,VEHICLE,VEHICLE,45.4816,12.2336,0,2022-03-07 18:54:22.6,0.0,0.0,0.0,0.0,0.0,1.0,1.0,72.0,0.0,1.0,29.1,29.3,29.3,29.2,3530.0,1800.0,2.0,0.0,4.0,45.4816,12.2336,0.0,0.0,2.63,2.6,2.71,2.65,2.41,2.18,2.22,2.68,2.62,2.58,2.71,2.65,2.39,2.17,2.21,2.71,0.0,9.15,False
2022-03-07 18:54:27.400,ETR700,e700_4801,011200,CCU_FltWtbR1,Mancata ricezione R1 in CCU M1,N,2022-03-07 18:54:29.071,2.0,Venezia,VEHICLE,VEHICLE,45.4816,12.2336,0,2022-03-07 18:54:22.6,0.0,0.0,0.0,0.0,0.0,1.0,1.0,72.0,0.0,1.0,29.1,29.3,29.3,29.2,3530.0,1800.0,2.0,0.0,4.0,45.4816,12.2336,0.0,0.0,2.63,2.6,2.71,2.65,2.41,2.18,2.22,2.68,2.62,2.58,2.71,2.65,2.39,2.17,2.21,2.71,0.0,9.15,False
2022-03-07 18:54:27.400,ETR700,e700_4801,150012,_CmdPantoUp_,Comando alzamento panto da banco,N,2022-03-07 21:22:21.802,8875.0,Venezia,VEHICLE,VEHICLE,45.4816,12.2336,0,2022-03-07 18:54:22.6,0.0,0.0,0.0,0.0,0.0,1.0,1.0,72.0,0.0,1.0,29.1,29.3,29.3,29.2,3530.0,1800.0,2.0,0.0,4.0,45.4816,12.2336,0.0,0.0,2.63,2.6,2.71,2.65,2.41,2.18,2.22,2.68,2.62,2.58,2.71,2.65,2.39,2.17,2.21,2.71,0.0,9.15,False
2022-03-07 18:50:27.799,ETR700,e700_4801,150009,_Parking_,Stato PARKING attivo,N,2022-03-07 18:54:27.603,240.0,Venezia,VEHICLE,VEHICLE,45.4815,12.2336,0,2022-03-07 18:50:23.0,0.0,0.0,1.0,0.0,0.0,1.0,1.0,72.0,0.0,1.0,29.1,29.3,29.3,29.2,3485.0,1800.0,2.0,0.0,2.0,45.4815,12.2336,0.0,0.0,2.62,2.59,2.71,2.67,2.41,2.17,2.21,2.7,2.61,2.56,2.7,2.66,2.4,2.17,2.21,2.7,0.11,8.76,False
2022-03-07 18:50:23.000,ETR700,e700_4801,151014,_DCPantoSts_,Pantografo DC alto in T2,N,2022-03-07 20:49:01.802,7119.0,Venezia,VEHICLE,VEHICLE,45.4815,12.2336,0,2022-03-07 18:50:18.599,1.0,0.0,1.0,0.0,0.0,0.0,1.0,81.0,0.0,1.0,29.1,29.3,29.3,29.2,3469.0,1800.0,2.0,0.0,1.0,45.4815,12.2336,30.0,0.0,2.61,2.56,2.69,2.67,2.41,2.17,2.18,2.69,2.6,2.54,2.7,2.65,2.38,2.16,2.19,2.69,0.11,8.72,False
2022-03-07 18:50:18.804,ETR700,e700_4801,ILCK_PROP_15,ILCK_PROP_15,Cod. 15 Nessun banco abilitato,N,2022-03-07 18:54:27.4,249.0,Venezia,MDS,MDS,45.4815,12.2336,0,2022-03-07 18:50:18.599,1.0,0.0,1.0,0.0,0.0,0.0,1.0,81.0,0.0,1.0,29.1,29.3,29.3,29.2,3469.0,1800.0,2.0,0.0,1.0,45.4815,12.2336,30.0,0.0,2.61,2.56,2.69,2.67,2.41,2.17,2.18,2.69,2.6,2.54,2.7,2.65,2.38,2.16,2.19,2.69,0.11,8.72,False
2022-03-07 18:50:18.804,ETR700,e700_4801,150007,_Standby_,Stato STANDBY attivo,N,2022-03-07 18:50:27.799,9.0,Venezia,VEHICLE,VEHICLE,45.4815,12.2336,0,2022-03-07 18:50:18.599,1.0,0.0,1.0,0.0,0.0,0.0,1.0,81.0,0.0,1.0,29.1,29.3,29.3,29.2,3469.0,1800.0,2.0,0.0,1.0,45.4815,12.2336,30.0,0.0,2.61,2.56,2.69,2.67,2.41,2.17,2.18,2.69,2.6,2.54,2.7,2.65,2.38,2.16,2.19,2.69,0.11,8.72,False
2022-03-07 18:50:18.599,ETR700,e700_4801,018202,CCU_FltWtbComm,Mancata comunicazione WTB in CCU M8,N,2022-03-07 18:50:20.0,2.0,Venezia,VEHICLE,VEHICLE,45.4815,12.2336,1,2022-03-07 18:50:18.599,1.0,0.0,1.0,0.0,0.0,0.0,1.0,81.0,0.0,1.0,29.1,29.3,29.3,29.2,3469.0,1800.0,2.0,0.0,1.0,45.4815,12.2336,30.0,0.0,2.61,2.56,2.69,2.67,2.41,2.17,2.18,2.69,2.6,2.54,2.7,2.65,2.38,2.16,2.19,2.69,0.11,8.72,False
2022-03-07 18:50:18.599,ETR700,e700_4801,018201,CCU_FltWtbR2,Mancata ricezione R2 in CCU M8,N,2022-03-07 18:50:20.0,2.0,Venezia,VEHICLE,VEHICLE,45.4815,12.2336,1,2022-03-07 18:50:18.599,1.0,0.0,1.0,0.0,0.0,0.0,1.0,81.0,0.0,1.0,29.1,29.3,29.3,29.2,3469.0,1800.0,2.0,0.0,1.0,45.4815,12.2336,30.0,0.0,2.61,2.56,2.69,2.67,2.41,2.17,2.18,2.69,2.6,2.54,2.7,2.65,2.38,2.16,2.19,2.69,0.11,8.72,False
2022-03-07 18:49:48.803,ETR700,e700_4801,ILCK_PROP_02,ILCK_PROP_02,Cod. 02 Taglio trazione comandato da RCEC,N,2022-03-07 18:55:53.199,365.0,Venezia,VEHICLE,VEHICLE,45.4815,12.2336,0,2022-03-07 18:49:44.799,1.0,0.0,1.0,0.0,0.0,0.0,1.0,72.0,0.0,1.0,29.1,29.2,29.3,29.2,3496.0,1800.0,2.0,0.0,1.0,45.4815,12.2336,30.0,2.0,0.46,0.49,0.48,0.46,0.49,0.47,0.09,0.47,0.48,0.49,0.5,0.51,0.47,0.5,0.11,0.48,4.47,8.21,False
2022-03-07 18:49:47.202,ETR700,e700_4801,ILCK_PROP_11M1,ILCK_PROP_11M1,Cod. 11 Rilascio Porte Destre Attivo,N,2022-03-07 18:50:18.804,32.0,Venezia,MDS,MDS,45.4815,12.2336,0,2022-03-07 18:49:43.403,1.0,0.0,1.0,0.0,0.0,0.0,1.0,72.0,0.0,1.0,29.1,29.2,29.3,29.2,3494.0,1800.0,2.0,0.0,1.0,45.4815,12.2336,30.0,3.0,0.45,0.49,0.48,0.46,0.49,0.48,0.48,0.47,0.46,0.49,0.5,0.51,0.46,0.5,0.51,0.48,4.46,8.18,False
2022-03-07 18:01:57.203,ETR700,e700_4801,ILCK_PROP_11M1,ILCK_PROP_11M1,Cod. 11 Rilascio Porte Destre Attivo,N,2022-03-07 18:02:20.003,23.0,Palazzolo dello Stella,MDS,MDS,45.7779,13.0012,0,2022-03-07 18:01:54.402,1.0,0.0,1.0,0.0,0.0,0.0,1.0,71.0,0.0,1.0,29.0,29.2,29.3,29.1,3650.0,1800.0,2.0,0.0,1.0,45.7779,13.0012,60.0,3.0,0.45,0.48,0.47,0.47,0.5,0.51,0.48,0.49,0.51,0.49,0.51,0.47,0.48,0.5,0.52,0.5,4.48,9.04,False
2022-03-07 16:56:05.599,ETR700,e700_4801,ILCK_PROP_10,ILCK_PROP_10,Cod. 10 Nessuna velocita' impostata,N,2022-03-07 16:56:07.198,2.0,Trieste,VEHICLE,VEHICLE,45.6599,13.7702,1,2022-03-07 16:56:05.599,1.0,0.0,1.0,0.0,0.0,0.0,1.0,60.0,0.0,1.0,28.9,29.2,29.3,29.1,3409.0,1800.0,2.0,0.0,1.0,45.6599,13.7702,0.0,0.0,1.41,1.35,1.42,1.37,1.34,1.2,1.14,1.39,1.43,1.35,1.42,1.38,1.34,1.2,1.13,1.38,4.11,8.95,False
2022-03-07 16:19:13.401,ETR700,e700_4801,ILCK_PROP_11M1,ILCK_PROP_11M1,Cod. 11 Rilascio Porte Destre Attivo,N,2022-03-07 17:05:40.8,2788.0,Trieste,MDS,MDS,45.6599,13.7702,1,2022-03-07 16:19:13.401,1.0,0.0,1.0,0.0,0.0,0.0,1.0,52.0,0.0,1.0,29.0,29.2,29.3,29.2,3394.0,1800.0,2.0,0.0,1.0,45.6599,13.7702,250.0,0.0,0.01,0.0,0.0,0.0,0.0,0.0,0.0,0.0,0.0,0.0,0.0,0.0,0.0,0.0,0.0,0.0,4.95,9.3,False
2022-03-07 14:26:31.999,ETR700,e700_4801,151023,_Front_,Direzione avanti in M1,N,2022-03-07 18:49:50.602,15799.0,Trieste,VEHICLE,VEHICLE,45.6599,13.7702,1,2022-03-07 14:26:31.999,1.0,0.0,1.0,0.0,0.0,0.0,1.0,64.0,0.0,1.0,29.1,29.2,29.3,29.2,3509.0,1800.0,2.0,0.0,1.0,45.6599,13.7702,250.0,0.0,0.01,0.0,0.0,0.0,0.0,0.0,0.0,0.01,0.01,0.0,0.0,0.0,0.0,0.0,0.0,0.0,4.95,8.86,False
2022-03-07 14:26:31.999,ETR700,e700_4801,158024,_Rear_,Direzione indietro in M8,N,2022-03-07 18:49:50.799,15799.0,Trieste,VEHICLE,VEHICLE,45.6599,13.7702,1,2022-03-07 14:26:31.999,1.0,0.0,1.0,0.0,0.0,0.0,1.0,64.0,0.0,1.0,29.1,29.2,29.3,29.2,3509.0,1800.0,2.0,0.0,1.0,45.6599,13.7702,250.0,0.0,0.01,0.0,0.0,0.0,0.0,0.0,0.0,0.01,0.01,0.0,0.0,0.0,0.0,0.0,0.0,0.0,4.95,8.86,False
2022-03-07 14:11:40.605,ETR700,e700_4801,ILCK_PROP_02,ILCK_PROP_02,Cod. 02 Taglio trazione comandato da RCEC,N,2022-03-07 14:26:27.201,887.0,Trieste,VEHICLE,VEHICLE,45.6598,13.7702,0,2022-03-07 14:11:38.2,0.0,0.0,0.0,0.0,0.0,1.0,1.0,56.0,1.0,0.0,28.7,28.8,28.9,28.7,3478.0,2400.0,2.0,0.0,2.0,45.6598,13.7702,0.0,0.0,2.69,2.62,2.7,2.71,2.42,2.19,2.1,2.61,2.67,2.59,2.71,2.71,2.42,2.18,2.11,2.62,0.0,9.28,False
2022-03-07 14:11:40.605,ETR700,e700_4801,150006,_Running_,Stato RUNNING attivo,N,2022-03-07 18:50:18.804,16719.0,Trieste,VEHICLE,VEHICLE,45.6598,13.7702,0,2022-03-07 14:11:38.2,0.0,0.0,0.0,0.0,0.0,1.0,1.0,56.0,1.0,0.0,28.7,28.8,28.9,28.7,3478.0,2400.0,2.0,0.0,2.0,45.6598,13.7702,0.0,0.0,2.69,2.62,2.7,2.71,2.42,2.19,2.1,2.61,2.67,2.59,2.71,2.71,2.42,2.18,2.11,2.62,0.0,9.28,False
2022-03-07 14:11:40.403,ETR700,e700_4801,018202,CCU_FltWtbComm,Mancata comunicazione WTB in CCU M8,N,2022-03-07 14:11:42.19,2.0,Trieste,VEHICLE,VEHICLE,45.6598,13.7702,0,2022-03-07 14:11:38.2,0.0,0.0,0.0,0.0,0.0,1.0,1.0,56.0,1.0,0.0,28.7,28.8,28.9,28.7,3478.0,2400.0,2.0,0.0,2.0,45.6598,13.7702,0.0,0.0,2.69,2.62,2.7,2.71,2.42,2.19,2.1,2.61,2.67,2.59,2.71,2.71,2.42,2.18,2.11,2.62,0.0,9.28,False
2022-03-07 14:11:40.403,ETR700,e700_4801,018200,CCU_FltWtbR1,Mancata ricezione R1 in CCU M8,N,2022-03-07 14:11:42.19,2.0,Trieste,VEHICLE,VEHICLE,45.6598,13.7702,0,2022-03-07 14:11:38.2,0.0,0.0,0.0,0.0,0.0,1.0,1.0,56.0,1.0,0.0,28.7,28.8,28.9,28.7,3478.0,2400.0,2.0,0.0,2.0,45.6598,13.7702,0.0,0.0,2.69,2.62,2.7,2.71,2.42,2.19,2.1,2.61,2.67,2.59,2.71,2.71,2.42,2.18,2.11,2.62,0.0,9.28,True
2022-03-07 14:11:38.200,ETR700,e700_4801,150007,_Standby_,Stato STANDBY attivo,N,2022-03-07 14:11:40.605,3.0,Trieste,VEHICLE,VEHICLE,45.6598,13.7702,1,2022-03-07 14:11:38.2,0.0,0.0,0.0,0.0,0.0,1.0,1.0,56.0,1.0,0.0,28.7,28.8,28.9,28.7,3478.0,2400.0,2.0,0.0,2.0,45.6598,13.7702,0.0,0.0,2.69,2.62,2.7,2.71,2.42,2.19,2.1,2.61,2.67,2.59,2.71,2.71,2.42,2.18,2.11,2.62,0.0,9.28,False
2022-03-07 14:05:04.398,ETR700,e700_4801,150009,_Parking_,Stato PARKING attivo,N,2022-03-07 14:11:38.2,394.0,Trieste,VEHICLE,VEHICLE,45.6599,13.7702,1,2022-03-07 14:05:04.398,0.0,0.0,0.0,0.0,0.0,1.0,1.0,68.0,1.0,0.0,28.7,28.7,28.7,28.4,3308.0,2400.0,2.0,0.0,4.0,45.6599,13.7702,0.0,0.0,2.69,2.62,2.71,2.69,2.42,2.2,2.12,2.59,2.67,2.6,2.71,2.71,2.42,2.19,2.11,2.61,0.0,8.82,False
2022-03-07 14:04:58.199,ETR700,e700_4801,158014,_DCPantoSts_,Pantografo DC alto in T7,N,2022-03-07 18:54:38.797,17381.0,Trieste,VEHICLE,VEHICLE,45.6599,13.7702,0,2022-03-07 14:04:54.007,0.0,0.0,0.0,0.0,0.0,1.0,0.0,72.0,1.0,0.0,28.7,28.7,28.7,28.4,3297.0,2400.0,2.0,0.0,2.0,45.6599,13.7702,0.0,0.0,2.68,2.61,2.69,2.69,2.42,2.2,2.11,2.58,2.66,2.58,2.71,2.71,2.42,2.18,2.1,2.6,0.0,8.32,False
2022-03-07 14:04:54.601,ETR700,e700_4801,150007,_Standby_,Stato STANDBY attivo,N,2022-03-07 14:05:04.398,10.0,Trieste,VEHICLE,VEHICLE,45.6599,13.7702,0,2022-03-07 14:04:54.007,0.0,0.0,0.0,0.0,0.0,1.0,0.0,72.0,1.0,0.0,28.7,28.7,28.7,28.4,3297.0,2400.0,2.0,0.0,2.0,45.6599,13.7702,0.0,0.0,2.68,2.61,2.69,2.69,2.42,2.2,2.11,2.58,2.66,2.58,2.71,2.71,2.42,2.18,2.1,2.6,0.0,8.32,False
2022-03-07 14:04:54.007,ETR700,e700_4801,011202,CCU_FltWtbComm,Mancata comunicazione WTB in CCU M1,N,2022-03-07 14:04:55.802,2.0,Trieste,VEHICLE,VEHICLE,45.6599,13.7702,1,2022-03-07 14:04:54.007,0.0,0.0,0.0,0.0,0.0,1.0,0.0,72.0,1.0,0.0,28.7,28.7,28.7,28.4,3297.0,2400.0,2.0,0.0,2.0,45.6599,13.7702,0.0,0.0,2.68,2.61,2.69,2.69,2.42,2.2,2.11,2.58,2.66,2.58,2.71,2.71,2.42,2.18,2.1,2.6,0.0,8.32,False
2022-03-07 14:04:54.007,ETR700,e700_4801,011201,CCU_FltWtbR2,Mancata ricezione R2 in CCU M1,N,2022-03-07 14:04:55.802,2.0,Trieste,VEHICLE,VEHICLE,45.6599,13.7702,1,2022-03-07 14:04:54.007,0.0,0.0,0.0,0.0,0.0,1.0,0.0,72.0,1.0,0.0,28.7,28.7,28.7,28.4,3297.0,2400.0,2.0,0.0,2.0,45.6599,13.7702,0.0,0.0,2.68,2.61,2.69,2.69,2.42,2.2,2.11,2.58,2.66,2.58,2.71,2.71,2.42,2.18,2.1,2.6,0.0,8.32,False
2022-03-07 14:04:54.007,ETR700,e700_4801,ILCK_PROP_15,ILCK_PROP_15,Cod. 15 Nessun banco abilitato,N,2022-03-07 14:11:40.403,407.0,Trieste,MDS,MDS,45.6599,13.7702,1,2022-03-07 14:04:54.007,0.0,0.0,0.0,0.0,0.0,1.0,0.0,72.0,1.0,0.0,28.7,28.7,28.7,28.4,3297.0,2400.0,2.0,0.0,2.0,45.6599,13.7702,0.0,0.0,2.68,2.61,2.69,2.69,2.42,2.2,2.11,2.58,2.66,2.58,2.71,2.71,2.42,2.18,2.1,2.6,0.0,8.32,False
2022-03-07 14:02:30.199,ETR700,e700_4801,152019,_1Q21_,IR chiuso in cassa T2,N,2022-03-07 14:11:45.798,556.0,Trieste,AT,T2_1Q2_IR,45.6599,13.7702,1,2022-03-07 14:02:30.199,0.0,1.0,0.0,0.0,0.0,1.0,0.0,8.0,1.0,0.0,24.3,24.7,24.8,24.6,3337.0,2400.0,2.0,0.0,1.0,45.6599,13.7702,250.0,0.0,2.68,2.62,2.7,2.7,2.43,2.2,1.61,2.58,2.66,2.59,2.71,2.71,2.42,2.19,1.62,2.61,0.0,1.68,False
2022-03-07 14:02:30.199,ETR700,e700_4801,150025,_9S13_,Pressione CP sotto 7.5 bar in M1 (press. 9S13),N,2022-03-07 14:05:16.8,167.0,Trieste,VEHICLE,VEHICLE,45.6599,13.7702,1,2022-03-07 14:02:30.199,0.0,1.0,0.0,0.0,0.0,1.0,0.0,8.0,1.0,0.0,24.3,24.7,24.8,24.6,3337.0,2400.0,2.0,0.0,1.0,45.6599,13.7702,250.0,0.0,2.68,2.62,2.7,2.7,2.43,2.2,1.61,2.58,2.66,2.59,2.71,2.71,2.42,2.19,1.62,2.61,0.0,1.68,True
2022-03-07 14:02:30.199,ETR700,e700_4801,150012,_CmdPantoUp_,Comando alzamento panto da banco,N,2022-03-07 14:04:54.007,144.0,Trieste,VEHICLE,VEHICLE,45.6599,13.7702,1,2022-03-07 14:02:30.199,0.0,1.0,0.0,0.0,0.0,1.0,0.0,8.0,1.0,0.0,24.3,24.7,24.8,24.6,3337.0,2400.0,2.0,0.0,1.0,45.6599,13.7702,250.0,0.0,2.68,2.62,2.7,2.7,2.43,2.2,1.61,2.58,2.66,2.59,2.71,2.71,2.42,2.19,1.62,2.61,0.0,1.68,False
2022-03-07 14:02:30.199,ETR700,e700_4801,151014,_DCPantoSts_,Pantografo DC alto in T2,N,2022-03-07 14:11:53.597,564.0,Trieste,VEHICLE,VEHICLE,45.6599,13.7702,1,2022-03-07 14:02:30.199,0.0,1.0,0.0,0.0,0.0,1.0,0.0,8.0,1.0,0.0,24.3,24.7,24.8,24.6,3337.0,2400.0,2.0,0.0,1.0,45.6599,13.7702,250.0,0.0,2.68,2.62,2.7,2.7,2.43,2.2,1.61,2.58,2.66,2.59,2.71,2.71,2.42,2.19,1.62,2.61,0.0,1.68,False
2022-03-07 14:02:30.199,ETR700,e700_4801,ILCK_PROP_02,ILCK_PROP_02,Cod. 02 Taglio trazione comandato da RCEC,N,2022-03-07 14:04:54.201,145.0,Trieste,VEHICLE,VEHICLE,45.6599,13.7702,1,2022-03-07 14:02:30.199,0.0,1.0,0.0,0.0,0.0,1.0,0.0,8.0,1.0,0.0,24.3,24.7,24.8,24.6,3337.0,2400.0,2.0,0.0,1.0,45.6599,13.7702,250.0,0.0,2.68,2.62,2.7,2.7,2.43,2.2,1.61,2.58,2.66,2.59,2.71,2.71,2.42,2.19,1.62,2.61,0.0,1.68,False
2022-03-07 14:02:30.199,ETR700,e700_4801,150004,_LineVoltType_,Selezionata tensione 3 kV,N,2022-03-07 20:49:03.345,24394.0,Trieste,VEHICLE,VEHICLE,45.6599,13.7702,1,2022-03-07 14:02:30.199,0.0,1.0,0.0,0.0,0.0,1.0,0.0,8.0,1.0,0.0,24.3,24.7,24.8,24.6,3337.0,2400.0,2.0,0.0,1.0,45.6599,13.7702,250.0,0.0,2.68,2.62,2.7,2.7,2.43,2.2,1.61,2.58,2.66,2.59,2.71,2.71,2.42,2.19,1.62,2.61,0.0,1.68,True
2022-03-07 14:02:30.199,ETR700,e700_4801,150006,_Running_,Stato RUNNING attivo,N,2022-03-07 14:04:54.601,145.0,Trieste,VEHICLE,VEHICLE,45.6599,13.7702,1,2022-03-07 14:02:30.199,0.0,1.0,0.0,0.0,0.0,1.0,0.0,8.0,1.0,0.0,24.3,24.7,24.8,24.6,3337.0,2400.0,2.0,0.0,1.0,45.6599,13.7702,250.0,0.0,2.68,2.62,2.7,2.7,2.43,2.2,1.61,2.58,2.66,2.59,2.71,2.71,2.42,2.19,1.62,2.61,0.0,1.68,False
2022-03-07 12:17:53.941,ETR700,e700_4801,150013,_CmdPantoDw_,Comando abbassamento panto da banco,N,2022-03-07 12:18:00.339,7.0,Trieste,VEHICLE,VEHICLE,45.6599,13.7701,0,2022-03-07 12:17:49.143,0.0,1.0,0.0,0.0,0.0,1.0,0.0,8.0,0.0,0.0,24.2,24.6,24.7,24.7,3565.0,1800.0,2.0,0.0,1.0,45.6599,13.7702,30.0,0.0,2.65,2.6,2.68,2.66,2.41,2.18,2.15,2.65,2.63,2.58,2.69,2.67,2.38,2.17,2.16,2.66,0.07,9.02,True
2022-03-07 12:17:49.143,ETR700,e700_4801,ILCK_PROP_21M8,ILCK_PROP_21M8,Cod. 21 AT non presente,N,2022-03-07 12:18:04.742,16.0,Trieste,MDS,MDS,45.6599,13.7702,0,2022-03-07 12:17:47.146,0.0,1.0,0.0,0.0,0.0,1.0,0.0,48.0,1.0,0.0,29.1,29.2,29.3,29.2,3555.0,1800.0,2.0,0.0,1.0,45.6599,13.7702,30.0,0.0,2.65,2.6,2.68,2.66,2.41,2.18,2.15,2.65,2.64,2.58,2.69,2.67,2.38,2.17,2.16,2.66,0.07,9.02,False
2022-03-07 12:17:47.146,ETR700,e700_4801,150018,_CmdOpenIR_,Comando apertura IR/IP da banco,N,2022-03-07 12:17:49.743,3.0,Trieste,VEHICLE,VEHICLE,45.6599,13.7702,0,2022-03-07 12:17:42.542,0.0,1.0,0.0,0.0,0.0,1.0,0.0,48.0,1.0,0.0,29.1,29.2,29.3,29.2,3550.0,1800.0,2.0,0.0,1.0,45.6599,13.7702,30.0,0.0,2.65,2.6,2.68,2.66,2.41,2.18,2.15,2.65,2.64,2.58,2.69,2.67,2.38,2.17,2.16,2.66,0.07,9.03,False
2022-03-07 12:14:02.341,ETR700,e700_4801,ILCK_PROP_02,ILCK_PROP_02,Cod. 02 Taglio trazione comandato da RCEC,N,2022-03-07 12:18:04.942,243.0,Trieste,VEHICLE,VEHICLE,45.6599,13.7702,0,2022-03-07 12:13:57.342,0.0,1.0,2.0,0.0,0.0,1.0,0.0,56.0,1.0,0.0,29.1,29.2,29.3,29.1,3607.0,1800.0,2.0,0.0,1.0,45.6599,13.7702,30.0,0.0,2.58,2.64,2.65,2.6,2.52,2.24,2.29,2.53,2.63,2.6,2.61,2.52,2.54,2.3,2.27,2.53,2.29,8.35,False
2022-03-07 12:10:47.943,ETR700,e700_4801,ILCK_PROP_10,ILCK_PROP_10,Cod. 10 Nessuna velocita' impostata,N,2022-03-07 12:10:48.542,1.0,Trieste,VEHICLE,VEHICLE,45.667,13.7622,1,2022-03-07 12:10:47.943,0.0,1.0,2.0,0.0,0.0,1.0,0.0,56.0,1.0,0.0,29.1,29.2,29.3,29.1,3641.0,1800.0,2.0,0.0,1.0,45.667,13.7622,0.0,30.0,0.01,0.0,0.0,0.0,0.0,0.0,0.0,0.01,0.01,0.0,0.01,0.0,0.0,0.0,0.0,0.01,4.86,8.32,False
2022-03-07 11:49:27.743,ETR700,e700_4801,ILCK_PROP_11M8,ILCK_PROP_11M8,Cod. 11 Rilascio Porte Destre Attivo,N,2022-03-07 11:51:21.14,114.0,Ronchi dei Legionari,MDS,MDS,45.8082,13.5412,0,2022-03-07 11:49:26.142,0.0,1.0,2.0,0.0,0.0,1.0,0.0,60.0,1.0,0.0,29.1,29.2,29.3,29.1,3574.0,1800.0,2.0,0.0,1.0,45.8082,13.5412,110.0,3.0,0.52,0.49,0.5,0.49,0.51,0.45,0.47,0.48,0.48,0.49,0.48,0.49,0.48,0.48,0.54,0.48,4.47,8.42,False
2022-03-07 11:07:47.544,ETR700,e700_4801,ILCK_PROP_11M8,ILCK_PROP_11M8,Cod. 11 Rilascio Porte Destre Attivo,N,2022-03-07 11:08:41.74,55.0,Palazzolo dello Stella,MDS,MDS,45.7785,13.0012,0,2022-03-07 11:07:46.142,0.0,1.0,2.0,0.0,0.0,1.0,0.0,56.0,1.0,0.0,29.1,29.2,29.3,29.1,3681.0,1800.0,2.0,0.0,1.0,45.7785,13.0012,150.0,4.0,0.45,0.48,0.47,0.5,0.46,0.46,0.48,0.5,0.5,0.48,0.48,0.51,0.46,0.48,0.47,0.52,4.42,8.51,False
2022-03-07 10:56:40.939,ETR700,e700_4801,ILCK_PROP_10,ILCK_PROP_10,Cod. 10 Nessuna velocita' impostata,N,2022-03-07 10:56:42.539,2.0,Portogruaro,VEHICLE,VEHICLE,45.7808,12.8308,1,2022-03-07 10:56:40.939,0.0,1.0,2.0,0.0,0.0,1.0,0.0,56.0,1.0,0.0,29.1,29.3,29.3,29.1,3620.0,1800.0,2.0,0.0,1.0,45.7808,12.8308,0.0,0.0,0.51,0.49,0.5,0.52,0.52,0.49,0.5,0.51,0.51,0.5,0.53,0.51,0.49,0.51,0.5,0.5,4.46,8.8,False
2022-03-07 10:14:18.343,ETR700,e700_4801,ILCK_PROP_10,ILCK_PROP_10,Cod. 10 Nessuna velocita' impostata,N,2022-03-07 10:14:19.942,2.0,Venezia,VEHICLE,VEHICLE,45.4821,12.2316,0,2022-03-07 10:14:13.548,0.0,1.0,2.0,0.0,0.0,1.0,0.0,277.0,1.0,0.0,29.1,29.3,29.3,29.1,3337.0,1800.0,2.0,0.0,1.0,45.4819,12.232,250.0,21.0,0.01,0.0,0.0,0.0,0.01,0.0,0.0,0.0,0.0,0.0,0.01,0.0,0.0,0.0,0.0,0.0,4.93,8.89,False
2022-03-07 10:07:50.544,ETR700,e700_4801,158023,_Front_,Direzione avanti in M8,N,2022-03-07 12:13:56.95,7567.0,Venezia,VEHICLE,VEHICLE,45.4816,12.2336,0,2022-03-07 10:07:47.943,0.0,1.0,0.0,0.0,0.0,1.0,0.0,68.0,1.0,0.0,29.2,29.3,29.4,29.2,3406.0,1800.0,2.0,0.0,1.0,45.4816,12.2337,250.0,0.0,2.6,2.54,1.92,1.25,2.41,2.01,1.92,1.51,2.58,2.51,1.92,1.23,2.39,1.98,1.93,1.53,3.9,8.16,False
2022-03-07 10:07:50.544,ETR700,e700_4801,151024,_Rear_,Direzione indietro in M1,N,2022-03-07 12:13:56.95,7567.0,Venezia,VEHICLE,VEHICLE,45.4816,12.2336,0,2022-03-07 10:07:47.943,0.0,1.0,0.0,0.0,0.0,1.0,0.0,68.0,1.0,0.0,29.2,29.3,29.4,29.2,3406.0,1800.0,2.0,0.0,1.0,45.4816,12.2337,250.0,0.0,2.6,2.54,1.92,1.25,2.41,2.01,1.92,1.51,2.58,2.51,1.92,1.23,2.39,1.98,1.93,1.53,3.9,8.16,False
2022-03-07 10:05:48.145,ETR700,e700_4801,ILCK_PROP_02,ILCK_PROP_02,Cod. 02 Taglio trazione comandato da RCEC,N,2022-03-07 10:08:00.742,133.0,Venezia,VEHICLE,VEHICLE,45.4816,12.2336,0,2022-03-07 10:05:47.141,0.0,0.0,0.0,0.0,0.0,1.0,0.0,72.0,1.0,0.0,29.2,29.3,29.4,29.2,3530.0,2400.0,2.0,0.0,2.0,45.4816,12.2336,0.0,0.0,2.67,2.67,2.77,2.67,2.41,2.22,2.23,2.72,2.66,2.64,2.77,2.69,2.4,2.21,2.23,2.73,0.1,9.04,False
2022-03-07 10:05:48.145,ETR700,e700_4801,150006,_Running_,Stato RUNNING attivo,N,2022-03-07 12:18:05.138,7937.0,Venezia,VEHICLE,VEHICLE,45.4816,12.2336,0,2022-03-07 10:05:47.141,0.0,0.0,0.0,0.0,0.0,1.0,0.0,72.0,1.0,0.0,29.2,29.3,29.4,29.2,3530.0,2400.0,2.0,0.0,2.0,45.4816,12.2336,0.0,0.0,2.67,2.67,2.77,2.67,2.41,2.22,2.23,2.72,2.66,2.64,2.77,2.69,2.4,2.21,2.23,2.73,0.1,9.04,False
2022-03-07 10:01:59.541,ETR700,e700_4801,018202,CCU_FltWtbComm,Mancata comunicazione WTB in CCU M8,N,2022-03-07 10:02:00.869,2.0,Venezia,VEHICLE,VEHICLE,45.4816,12.2336,0,2022-03-07 10:01:55.743,1.0,0.0,1.0,0.0,0.0,1.0,0.0,72.0,1.0,0.0,29.0,29.2,29.3,29.1,3446.0,2400.0,2.0,0.0,1.0,45.4816,12.2336,220.0,0.0,2.64,2.65,2.75,2.69,2.4,2.19,2.21,2.73,2.64,2.64,2.77,2.69,2.39,2.18,2.22,2.71,1.1,9.28,False
2022-03-07 10:01:59.541,ETR700,e700_4801,018201,CCU_FltWtbR2,Mancata ricezione R2 in CCU M8,N,2022-03-07 10:02:00.869,2.0,Venezia,VEHICLE,VEHICLE,45.4816,12.2336,0,2022-03-07 10:01:55.743,1.0,0.0,1.0,0.0,0.0,1.0,0.0,72.0,1.0,0.0,29.0,29.2,29.3,29.1,3446.0,2400.0,2.0,0.0,1.0,45.4816,12.2336,220.0,0.0,2.64,2.65,2.75,2.69,2.4,2.19,2.21,2.73,2.64,2.64,2.77,2.69,2.39,2.18,2.22,2.71,1.1,9.28,False
2022-03-07 10:01:59.541,ETR700,e700_4801,ILCK_PROP_15,ILCK_PROP_15,Cod. 15 Nessun banco abilitato,N,2022-03-07 10:05:47.941,229.0,Venezia,MDS,MDS,45.4816,12.2336,0,2022-03-07 10:01:55.743,1.0,0.0,1.0,0.0,0.0,1.0,0.0,72.0,1.0,0.0,29.0,29.2,29.3,29.1,3446.0,2400.0,2.0,0.0,1.0,45.4816,12.2336,220.0,0.0,2.64,2.65,2.75,2.69,2.4,2.19,2.21,2.73,2.64,2.64,2.77,2.69,2.39,2.18,2.22,2.71,1.1,9.28,False
2022-03-07 10:01:59.541,ETR700,e700_4801,150007,_Standby_,Stato STANDBY attivo,N,2022-03-07 10:05:48.145,229.0,Venezia,VEHICLE,VEHICLE,45.4816,12.2336,0,2022-03-07 10:01:55.743,1.0,0.0,1.0,0.0,0.0,1.0,0.0,72.0,1.0,0.0,29.0,29.2,29.3,29.1,3446.0,2400.0,2.0,0.0,1.0,45.4816,12.2336,220.0,0.0,2.64,2.65,2.75,2.69,2.4,2.19,2.21,2.73,2.64,2.64,2.77,2.69,2.39,2.18,2.22,2.71,1.1,9.28,False
2022-03-07 10:01:40.746,ETR700,e700_4801,ILCK_PROP_11M1,ILCK_PROP_11M1,Cod. 11 Rilascio Porte Destre Attivo,N,2022-03-07 10:01:59.541,19.0,Venezia,MDS,MDS,45.4816,12.2336,0,2022-03-07 10:01:36.347,1.0,0.0,1.0,0.0,0.0,1.0,0.0,85.0,1.0,0.0,29.0,29.2,29.3,29.1,3447.0,2400.0,2.0,0.0,1.0,45.4816,12.2334,220.0,13.0,1.37,1.33,1.43,1.39,1.62,1.63,1.73,1.67,1.38,1.32,1.41,1.38,1.66,1.65,1.73,1.69,4.07,9.24,False
2022-03-07 08:29:07.547,ETR700,e700_4801,ILCK_PROP_11M1,ILCK_PROP_11M1,Cod. 11 Rilascio Porte Destre Attivo,N,2022-03-07 08:30:08.341,61.0,Brescia,MDS,MDS,45.531,10.2158,0,2022-03-07 08:29:03.146,1.0,0.0,1.0,0.0,0.0,1.0,0.0,64.0,1.0,0.0,28.8,29.1,29.1,28.9,3712.0,2400.0,2.0,0.0,1.0,45.5311,10.2156,60.0,13.0,1.58,1.53,1.65,1.66,1.96,1.92,2.04,2.04,1.58,1.57,1.62,1.56,1.9,1.88,2.06,2.05,3.75,8.54,False
2022-03-07 08:27:13.747,ETR700,e700_4801,ILCK_PROP_10,ILCK_PROP_10,Cod. 10 Nessuna velocita' impostata,N,2022-03-07 08:27:14.739,1.0,Brescia,VEHICLE,VEHICLE,45.534,10.2,1,2022-03-07 08:27:13.747,1.0,0.0,1.0,0.0,0.0,1.0,0.0,76.0,1.0,0.0,28.9,29.1,29.1,28.9,3500.0,2400.0,2.0,0.0,1.0,45.534,10.2,0.0,29.0,0.01,0.0,0.0,0.0,0.0,0.0,0.0,0.0,0.01,0.0,0.0,0.0,0.0,0.0,0.0,0.01,4.92,8.8,False
2022-03-07 08:20:38.345,ETR700,e700_4801,152019,_1Q21_,IR chiuso in cassa T2,N,2022-03-07 10:23:49.346,7392.0,Rovato,AT,T2_1Q2_IR,45.5287,10.0468,0,2022-03-07 08:20:33.743,1.0,0.0,1.0,0.0,0.0,1.0,0.0,8.0,0.0,0.0,24.2,24.6,24.7,24.8,3780.0,2400.0,2.0,0.0,1.0,45.5282,10.0449,250.0,142.0,0.01,0.0,0.0,0.0,0.0,0.0,0.0,0.0,0.0,0.0,0.0,0.0,0.0,0.0,0.0,0.01,4.92,9.16,False
2022-03-07 08:20:28.543,ETR700,e700_4801,151014,_DCPantoSts_,Pantografo DC alto in T2,N,2022-03-07 12:18:00.937,14253.0,Rovato,VEHICLE,VEHICLE,45.5275,10.042,0,2022-03-07 08:20:25.542,1.0,0.0,1.0,0.0,0.0,0.0,0.0,0.0,0.0,0.0,24.2,24.7,24.8,24.9,0.0,2400.0,2.0,0.0,1.0,45.5271,10.0406,250.0,144.0,0.01,0.0,0.0,0.0,0.01,0.0,0.0,0.0,0.0,0.0,0.0,0.0,0.0,0.0,0.0,0.01,4.92,9.22,False
2022-03-07 08:20:07.550,ETR700,e700_4801,150010,_Poc_,Ingresso in POC,N,2022-03-07 08:20:21.339,14.0,Rovato,VEHICLE,VEHICLE,45.5249,10.0318,0,2022-03-07 08:20:03.347,1.0,0.0,1.0,1.0,0.0,0.0,0.0,13.0,1.0,0.0,28.9,29.1,29.1,28.9,26799.0,2400.0,4.0,0.0,1.0,45.5244,10.0299,250.0,147.0,0.01,0.0,0.0,0.0,0.01,0.0,0.0,0.0,0.0,0.0,0.0,0.0,0.0,0.0,0.0,0.01,4.92,9.36,False
2022-03-07 08:20:07.143,ETR700,e700_4801,ILCK_PROP_21M1,ILCK_PROP_21M1,Cod. 21 AT non presente,N,2022-03-07 08:20:38.744,32.0,Rovato,MDS,MDS,45.5248,10.0313,0,2022-03-07 08:20:03.347,1.0,0.0,1.0,1.0,0.0,0.0,0.0,13.0,1.0,0.0,28.9,29.1,29.1,28.9,26799.0,2400.0,4.0,0.0,1.0,45.5244,10.0299,250.0,147.0,0.01,0.0,0.0,0.0,0.01,0.0,0.0,0.0,0.0,0.0,0.0,0.0,0.0,0.0,0.0,0.01,4.92,9.36,False
2022-03-07 08:20:06.741,ETR700,e700_4801,ILCK_IRIP_T2_09,ILCK_IRIP_T2_09,Cod 09. Apertura Interruttore principale da ETCS ,N,2022-03-07 08:20:12.169,6.0,Rovato,AT,T2_1Q2_IR,45.5248,10.0313,0,2022-03-07 08:20:03.347,1.0,0.0,1.0,1.0,0.0,0.0,0.0,13.0,1.0,0.0,28.9,29.1,29.1,28.9,26799.0,2400.0,4.0,0.0,1.0,45.5244,10.0299,250.0,147.0,0.01,0.0,0.0,0.0,0.01,0.0,0.0,0.0,0.0,0.0,0.0,0.0,0.0,0.0,0.0,0.01,4.92,9.36,False
2022-03-07 08:20:06.741,ETR700,e700_4801,150016,_IRIP_OpenSts_,Nessun IR o IP chiuso,N,2022-03-07 08:20:38.345,32.0,Rovato,VEHICLE,VEHICLE,45.5248,10.0313,0,2022-03-07 08:20:03.347,1.0,0.0,1.0,1.0,0.0,0.0,0.0,13.0,1.0,0.0,28.9,29.1,29.1,28.9,26799.0,2400.0,4.0,0.0,1.0,45.5244,10.0299,250.0,147.0,0.01,0.0,0.0,0.0,0.01,0.0,0.0,0.0,0.0,0.0,0.0,0.0,0.0,0.0,0.0,0.01,4.92,9.36,False
2022-03-07 08:09:04.546,ETR700,e700_4801,151015,_ACPantoSts_,Pantografo AC alto in T2,N,2022-03-07 08:20:09.544,665.0,Treviglio,VEHICLE,VEHICLE,45.5098,9.5489,1,2022-03-07 08:09:04.546,1.0,0.0,1.0,1.0,0.0,0.0,0.0,0.0,0.0,0.0,24.2,24.7,24.8,24.9,1645.0,2400.0,4.0,0.0,1.0,45.5098,9.5489,200.0,172.0,0.01,0.0,0.0,0.0,0.0,0.0,0.0,0.0,0.0,0.0,0.0,0.0,0.0,0.0,0.0,0.0,4.92,8.93,True
2022-03-07 08:08:57.542,ETR700,e700_4801,150006,_Running_,Stato RUNNING attivo,N,2022-03-07 08:20:07.55,671.0,Treviglio,VEHICLE,VEHICLE,45.5106,9.5442,0,2022-03-07 08:08:54.254,1.0,0.0,1.0,0.0,0.0,0.0,0.0,0.0,0.0,0.0,24.4,24.8,24.9,25.0,1646.0,2400.0,4.0,0.0,5.0,45.5109,9.5424,200.0,174.0,0.01,0.0,0.0,0.0,0.0,0.0,0.0,0.0,0.0,0.0,0.0,0.0,0.0,0.0,0.0,0.0,4.92,9.0,False
2022-03-07 08:08:54.254,ETR700,e700_4801,ILCK_IR_T2_41,ILCK_IR_T2_41,Cod 41. Line Voltage Type non 3KV,N,2022-03-07 08:20:23.161,689.0,Treviglio,AT,T2_1Q2_IR,45.5109,9.5424,0,2022-03-07 08:08:49.338,1.0,0.0,1.0,0.0,0.0,0.0,0.0,8.0,0.0,0.0,24.4,24.8,25.1,25.1,0.0,2400.0,2.0,0.0,5.0,45.5112,9.5393,200.0,175.0,0.01,0.0,0.0,0.0,0.01,0.0,0.0,0.0,0.0,0.0,0.0,0.0,0.0,0.0,0.0,0.0,4.92,9.02,True
2022-03-07 08:08:54.254,ETR700,e700_4801,150005,_LineVoltType_,Selezionata tensione 25 kV,N,2022-03-07 08:20:23.161,689.0,Treviglio,VEHICLE,VEHICLE,45.5109,9.5424,0,2022-03-07 08:08:49.338,1.0,0.0,1.0,0.0,0.0,0.0,0.0,8.0,0.0,0.0,24.4,24.8,25.1,25.1,0.0,2400.0,2.0,0.0,5.0,45.5112,9.5393,200.0,175.0,0.01,0.0,0.0,0.0,0.01,0.0,0.0,0.0,0.0,0.0,0.0,0.0,0.0,0.0,0.0,0.0,4.92,9.02,True
2022-03-07 08:08:49.144,ETR700,e700_4801,ILCK_IR_T2_42,ILCK_IR_T2_42,Cod 42. Pantografo DC non alto,N,2022-03-07 08:08:54.254,6.0,Treviglio,AT,T2_1Q2_IR,45.5112,9.5393,1,2022-03-07 08:08:49.144,1.0,0.0,1.0,0.0,0.0,0.0,0.0,8.0,0.0,0.0,24.4,24.9,25.1,25.1,0.0,2400.0,2.0,0.0,5.0,45.5112,9.5393,200.0,175.0,0.01,0.0,0.0,0.0,0.01,0.0,0.0,0.0,0.0,0.0,0.0,0.0,0.0,0.0,0.0,0.0,4.92,9.02,True
2022-03-07 08:08:49.144,ETR700,e700_4801,150011,_PantoLowSts_,Nessun pantografo alto,N,2022-03-07 08:09:04.546,16.0,Treviglio,VEHICLE,VEHICLE,45.5112,9.5393,1,2022-03-07 08:08:49.144,1.0,0.0,1.0,0.0,0.0,0.0,0.0,8.0,0.0,0.0,24.4,24.9,25.1,25.1,0.0,2400.0,2.0,0.0,5.0,45.5112,9.5393,200.0,175.0,0.01,0.0,0.0,0.0,0.01,0.0,0.0,0.0,0.0,0.0,0.0,0.0,0.0,0.0,0.0,0.0,4.92,9.02,False
2022-03-07 08:08:42.541,ETR700,e700_4801,ILCK_PROP_21M1,ILCK_PROP_21M1,Cod. 21 AT non presente,N,2022-03-07 08:09:13.746,32.0,Treviglio,MDS,MDS,45.5114,9.5356,0,2022-03-07 08:08:37.547,1.0,0.0,1.0,0.0,0.0,1.0,0.0,68.0,1.0,0.0,28.8,29.0,29.1,28.9,3674.0,2400.0,2.0,0.0,1.0,45.5115,9.5318,200.0,177.0,0.01,0.0,0.0,0.0,0.0,0.0,0.0,0.0,0.0,0.0,0.0,0.0,0.0,0.0,0.0,0.0,4.92,9.07,False
2022-03-07 08:08:42.149,ETR700,e700_4801,ILCK_IRIP_T2_09,ILCK_IRIP_T2_09,Cod 09. Apertura Interruttore principale da ETCS ,N,2022-03-07 08:08:45.833,4.0,Treviglio,AT,T2_1Q2_IR,45.5114,9.5349,0,2022-03-07 08:08:37.547,1.0,0.0,1.0,0.0,0.0,1.0,0.0,68.0,1.0,0.0,28.8,29.0,29.1,28.9,3674.0,2400.0,2.0,0.0,1.0,45.5115,9.5318,200.0,177.0,0.01,0.0,0.0,0.0,0.0,0.0,0.0,0.0,0.0,0.0,0.0,0.0,0.0,0.0,0.0,0.0,4.92,9.07,False
2022-03-07 08:08:42.149,ETR700,e700_4801,150016,_IRIP_OpenSts_,Nessun IR o IP chiuso,N,2022-03-07 08:09:13.343,32.0,Treviglio,VEHICLE,VEHICLE,45.5114,9.5349,0,2022-03-07 08:08:37.547,1.0,0.0,1.0,0.0,0.0,1.0,0.0,68.0,1.0,0.0,28.8,29.0,29.1,28.9,3674.0,2400.0,2.0,0.0,1.0,45.5115,9.5318,200.0,177.0,0.01,0.0,0.0,0.0,0.0,0.0,0.0,0.0,0.0,0.0,0.0,0.0,0.0,0.0,0.0,0.0,4.92,9.07,False
2022-03-07 08:08:42.149,ETR700,e700_4801,150010,_Poc_,Ingresso in POC,N,2022-03-07 08:08:57.542,16.0,Treviglio,VEHICLE,VEHICLE,45.5114,9.5349,0,2022-03-07 08:08:37.547,1.0,0.0,1.0,0.0,0.0,1.0,0.0,68.0,1.0,0.0,28.8,29.0,29.1,28.9,3674.0,2400.0,2.0,0.0,1.0,45.5115,9.5318,200.0,177.0,0.01,0.0,0.0,0.0,0.0,0.0,0.0,0.0,0.0,0.0,0.0,0.0,0.0,0.0,0.0,0.0,4.92,9.07,False
2022-03-07 07:55:32.543,ETR700,e700_4801,ILCK_PROP_10,ILCK_PROP_10,Cod. 10 Nessuna velocita' impostata,N,2022-03-07 07:55:33.141,1.0,Milano,VEHICLE,VEHICLE,45.4951,9.2281,1,2022-03-07 07:55:32.543,1.0,0.0,1.0,0.0,0.0,1.0,0.0,71.0,1.0,0.0,28.6,28.7,28.8,28.6,3448.0,2400.0,2.0,0.0,1.0,45.4951,9.2281,0.0,30.0,0.01,0.0,0.01,0.0,0.01,0.0,0.0,0.01,0.01,0.0,0.01,0.0,0.0,0.0,0.0,0.01,4.78,8.63,False
2022-03-07 07:31:35.139,ETR700,e700_4801,151023,_Front_,Direzione avanti in M1,N,2022-03-07 10:01:58.942,9024.0,Milano,VEHICLE,VEHICLE,45.4877,9.206,1,2022-03-07 07:31:35.139,1.0,0.0,1.0,0.0,0.0,1.0,0.0,155.0,1.0,0.0,28.6,28.7,28.8,28.6,3447.0,2400.0,2.0,0.0,1.0,45.4877,9.206,250.0,0.0,0.01,0.0,0.0,0.0,0.0,0.0,0.0,0.0,0.0,0.0,0.0,0.0,0.0,0.0,0.0,0.0,4.93,9.39,False
2022-03-07 07:31:35.139,ETR700,e700_4801,158024,_Rear_,Direzione indietro in M8,N,2022-03-07 10:01:58.739,9024.0,Milano,VEHICLE,VEHICLE,45.4877,9.206,1,2022-03-07 07:31:35.139,1.0,0.0,1.0,0.0,0.0,1.0,0.0,155.0,1.0,0.0,28.6,28.7,28.8,28.6,3447.0,2400.0,2.0,0.0,1.0,45.4877,9.206,250.0,0.0,0.01,0.0,0.0,0.0,0.0,0.0,0.0,0.0,0.0,0.0,0.0,0.0,0.0,0.0,0.0,0.0,4.93,9.39,False
2022-03-07 07:28:40.942,ETR700,e700_4801,152019,_1Q21_,IR chiuso in cassa T2,N,2022-03-07 08:08:42.149,2402.0,Milano,AT,T2_1Q2_IR,45.4879,9.2059,0,2022-03-07 07:28:36.139,1.0,0.0,1.0,0.0,0.0,1.0,0.0,8.0,0.0,0.0,23.4,23.9,24.0,24.1,3404.0,2400.0,2.0,0.0,1.0,45.4879,9.2059,250.0,0.0,0.01,0.0,0.0,0.0,0.0,0.0,0.0,0.0,0.0,0.0,0.0,0.0,0.0,0.0,0.0,0.0,4.93,8.23,False
2022-03-07 07:28:39.342,ETR700,e700_4801,150017,_CmdCloseIR_,Comando chiusura IR/IP da banco,N,2022-03-07 07:28:40.942,2.0,Milano,VEHICLE,VEHICLE,45.4879,9.2059,0,2022-03-07 07:28:34.541,1.0,0.0,1.0,0.0,0.0,1.0,0.0,8.0,0.0,0.0,23.4,23.9,24.0,24.1,3372.0,2400.0,2.0,0.0,1.0,45.4879,9.2059,250.0,0.0,0.01,0.0,0.0,0.0,0.0,0.0,0.0,0.0,0.0,0.0,0.0,0.0,0.0,0.0,0.0,0.0,4.93,8.24,False
2022-03-07 07:28:30.541,ETR700,e700_4801,151014,_DCPantoSts_,Pantografo DC alto in T2,N,2022-03-07 08:08:49.144,2419.0,Milano,VEHICLE,VEHICLE,45.4878,9.2059,1,2022-03-07 07:28:30.541,1.0,0.0,1.0,0.0,0.0,1.0,0.0,0.0,0.0,0.0,23.4,23.9,24.0,24.1,0.0,2400.0,2.0,0.0,1.0,45.4878,9.2059,250.0,0.0,0.01,0.0,0.0,0.0,0.0,0.0,0.0,0.0,0.0,0.0,0.0,0.0,0.0,0.0,0.0,0.0,4.93,8.27,False
2022-03-07 07:28:23.941,ETR700,e700_4801,150012,_CmdPantoUp_,Comando alzamento panto da banco,N,2022-03-07 07:28:25.337,2.0,Milano,VEHICLE,VEHICLE,45.4878,9.2058,0,2022-03-07 07:28:23.14,1.0,0.0,1.0,0.0,0.0,0.0,0.0,0.0,0.0,0.0,23.5,23.9,24.0,24.1,0.0,2400.0,2.0,0.0,1.0,45.4878,9.2058,250.0,0.0,0.01,0.0,0.0,0.0,0.0,0.0,0.0,0.0,0.0,0.0,0.0,0.0,0.0,0.0,0.0,0.0,4.93,8.32,False
2022-03-07 07:27:36.940,ETR700,e700_4801,ILCK_IR_T2_42,ILCK_IR_T2_42,Cod 42. Pantografo DC non alto,N,2022-03-07 07:28:30.541,54.0,Milano,AT,T2_1Q2_IR,45.4878,9.2059,0,2022-03-07 07:27:32.345,1.0,0.0,1.0,0.0,0.0,1.0,0.0,4.0,0.0,0.0,23.9,24.4,24.6,24.7,0.0,2400.0,2.0,0.0,1.0,45.4878,9.2059,250.0,0.0,0.01,0.0,0.0,0.0,0.0,0.0,0.0,0.0,0.0,0.0,0.0,0.0,0.0,0.0,0.0,0.0,4.93,8.6,True
2022-03-07 07:27:36.940,ETR700,e700_4801,150011,_PantoLowSts_,Nessun pantografo alto,N,2022-03-07 07:28:30.541,54.0,Milano,VEHICLE,VEHICLE,45.4878,9.2059,0,2022-03-07 07:27:32.345,1.0,0.0,1.0,0.0,0.0,1.0,0.0,4.0,0.0,0.0,23.9,24.4,24.6,24.7,0.0,2400.0,2.0,0.0,1.0,45.4878,9.2059,250.0,0.0,0.01,0.0,0.0,0.0,0.0,0.0,0.0,0.0,0.0,0.0,0.0,0.0,0.0,0.0,0.0,0.0,4.93,8.6,False
2022-03-07 07:27:30.143,ETR700,e700_4801,150013,_CmdPantoDw_,Comando abbassamento panto da banco,N,2022-03-07 07:27:32.345,3.0,Milano,VEHICLE,VEHICLE,45.4878,9.2059,0,2022-03-07 07:27:25.944,1.0,0.0,1.0,0.0,0.0,1.0,0.0,102.0,1.0,0.0,28.5,28.7,28.8,28.5,3398.0,2400.0,2.0,0.0,1.0,45.4878,9.2059,250.0,0.0,0.01,0.0,0.0,0.0,0.0,0.0,0.0,0.0,0.0,0.0,0.0,0.0,0.0,0.0,0.0,0.0,4.93,8.64,True
2022-03-07 07:27:27.744,ETR700,e700_4801,ILCK_PROP_21M1,ILCK_PROP_21M1,Cod. 21 AT non presente,N,2022-03-07 07:28:40.942,74.0,Milano,MDS,MDS,45.4878,9.2059,0,2022-03-07 07:27:25.944,1.0,0.0,1.0,0.0,0.0,1.0,0.0,102.0,1.0,0.0,28.5,28.7,28.8,28.5,3398.0,2400.0,2.0,0.0,1.0,45.4878,9.2059,250.0,0.0,0.01,0.0,0.0,0.0,0.0,0.0,0.0,0.0,0.0,0.0,0.0,0.0,0.0,0.0,0.0,0.0,4.93,8.64,False
2022-03-07 07:27:27.542,ETR700,e700_4801,150016,_IRIP_OpenSts_,Nessun IR o IP chiuso,N,2022-03-07 07:28:40.942,74.0,Milano,VEHICLE,VEHICLE,45.4878,9.2059,0,2022-03-07 07:27:25.944,1.0,0.0,1.0,0.0,0.0,1.0,0.0,102.0,1.0,0.0,28.5,28.7,28.8,28.5,3398.0,2400.0,2.0,0.0,1.0,45.4878,9.2059,250.0,0.0,0.01,0.0,0.0,0.0,0.0,0.0,0.0,0.0,0.0,0.0,0.0,0.0,0.0,0.0,0.0,0.0,4.93,8.64,False
2022-03-07 07:27:25.944,ETR700,e700_4801,150018,_CmdOpenIR_,Comando apertura IR/IP da banco,N,2022-03-07 07:27:27.744,2.0,Milano,VEHICLE,VEHICLE,45.4878,9.2059,1,2022-03-07 07:27:25.944,1.0,0.0,1.0,0.0,0.0,1.0,0.0,102.0,1.0,0.0,28.5,28.7,28.8,28.5,3398.0,2400.0,2.0,0.0,1.0,45.4878,9.2059,250.0,0.0,0.01,0.0,0.0,0.0,0.0,0.0,0.0,0.0,0.0,0.0,0.0,0.0,0.0,0.0,0.0,0.0,4.93,8.64,False
2022-03-07 07:24:44.743,ETR700,e700_4801,150025,_9S13_,Pressione CP sotto 7.5 bar in M1 (press. 9S13),N,2022-03-07 07:25:35.54,51.0,Milano,VEHICLE,VEHICLE,45.4878,9.206,0,2022-03-07 07:24:40.944,1.0,0.0,1.0,0.0,0.0,1.0,0.0,56.0,1.0,0.0,28.4,28.5,28.5,28.3,3476.0,2400.0,2.0,0.0,1.0,45.4878,9.2059,250.0,0.0,2.03,1.93,1.55,1.8,1.99,1.65,1.27,1.72,2.03,1.95,1.58,1.78,1.98,1.64,1.24,1.71,3.81,7.88,True
2022-03-07 07:24:15.938,ETR700,e700_4801,152019,_1Q21_,IR chiuso in cassa T2,N,2022-03-07 07:27:27.542,192.0,Milano,AT,T2_1Q2_IR,45.4878,9.2059,0,2022-03-07 07:24:14.339,1.0,0.0,0.0,0.0,0.0,1.0,0.0,8.0,0.0,0.0,23.8,24.2,24.3,24.4,3453.0,2400.0,2.0,0.0,1.0,45.4878,9.2059,250.0,0.0,0.01,0.0,0.0,0.0,0.0,0.0,0.0,0.0,0.0,0.0,0.0,0.0,0.0,0.0,0.0,0.0,4.92,8.09,False
2022-03-07 07:24:14.339,ETR700,e700_4801,150017,_CmdCloseIR_,Comando chiusura IR/IP da banco,N,2022-03-07 07:24:16.341,3.0,Milano,VEHICLE,VEHICLE,45.4878,9.2059,1,2022-03-07 07:24:14.339,1.0,0.0,0.0,0.0,0.0,1.0,0.0,8.0,0.0,0.0,23.8,24.2,24.3,24.4,3453.0,2400.0,2.0,0.0,1.0,45.4878,9.2059,250.0,0.0,0.01,0.0,0.0,0.0,0.0,0.0,0.0,0.0,0.0,0.0,0.0,0.0,0.0,0.0,0.0,0.0,4.92,8.09,False
2022-03-07 07:24:00.139,ETR700,e700_4801,151014,_DCPantoSts_,Pantografo DC alto in T2,N,2022-03-07 07:27:36.94,217.0,Milano,VEHICLE,VEHICLE,45.4878,9.2059,0,2022-03-07 07:23:55.533,1.0,0.0,0.0,0.0,0.0,0.0,0.0,0.0,0.0,0.0,23.9,24.4,24.4,24.5,0.0,2400.0,2.0,0.0,1.0,45.4878,9.2059,250.0,0.0,0.01,0.0,0.0,0.0,0.0,0.0,0.0,0.0,0.0,0.0,0.0,0.0,0.0,0.0,0.0,0.0,4.91,8.2,False
2022-03-07 07:23:53.538,ETR700,e700_4801,150012,_CmdPantoUp_,Comando alzamento panto da banco,N,2022-03-07 07:23:55.342,2.0,Milano,VEHICLE,VEHICLE,45.4878,9.2059,1,2022-03-07 07:23:53.538,1.0,0.0,0.0,0.0,0.0,0.0,0.0,0.0,0.0,0.0,24.0,24.4,24.5,24.6,0.0,2400.0,2.0,0.0,1.0,45.4878,9.2059,250.0,0.0,0.01,0.0,0.0,0.0,0.0,0.0,0.0,0.0,0.0,0.0,0.0,0.0,0.0,0.0,0.0,0.0,4.91,8.21,False
2022-03-07 07:23:31.349,ETR700,e700_4801,150016,_IRIP_OpenSts_,Nessun IR o IP chiuso,N,2022-03-07 07:24:15.938,45.0,Milano,VEHICLE,VEHICLE,45.4878,9.2059,0,2022-03-07 07:23:26.941,1.0,0.0,0.0,0.0,0.0,1.0,0.0,64.0,1.0,0.0,28.6,28.7,28.8,28.6,3411.0,2400.0,2.0,0.0,1.0,45.4878,9.206,250.0,0.0,2.67,2.61,2.68,2.6,2.42,2.13,2.08,2.6,2.65,2.6,2.68,2.61,2.41,2.12,2.06,2.62,1.41,8.77,False
2022-03-07 07:23:31.145,ETR700,e700_4801,ILCK_PROP_21M1,ILCK_PROP_21M1,Cod. 21 AT non presente,N,2022-03-07 07:24:16.139,45.0,Milano,MDS,MDS,45.4878,9.2059,0,2022-03-07 07:23:26.941,1.0,0.0,0.0,0.0,0.0,1.0,0.0,64.0,1.0,0.0,28.6,28.7,28.8,28.6,3411.0,2400.0,2.0,0.0,1.0,45.4878,9.206,250.0,0.0,2.67,2.61,2.68,2.6,2.42,2.13,2.08,2.6,2.65,2.6,2.68,2.61,2.41,2.12,2.06,2.62,1.41,8.77,False
2022-03-07 07:23:30.942,ETR700,e700_4801,150013,_CmdPantoDw_,Comando abbassamento panto da banco,N,2022-03-07 07:23:34.505,4.0,Milano,VEHICLE,VEHICLE,45.4878,9.2059,0,2022-03-07 07:23:26.941,1.0,0.0,0.0,0.0,0.0,1.0,0.0,64.0,1.0,0.0,28.6,28.7,28.8,28.6,3411.0,2400.0,2.0,0.0,1.0,45.4878,9.206,250.0,0.0,2.67,2.61,2.68,2.6,2.42,2.13,2.08,2.6,2.65,2.6,2.68,2.61,2.41,2.12,2.06,2.62,1.41,8.77,True
2022-03-07 07:22:53.939,ETR700,e700_4801,018202,CCU_FltWtbComm,Mancata comunicazione WTB in CCU M8,N,2022-03-07 07:22:55.337,2.0,Milano,VEHICLE,VEHICLE,45.4878,9.2059,0,2022-03-07 07:22:53.741,0.0,0.0,0.0,0.0,0.0,1.0,0.0,68.0,1.0,0.0,28.7,28.7,28.8,28.6,3458.0,2400.0,2.0,0.0,2.0,45.4878,9.2059,250.0,0.0,2.68,2.62,2.68,2.6,2.43,2.12,2.07,2.61,2.67,2.61,2.68,2.61,2.41,2.12,2.07,2.62,0.07,9.01,False
2022-03-07 07:22:53.939,ETR700,e700_4801,018200,CCU_FltWtbR1,Mancata ricezione R1 in CCU M8,N,2022-03-07 07:22:55.337,2.0,Milano,VEHICLE,VEHICLE,45.4878,9.2059,0,2022-03-07 07:22:53.741,0.0,0.0,0.0,0.0,0.0,1.0,0.0,68.0,1.0,0.0,28.7,28.7,28.8,28.6,3458.0,2400.0,2.0,0.0,2.0,45.4878,9.2059,250.0,0.0,2.68,2.62,2.68,2.6,2.43,2.12,2.07,2.61,2.67,2.61,2.68,2.61,2.41,2.12,2.07,2.62,0.07,9.01,True
2022-03-07 07:22:53.939,ETR700,e700_4801,150006,_Running_,Stato RUNNING attivo,N,2022-03-07 08:08:42.149,2749.0,Milano,VEHICLE,VEHICLE,45.4878,9.2059,0,2022-03-07 07:22:53.741,0.0,0.0,0.0,0.0,0.0,1.0,0.0,68.0,1.0,0.0,28.7,28.7,28.8,28.6,3458.0,2400.0,2.0,0.0,2.0,45.4878,9.2059,250.0,0.0,2.68,2.62,2.68,2.6,2.43,2.12,2.07,2.61,2.67,2.61,2.68,2.61,2.41,2.12,2.07,2.62,0.07,9.01,False
2022-03-07 07:18:43.343,ETR700,e700_4801,150007,_Standby_,Stato STANDBY attivo,N,2022-03-07 07:22:53.939,251.0,Milano,VEHICLE,VEHICLE,45.4877,9.2059,0,2022-03-07 07:18:42.742,0.0,0.0,2.0,0.0,0.0,1.0,0.0,130.0,1.0,0.0,28.7,28.7,28.8,28.5,3414.0,2400.0,2.0,0.0,1.0,45.4877,9.2059,250.0,0.0,2.66,2.62,2.66,2.6,2.42,2.12,2.06,2.61,2.65,2.6,2.68,2.61,2.4,2.1,2.06,2.6,0.75,8.7,False
2022-03-07 07:18:42.944,ETR700,e700_4801,011202,CCU_FltWtbComm,Mancata comunicazione WTB in CCU M1,N,2022-03-07 07:18:44.736,2.0,Milano,VEHICLE,VEHICLE,45.4877,9.2059,0,2022-03-07 07:18:42.742,0.0,0.0,2.0,0.0,0.0,1.0,0.0,130.0,1.0,0.0,28.7,28.7,28.8,28.5,3414.0,2400.0,2.0,0.0,1.0,45.4877,9.2059,250.0,0.0,2.66,2.62,2.66,2.6,2.42,2.12,2.06,2.61,2.65,2.6,2.68,2.61,2.4,2.1,2.06,2.6,0.75,8.7,False
2022-03-07 07:18:42.944,ETR700,e700_4801,011201,CCU_FltWtbR2,Mancata ricezione R2 in CCU M1,N,2022-03-07 07:18:44.736,2.0,Milano,VEHICLE,VEHICLE,45.4877,9.2059,0,2022-03-07 07:18:42.742,0.0,0.0,2.0,0.0,0.0,1.0,0.0,130.0,1.0,0.0,28.7,28.7,28.8,28.5,3414.0,2400.0,2.0,0.0,1.0,45.4877,9.2059,250.0,0.0,2.66,2.62,2.66,2.6,2.42,2.12,2.06,2.61,2.65,2.6,2.68,2.61,2.4,2.1,2.06,2.6,0.75,8.7,False
2022-03-07 07:18:42.742,ETR700,e700_4801,ILCK_PROP_15,ILCK_PROP_15,Cod. 15 Nessun banco abilitato,N,2022-03-07 07:22:53.939,252.0,Milano,MDS,MDS,45.4877,9.2059,1,2022-03-07 07:18:42.742,0.0,0.0,2.0,0.0,0.0,1.0,0.0,130.0,1.0,0.0,28.7,28.7,28.8,28.5,3414.0,2400.0,2.0,0.0,1.0,45.4877,9.2059,250.0,0.0,2.66,2.62,2.66,2.6,2.42,2.12,2.06,2.61,2.65,2.6,2.68,2.61,2.4,2.1,2.06,2.6,0.75,8.7,False
2022-03-07 07:18:23.943,ETR700,e700_4801,ILCK_PROP_11M8,ILCK_PROP_11M8,Cod. 11 Rilascio Porte Destre Attivo,N,2022-03-07 07:18:42.742,19.0,Milano,MDS,MDS,45.4878,9.206,1,2022-03-07 07:18:23.943,0.0,1.0,2.0,0.0,0.0,1.0,0.0,134.0,1.0,0.0,28.7,28.7,28.8,28.5,3390.0,2400.0,2.0,0.0,1.0,45.4878,9.206,250.0,0.0,2.63,2.52,2.63,2.58,2.4,2.09,2.04,2.59,2.62,2.51,2.64,2.57,2.38,2.08,2.05,2.57,0.61,8.32,False
2022-03-07 07:02:28.145,ETR700,e700_4801,158023,_Front_,Direzione avanti in M8,N,2022-03-07 07:18:13.542,946.0,Milano,VEHICLE,VEHICLE,45.4988,9.2177,1,2022-03-07 07:02:28.145,0.0,1.0,2.0,0.0,0.0,1.0,0.0,219.0,1.0,0.0,28.5,28.5,28.5,28.3,3464.0,2400.0,2.0,0.0,1.0,45.4988,9.2177,250.0,0.0,0.01,0.0,0.0,0.0,0.0,0.0,0.0,0.0,0.0,0.0,0.0,0.0,0.0,0.0,0.0,0.0,4.95,8.57,False
2022-03-07 07:02:28.145,ETR700,e700_4801,151024,_Rear_,Direzione indietro in M1,N,2022-03-07 07:18:13.341,946.0,Milano,VEHICLE,VEHICLE,45.4988,9.2177,1,2022-03-07 07:02:28.145,0.0,1.0,2.0,0.0,0.0,1.0,0.0,219.0,1.0,0.0,28.5,28.5,28.5,28.3,3464.0,2400.0,2.0,0.0,1.0,45.4988,9.2177,250.0,0.0,0.01,0.0,0.0,0.0,0.0,0.0,0.0,0.0,0.0,0.0,0.0,0.0,0.0,0.0,0.0,0.0,4.95,8.57,False
2022-03-07 06:58:33.745,ETR700,e700_4801,ILCK_PROP_02,ILCK_PROP_02,Cod. 02 Taglio trazione comandato da RCEC,N,2022-03-07 07:02:51.339,258.0,Milano,VEHICLE,VEHICLE,45.4988,9.2177,0,2022-03-07 06:58:29.74,0.0,0.0,0.0,0.0,0.0,1.0,0.0,158.0,1.0,0.0,28.4,28.3,28.4,28.2,3383.0,2400.0,2.0,0.0,4.0,45.4988,9.2177,0.0,0.0,2.7,2.64,2.7,2.57,2.43,2.12,2.08,2.56,2.69,2.62,2.68,2.57,2.41,2.12,2.08,2.58,0.02,8.4,False
2022-03-07 06:58:33.745,ETR700,e700_4801,150006,_Running_,Stato RUNNING attivo,N,2022-03-07 07:18:43.343,1210.0,Milano,VEHICLE,VEHICLE,45.4988,9.2177,0,2022-03-07 06:58:29.74,0.0,0.0,0.0,0.0,0.0,1.0,0.0,158.0,1.0,0.0,28.4,28.3,28.4,28.2,3383.0,2400.0,2.0,0.0,4.0,45.4988,9.2177,0.0,0.0,2.7,2.64,2.7,2.57,2.43,2.12,2.08,2.56,2.69,2.62,2.68,2.57,2.41,2.12,2.08,2.58,0.02,8.4,False
2022-03-07 06:58:33.546,ETR700,e700_4801,011202,CCU_FltWtbComm,Mancata comunicazione WTB in CCU M1,N,2022-03-07 06:58:35.337,2.0,Milano,VEHICLE,VEHICLE,45.4988,9.2177,0,2022-03-07 06:58:29.74,0.0,0.0,0.0,0.0,0.0,1.0,0.0,158.0,1.0,0.0,28.4,28.3,28.4,28.2,3383.0,2400.0,2.0,0.0,4.0,45.4988,9.2177,0.0,0.0,2.7,2.64,2.7,2.57,2.43,2.12,2.08,2.56,2.69,2.62,2.68,2.57,2.41,2.12,2.08,2.58,0.02,8.4,False
2022-03-07 06:58:33.546,ETR700,e700_4801,011200,CCU_FltWtbR1,Mancata ricezione R1 in CCU M1,N,2022-03-07 06:58:35.337,2.0,Milano,VEHICLE,VEHICLE,45.4988,9.2177,0,2022-03-07 06:58:29.74,0.0,0.0,0.0,0.0,0.0,1.0,0.0,158.0,1.0,0.0,28.4,28.3,28.4,28.2,3383.0,2400.0,2.0,0.0,4.0,45.4988,9.2177,0.0,0.0,2.7,2.64,2.7,2.57,2.43,2.12,2.08,2.56,2.69,2.62,2.68,2.57,2.41,2.12,2.08,2.58,0.02,8.4,False
2022-03-07 06:53:08.542,ETR700,e700_4801,150009,_Parking_,Stato PARKING attivo,N,2022-03-07 06:58:33.745,326.0,Milano,VEHICLE,VEHICLE,45.4988,9.2177,1,2022-03-07 06:53:08.542,0.0,0.0,0.0,0.0,0.0,1.0,0.0,154.0,1.0,0.0,28.2,28.2,28.2,27.9,3437.0,2400.0,2.0,0.0,4.0,45.4988,9.2177,0.0,0.0,2.68,2.62,2.7,2.57,2.43,2.1,2.08,2.57,2.67,2.61,2.69,2.58,2.4,2.1,2.08,2.59,0.47,8.96,False
2022-03-07 06:52:51.742,ETR700,e700_4801,ILCK_PROP_15,ILCK_PROP_15,Cod. 15 Nessun banco abilitato,N,2022-03-07 06:58:33.546,342.0,Milano,MDS,MDS,45.4988,9.2177,0,2022-03-07 06:52:51.544,1.0,0.0,0.0,0.0,0.0,1.0,0.0,162.0,1.0,0.0,28.2,28.2,28.2,27.9,3413.0,2400.0,2.0,0.0,1.0,45.4988,9.2177,250.0,0.0,2.67,2.6,2.68,2.56,2.42,2.1,2.07,2.58,2.66,2.59,2.69,2.55,2.38,2.09,2.07,2.57,1.05,8.81,False
2022-03-07 06:52:51.742,ETR700,e700_4801,150007,_Standby_,Stato STANDBY attivo,N,2022-03-07 06:53:08.542,17.0,Milano,VEHICLE,VEHICLE,45.4988,9.2177,0,2022-03-07 06:52:51.544,1.0,0.0,0.0,0.0,0.0,1.0,0.0,162.0,1.0,0.0,28.2,28.2,28.2,27.9,3413.0,2400.0,2.0,0.0,1.0,45.4988,9.2177,250.0,0.0,2.67,2.6,2.68,2.56,2.42,2.1,2.07,2.58,2.66,2.59,2.69,2.55,2.38,2.09,2.07,2.57,1.05,8.81,False
2022-03-07 06:52:51.544,ETR700,e700_4801,011202,CCU_FltWtbComm,Mancata comunicazione WTB in CCU M1,N,2022-03-07 06:52:51.942,1.0,Milano,VEHICLE,VEHICLE,45.4988,9.2177,1,2022-03-07 06:52:51.544,1.0,0.0,0.0,0.0,0.0,1.0,0.0,162.0,1.0,0.0,28.2,28.2,28.2,27.9,3413.0,2400.0,2.0,0.0,1.0,45.4988,9.2177,250.0,0.0,2.67,2.6,2.68,2.56,2.42,2.1,2.07,2.58,2.66,2.59,2.69,2.55,2.38,2.09,2.07,2.57,1.05,8.81,False
2022-03-07 06:52:51.544,ETR700,e700_4801,018202,CCU_FltWtbComm,Mancata comunicazione WTB in CCU M8,N,2022-03-07 06:52:53.343,2.0,Milano,VEHICLE,VEHICLE,45.4988,9.2177,1,2022-03-07 06:52:51.544,1.0,0.0,0.0,0.0,0.0,1.0,0.0,162.0,1.0,0.0,28.2,28.2,28.2,27.9,3413.0,2400.0,2.0,0.0,1.0,45.4988,9.2177,250.0,0.0,2.67,2.6,2.68,2.56,2.42,2.1,2.07,2.58,2.66,2.59,2.69,2.55,2.38,2.09,2.07,2.57,1.05,8.81,False
2022-03-07 06:52:51.544,ETR700,e700_4801,011200,CCU_FltWtbR1,Mancata ricezione R1 in CCU M1,N,2022-03-07 06:52:51.942,1.0,Milano,VEHICLE,VEHICLE,45.4988,9.2177,1,2022-03-07 06:52:51.544,1.0,0.0,0.0,0.0,0.0,1.0,0.0,162.0,1.0,0.0,28.2,28.2,28.2,27.9,3413.0,2400.0,2.0,0.0,1.0,45.4988,9.2177,250.0,0.0,2.67,2.6,2.68,2.56,2.42,2.1,2.07,2.58,2.66,2.59,2.69,2.55,2.38,2.09,2.07,2.57,1.05,8.81,False
2022-03-07 06:52:51.544,ETR700,e700_4801,018201,CCU_FltWtbR2,Mancata ricezione R2 in CCU M8,N,2022-03-07 06:52:53.343,2.0,Milano,VEHICLE,VEHICLE,45.4988,9.2177,1,2022-03-07 06:52:51.544,1.0,0.0,0.0,0.0,0.0,1.0,0.0,162.0,1.0,0.0,28.2,28.2,28.2,27.9,3413.0,2400.0,2.0,0.0,1.0,45.4988,9.2177,250.0,0.0,2.67,2.6,2.68,2.56,2.42,2.1,2.07,2.58,2.66,2.59,2.69,2.55,2.38,2.09,2.07,2.57,1.05,8.81,False
2022-03-07 06:51:59.739,ETR700,e700_4801,158024,_Rear_,Direzione indietro in M8,N,2022-03-07 06:52:39.542,40.0,Milano,VEHICLE,VEHICLE,45.4988,9.2177,0,2022-03-07 06:51:59.541,1.0,0.0,1.0,0.0,0.0,1.0,0.0,154.0,1.0,0.0,28.1,28.1,28.1,27.8,3405.0,2400.0,2.0,0.0,1.0,45.4988,9.2177,250.0,0.0,0.01,0.0,0.0,0.0,0.0,0.0,0.0,0.0,0.0,0.0,0.0,0.0,0.0,0.0,0.0,0.0,4.94,8.48,False
2022-03-07 06:51:59.541,ETR700,e700_4801,151023,_Front_,Direzione avanti in M1,N,2022-03-07 06:52:39.344,40.0,Milano,VEHICLE,VEHICLE,45.4988,9.2177,1,2022-03-07 06:51:59.541,1.0,0.0,1.0,0.0,0.0,1.0,0.0,154.0,1.0,0.0,28.1,28.1,28.1,27.8,3405.0,2400.0,2.0,0.0,1.0,45.4988,9.2177,250.0,0.0,0.01,0.0,0.0,0.0,0.0,0.0,0.0,0.0,0.0,0.0,0.0,0.0,0.0,0.0,0.0,0.0,4.94,8.48,False
2022-03-07 06:26:33.340,ETR700,e700_4801,152019,_1Q21_,IR chiuso in cassa T2,N,2022-03-07 07:23:31.145,3418.0,Milano,AT,T2_1Q2_IR,45.4988,9.2177,0,2022-03-07 06:26:31.742,1.0,0.0,0.0,0.0,0.0,1.0,0.0,3.0,0.0,0.0,20.8,21.2,21.3,21.4,3452.0,2400.0,2.0,0.0,1.0,45.4988,9.2177,250.0,0.0,2.04,2.53,2.7,0.72,0.01,2.13,0.0,2.26,2.03,2.52,2.69,0.75,0.01,2.13,0.0,2.28,0.0,0.01,False
2022-03-07 06:26:31.742,ETR700,e700_4801,150017,_CmdCloseIR_,Comando chiusura IR/IP da banco,N,2022-03-07 06:26:33.74,2.0,Milano,VEHICLE,VEHICLE,45.4988,9.2177,0,2022-03-07 06:26:26.743,1.0,0.0,0.0,0.0,0.0,1.0,0.0,3.0,0.0,0.0,21.0,21.2,21.5,21.5,3459.0,2400.0,2.0,0.0,1.0,45.4988,9.2177,250.0,0.0,2.04,2.53,2.7,0.72,0.01,2.13,0.0,2.26,2.04,2.52,2.69,0.75,0.0,2.12,0.0,2.28,0.0,0.01,False
2022-03-07 06:26:18.343,ETR700,e700_4801,151014,_DCPantoSts_,Pantografo DC alto in T2,N,2022-03-07 07:23:38.072,3440.0,Milano,VEHICLE,VEHICLE,45.4988,9.2177,1,2022-03-07 06:26:18.343,1.0,0.0,0.0,0.0,0.0,1.0,0.0,0.0,0.0,0.0,21.0,21.4,21.5,21.6,0.0,2400.0,2.0,0.0,1.0,45.4988,9.2177,250.0,0.0,2.04,2.53,2.7,0.72,0.01,2.13,0.0,2.26,2.04,2.52,2.69,0.75,0.0,2.13,0.0,2.28,0.0,0.01,False
2022-03-07 06:26:10.940,ETR700,e700_4801,150012,_CmdPantoUp_,Comando alzamento panto da banco,N,2022-03-07 06:26:12.944,3.0,Milano,VEHICLE,VEHICLE,45.4988,9.2177,0,2022-03-07 06:26:06.14,1.0,0.0,0.0,0.0,0.0,0.0,0.0,0.0,0.0,0.0,21.0,21.4,21.5,21.6,0.0,2400.0,2.0,0.0,1.0,45.4987,9.2177,250.0,0.0,2.05,2.53,2.7,0.72,0.0,2.12,0.0,2.26,2.04,2.52,2.69,0.75,0.0,2.13,0.0,2.28,0.0,0.01,False
2022-03-07 06:25:56.740,ETR700,e700_4801,150011,_PantoLowSts_,Nessun pantografo alto,N,2022-03-07 06:26:18.343,22.0,Milano,VEHICLE,VEHICLE,45.4987,9.2177,0,2022-03-07 06:25:54.537,1.0,0.0,0.0,0.0,0.0,0.0,1.0,0.0,0.0,0.0,21.0,21.3,21.4,21.4,0.0,2400.0,2.0,0.0,1.0,45.4987,9.2177,250.0,0.0,2.05,2.53,2.7,0.72,0.01,2.13,0.0,2.26,2.04,2.52,2.69,0.75,0.01,2.13,0.0,2.28,0.0,0.01,False
2022-03-07 06:25:54.745,ETR700,e700_4801,150013,_CmdPantoDw_,Comando abbassamento panto da banco,N,2022-03-07 06:25:55.538,1.0,Milano,VEHICLE,VEHICLE,45.4987,9.2177,0,2022-03-07 06:25:54.537,1.0,0.0,0.0,0.0,0.0,0.0,1.0,0.0,0.0,0.0,21.0,21.3,21.4,21.4,0.0,2400.0,2.0,0.0,1.0,45.4987,9.2177,250.0,0.0,2.05,2.53,2.7,0.72,0.01,2.13,0.0,2.26,2.04,2.52,2.69,0.75,0.01,2.13,0.0,2.28,0.0,0.01,True
2022-03-07 06:25:36.940,ETR700,e700_4801,158014,_DCPantoSts_,Pantografo DC alto in T7,N,2022-03-07 06:25:56.74,20.0,Milano,VEHICLE,VEHICLE,45.4987,9.2177,1,2022-03-07 06:25:36.94,1.0,0.0,0.0,0.0,0.0,2.0,1.0,0.0,0.0,0.0,21.0,21.3,21.4,21.4,0.0,2400.0,2.0,0.0,1.0,45.4987,9.2177,250.0,0.0,2.05,2.53,2.7,0.72,0.01,2.12,0.0,2.26,2.04,2.52,2.69,0.75,0.01,2.13,0.0,2.28,0.0,0.01,False
2022-03-07 06:25:24.938,ETR700,e700_4801,150012,_CmdPantoUp_,Comando alzamento panto da banco,N,2022-03-07 06:25:26.545,2.0,Milano,VEHICLE,VEHICLE,45.4987,9.2177,1,2022-03-07 06:25:24.938,1.0,0.0,0.0,0.0,0.0,2.0,0.0,0.0,0.0,0.0,21.0,21.3,21.5,21.4,0.0,2400.0,2.0,0.0,1.0,45.4987,9.2177,250.0,0.0,2.05,2.53,2.7,0.72,0.01,2.13,0.0,2.26,2.04,2.52,2.69,0.75,0.01,2.13,0.0,2.28,0.0,0.01,False
2022-03-07 06:25:16.941,ETR700,e700_4801,150027,_CmdTCUFailReset_,Comando riconfigurazione e reset da banco,N,2022-03-07 06:25:18.35,2.0,Milano,VEHICLE,VEHICLE,45.4987,9.2177,0,2022-03-07 06:25:11.943,1.0,0.0,0.0,0.0,0.0,2.0,0.0,0.0,0.0,0.0,21.0,21.3,21.5,21.5,0.0,2400.0,2.0,0.0,1.0,45.4987,9.2177,250.0,0.0,2.05,2.53,2.7,0.72,0.01,2.12,0.0,2.26,2.04,2.52,2.68,0.75,0.01,2.13,0.0,2.28,0.0,0.01,True
2022-03-07 06:25:07.742,ETR700,e700_4801,ILCK_IR_T2_52,ILCK_IR_T2_52,Cod 52. Comando apertura DC per guasto Pantografo,N,2022-03-07 06:25:38.138,31.0,Milano,AT,T2_1Q2_IR,45.4987,9.2177,0,2022-03-07 06:25:04.74,1.0,0.0,0.0,0.0,0.0,2.0,0.0,0.0,0.0,0.0,21.0,21.4,21.5,21.5,0.0,2400.0,2.0,0.0,1.0,45.4987,9.2177,250.0,0.0,2.05,2.53,2.7,0.72,0.01,2.13,0.0,2.26,2.04,2.52,2.68,0.75,0.01,2.13,0.0,2.29,0.0,0.01,True
2022-03-07 06:24:56.141,ETR700,e700_4801,150027,_CmdTCUFailReset_,Comando riconfigurazione e reset da banco,N,2022-03-07 06:25:01.554,6.0,Milano,VEHICLE,VEHICLE,45.4987,9.2177,0,2022-03-07 06:24:51.561,1.0,0.0,0.0,0.0,0.0,2.0,0.0,0.0,0.0,0.0,20.9,21.3,21.4,21.4,0.0,2400.0,2.0,0.0,1.0,45.4987,9.2177,250.0,0.0,2.05,2.53,2.69,0.73,0.01,2.12,0.0,2.26,2.04,2.52,2.69,0.75,0.01,2.12,0.0,2.28,0.0,0.01,True
2022-03-07 06:24:53.923,ETR700,e700_4801,150018,_CmdOpenIR_,Comando apertura IR/IP da banco,N,2022-03-07 06:25:01.554,8.0,Milano,VEHICLE,VEHICLE,45.4987,9.2177,0,2022-03-07 06:24:49.191,1.0,0.0,0.0,0.0,0.0,2.0,0.0,0.0,0.0,0.0,20.9,21.3,21.4,21.4,0.0,2400.0,2.0,0.0,1.0,45.4987,9.2177,250.0,0.0,2.05,2.53,2.7,0.73,0.01,2.13,0.0,2.26,2.04,2.52,2.69,0.75,0.0,2.13,0.0,2.28,0.0,0.01,False
2022-03-07 06:24:51.561,ETR700,e700_4801,150018,_CmdOpenIR_,Comando apertura IR/IP da banco,N,2022-03-07 06:24:53.586,3.0,Milano,VEHICLE,VEHICLE,45.4987,9.2177,0,2022-03-07 06:24:47.937,1.0,0.0,0.0,0.0,0.0,2.0,0.0,4.0,0.0,0.0,20.9,21.2,21.3,21.3,0.0,2400.0,2.0,0.0,1.0,45.4987,9.2177,250.0,0.0,2.05,2.53,2.7,0.73,0.01,2.12,0.0,2.26,2.04,2.52,2.69,0.75,0.01,2.12,0.0,2.29,0.0,0.01,False
2022-03-07 06:24:35.137,ETR700,e700_4801,150016,_IRIP_OpenSts_,Nessun IR o IP chiuso,N,2022-03-07 06:26:33.34,119.0,Milano,VEHICLE,VEHICLE,45.4987,9.2177,0,2022-03-07 06:24:33.54,1.0,0.0,0.0,0.0,0.0,1.0,0.0,85.0,1.0,0.0,20.8,21.2,21.3,21.3,3364.0,2400.0,2.0,0.0,1.0,45.4987,9.2177,250.0,0.0,2.05,2.53,2.7,0.73,0.01,2.12,0.0,2.26,2.04,2.52,2.69,0.75,0.01,2.13,0.0,2.29,0.0,0.01,False
2022-03-07 06:24:34.943,ETR700,e700_4801,ILCK_IR_T2_52,ILCK_IR_T2_52,Cod 52. Comando apertura DC per guasto Pantografo,N,2022-03-07 06:25:05.936,31.0,Milano,AT,T2_1Q2_IR,45.4987,9.2177,0,2022-03-07 06:24:33.54,1.0,0.0,0.0,0.0,0.0,1.0,0.0,85.0,1.0,0.0,20.8,21.2,21.3,21.3,3364.0,2400.0,2.0,0.0,1.0,45.4987,9.2177,250.0,0.0,2.05,2.53,2.7,0.73,0.01,2.12,0.0,2.26,2.04,2.52,2.69,0.75,0.01,2.13,0.0,2.29,0.0,0.01,True
2022-03-07 06:24:34.943,ETR700,e700_4801,ILCK_PROP_21M1,ILCK_PROP_21M1,Cod. 21 AT non presente,N,2022-03-07 06:26:33.34,119.0,Milano,MDS,MDS,45.4987,9.2177,0,2022-03-07 06:24:33.54,1.0,0.0,0.0,0.0,0.0,1.0,0.0,85.0,1.0,0.0,20.8,21.2,21.3,21.3,3364.0,2400.0,2.0,0.0,1.0,45.4987,9.2177,250.0,0.0,2.05,2.53,2.7,0.73,0.01,2.12,0.0,2.26,2.04,2.52,2.69,0.75,0.01,2.13,0.0,2.29,0.0,0.01,False
2022-03-07 06:24:28.342,ETR700,e700_4801,152019,_1Q21_,IR chiuso in cassa T2,N,2022-03-07 06:24:35.137,7.0,Milano,AT,T2_1Q2_IR,45.4988,9.2177,0,2022-03-07 06:24:25.937,1.0,0.0,0.0,0.0,0.0,1.0,0.0,8.0,0.0,0.0,20.8,21.2,21.3,21.3,3369.0,2400.0,2.0,0.0,1.0,45.4988,9.2177,250.0,0.0,2.05,2.53,2.7,0.73,0.0,2.12,0.0,2.26,2.04,2.52,2.69,0.76,0.01,2.12,0.0,2.29,0.0,0.01,False
2022-03-07 06:24:25.937,ETR700,e700_4801,150017,_CmdCloseIR_,Comando chiusura IR/IP da banco,N,2022-03-07 06:24:27.941,3.0,Milano,VEHICLE,VEHICLE,45.4988,9.2177,0,2022-03-07 06:24:20.943,1.0,0.0,0.0,0.0,0.0,1.0,0.0,8.0,0.0,0.0,20.9,21.4,21.5,21.3,3395.0,2400.0,2.0,0.0,1.0,45.4988,9.2177,250.0,0.0,2.05,2.53,2.7,0.73,0.01,2.12,0.0,2.26,2.04,2.52,2.69,0.76,0.01,2.12,0.0,2.28,0.0,0.01,False
2022-03-07 06:24:12.740,ETR700,e700_4801,151014,_DCPantoSts_,Pantografo DC alto in T2,N,2022-03-07 06:24:34.541,22.0,Milano,VEHICLE,VEHICLE,45.4988,9.2177,1,2022-03-07 06:24:12.74,1.0,0.0,0.0,0.0,0.0,1.0,0.0,0.0,0.0,0.0,21.0,21.4,21.5,21.5,0.0,2400.0,2.0,0.0,1.0,45.4988,9.2177,250.0,0.0,2.06,2.53,2.69,0.73,0.01,2.12,0.0,2.26,2.04,2.52,2.69,0.76,0.01,2.13,0.0,2.29,0.0,0.01,False
2022-03-07 06:24:05.334,ETR700,e700_4801,150012,_CmdPantoUp_,Comando alzamento panto da banco,N,2022-03-07 06:24:07.138,2.0,Milano,VEHICLE,VEHICLE,45.4988,9.2177,1,2022-03-07 06:24:05.334,1.0,0.0,0.0,0.0,0.0,0.0,0.0,0.0,0.0,0.0,21.2,21.4,21.5,21.5,0.0,2400.0,2.0,0.0,1.0,45.4988,9.2177,250.0,0.0,2.05,2.53,2.7,0.73,0.01,2.12,0.0,2.26,2.04,2.52,2.69,0.76,0.01,2.13,0.0,2.29,0.0,0.01,False
2022-03-07 06:23:52.741,ETR700,e700_4801,150011,_PantoLowSts_,Nessun pantografo alto,N,2022-03-07 06:24:12.74,20.0,Milano,VEHICLE,VEHICLE,45.4988,9.2177,0,2022-03-07 06:23:50.34,1.0,0.0,0.0,0.0,0.0,0.0,1.0,0.0,0.0,0.0,21.2,21.5,21.5,21.5,0.0,2400.0,2.0,0.0,1.0,45.4988,9.2177,250.0,0.0,2.06,2.53,2.7,0.73,0.01,2.12,0.0,2.26,2.05,2.52,2.69,0.76,0.01,2.12,0.0,2.28,0.0,0.01,False
2022-03-07 06:23:50.535,ETR700,e700_4801,150013,_CmdPantoDw_,Comando abbassamento panto da banco,N,2022-03-07 06:23:51.742,2.0,Milano,VEHICLE,VEHICLE,45.4988,9.2177,0,2022-03-07 06:23:46.141,1.0,0.0,0.0,0.0,0.0,0.0,1.0,0.0,0.0,0.0,21.2,21.5,21.5,21.5,0.0,2400.0,2.0,0.0,1.0,45.4988,9.2177,250.0,0.0,2.06,2.53,2.69,0.73,0.01,2.12,0.0,2.26,2.05,2.52,2.69,0.76,0.01,2.12,0.0,2.28,0.0,0.01,True
2022-03-07 06:22:51.541,ETR700,e700_4801,158014,_DCPantoSts_,Pantografo DC alto in T7,N,2022-03-07 06:23:52.741,62.0,Milano,VEHICLE,VEHICLE,45.4988,9.2177,1,2022-03-07 06:22:51.541,1.0,0.0,0.0,0.0,0.0,0.0,1.0,0.0,0.0,0.0,21.2,21.5,21.5,21.5,0.0,2400.0,2.0,0.0,1.0,45.4988,9.2177,250.0,0.0,2.06,2.53,2.7,0.73,0.01,2.12,0.0,2.27,2.05,2.52,2.69,0.76,0.01,2.12,0.0,2.29,0.0,0.01,False
2022-03-07 06:22:38.340,ETR700,e700_4801,150012,_CmdPantoUp_,Comando alzamento panto da banco,N,2022-03-07 06:22:40.139,2.0,Milano,VEHICLE,VEHICLE,45.4987,9.2177,1,2022-03-07 06:22:38.34,1.0,0.0,0.0,0.0,0.0,0.0,0.0,0.0,0.0,0.0,21.2,21.5,21.6,21.5,0.0,2400.0,2.0,0.0,1.0,45.4987,9.2177,250.0,0.0,2.06,2.53,2.7,0.73,0.01,2.12,0.0,2.26,2.05,2.52,2.69,0.76,0.01,2.13,0.0,2.28,0.0,0.01,False
2022-03-07 06:22:27.740,ETR700,e700_4801,150011,_PantoLowSts_,Nessun pantografo alto,N,2022-03-07 06:22:51.541,24.0,Milano,VEHICLE,VEHICLE,45.4987,9.2177,0,2022-03-07 06:22:25.74,1.0,0.0,0.0,0.0,0.0,0.0,1.0,0.0,0.0,0.0,21.2,21.5,21.5,21.5,0.0,2400.0,2.0,0.0,1.0,45.4987,9.2177,250.0,0.0,2.06,2.53,2.69,0.73,0.01,2.13,0.0,2.27,2.05,2.52,2.69,0.76,0.01,2.12,0.0,2.29,0.0,0.01,False
2022-03-07 06:22:25.942,ETR700,e700_4801,150013,_CmdPantoDw_,Comando abbassamento panto da banco,N,2022-03-07 06:22:28.943,4.0,Milano,VEHICLE,VEHICLE,45.4987,9.2177,0,2022-03-07 06:22:25.74,1.0,0.0,0.0,0.0,0.0,0.0,1.0,0.0,0.0,0.0,21.2,21.5,21.5,21.5,0.0,2400.0,2.0,0.0,1.0,45.4987,9.2177,250.0,0.0,2.06,2.53,2.69,0.73,0.01,2.13,0.0,2.27,2.05,2.52,2.69,0.76,0.01,2.12,0.0,2.29,0.0,0.01,True
2022-03-07 06:21:46.140,ETR700,e700_4801,150017,_CmdCloseIR_,Comando chiusura IR/IP da banco,N,2022-03-07 06:21:48.54,3.0,Milano,VEHICLE,VEHICLE,45.4988,9.2177,1,2022-03-07 06:21:46.14,1.0,0.0,0.0,0.0,0.0,0.0,1.0,0.0,0.0,0.0,21.1,21.4,21.5,21.5,0.0,2400.0,2.0,0.0,1.0,45.4988,9.2177,250.0,0.0,2.06,2.53,2.69,0.74,0.0,2.12,0.0,2.26,2.06,2.52,2.69,0.76,0.01,2.12,0.0,2.29,0.0,0.01,False
2022-03-07 06:21:21.539,ETR700,e700_4801,150012,_CmdPantoUp_,Comando alzamento panto da banco,N,2022-03-07 06:21:25.14,4.0,Milano,VEHICLE,VEHICLE,45.4988,9.2177,1,2022-03-07 06:21:21.539,1.0,0.0,0.0,0.0,0.0,0.0,1.0,0.0,0.0,0.0,21.1,21.5,21.5,21.6,0.0,2400.0,2.0,0.0,1.0,45.4988,9.2177,250.0,0.0,2.07,2.53,2.7,0.74,0.01,2.12,0.0,2.26,2.06,2.52,2.69,0.76,0.01,2.12,0.0,2.28,0.0,0.01,False
2022-03-07 06:20:38.141,ETR700,e700_4801,150025,_9S13_,Pressione CP sotto 7.5 bar in M1 (press. 9S13),N,2022-03-07 06:31:37.541,660.0,Milano,VEHICLE,VEHICLE,45.4987,9.2177,1,2022-03-07 06:20:38.141,1.0,0.0,0.0,0.0,0.0,0.0,1.0,0.0,0.0,0.0,21.5,22.0,22.0,22.0,0.0,2400.0,2.0,0.0,1.0,45.4987,9.2177,250.0,0.0,2.07,2.53,2.7,0.74,0.01,2.12,0.0,2.26,2.06,2.52,2.69,0.76,0.01,2.12,0.0,2.28,0.0,0.01,True
2022-03-07 06:20:38.141,ETR700,e700_4801,088172,_CabDamperY5S2ntcl_,Mancata chiusura damper Y5_S,N,2022-03-07 06:28:13.741,456.0,Milano,HVAC,HVAC_CAB_M8,45.4987,9.2177,1,2022-03-07 06:20:38.141,1.0,0.0,0.0,0.0,0.0,0.0,1.0,0.0,0.0,0.0,21.5,22.0,22.0,22.0,0.0,2400.0,2.0,0.0,1.0,45.4987,9.2177,250.0,0.0,2.07,2.53,2.7,0.74,0.01,2.12,0.0,2.26,2.06,2.52,2.69,0.76,0.01,2.12,0.0,2.28,0.0,0.01,True
2022-03-07 06:20:38.141,ETR700,e700_4801,158014,_DCPantoSts_,Pantografo DC alto in T7,N,2022-03-07 06:22:27.74,110.0,Milano,VEHICLE,VEHICLE,45.4987,9.2177,1,2022-03-07 06:20:38.141,1.0,0.0,0.0,0.0,0.0,0.0,1.0,0.0,0.0,0.0,21.5,22.0,22.0,22.0,0.0,2400.0,2.0,0.0,1.0,45.4987,9.2177,250.0,0.0,2.07,2.53,2.7,0.74,0.01,2.12,0.0,2.26,2.06,2.52,2.69,0.76,0.01,2.12,0.0,2.28,0.0,0.01,False
2022-03-07 06:20:38.141,ETR700,e700_4801,ILCK_PROP_02,ILCK_PROP_02,Cod. 02 Taglio trazione comandato da RCEC,N,2022-03-07 06:34:09.541,812.0,Milano,VEHICLE,VEHICLE,45.4987,9.2177,1,2022-03-07 06:20:38.141,1.0,0.0,0.0,0.0,0.0,0.0,1.0,0.0,0.0,0.0,21.5,22.0,22.0,22.0,0.0,2400.0,2.0,0.0,1.0,45.4987,9.2177,250.0,0.0,2.07,2.53,2.7,0.74,0.01,2.12,0.0,2.26,2.06,2.52,2.69,0.76,0.01,2.12,0.0,2.28,0.0,0.01,False
2022-03-07 06:20:38.141,ETR700,e700_4801,ILCK_PROP_21M1,ILCK_PROP_21M1,Cod. 21 AT non presente,N,2022-03-07 06:24:28.342,231.0,Milano,MDS,MDS,45.4987,9.2177,1,2022-03-07 06:20:38.141,1.0,0.0,0.0,0.0,0.0,0.0,1.0,0.0,0.0,0.0,21.5,22.0,22.0,22.0,0.0,2400.0,2.0,0.0,1.0,45.4987,9.2177,250.0,0.0,2.07,2.53,2.7,0.74,0.01,2.12,0.0,2.26,2.06,2.52,2.69,0.76,0.01,2.12,0.0,2.28,0.0,0.01,False
2022-03-07 06:20:38.141,ETR700,e700_4801,150016,_IRIP_OpenSts_,Nessun IR o IP chiuso,N,2022-03-07 06:24:28.342,231.0,Milano,VEHICLE,VEHICLE,45.4987,9.2177,1,2022-03-07 06:20:38.141,1.0,0.0,0.0,0.0,0.0,0.0,1.0,0.0,0.0,0.0,21.5,22.0,22.0,22.0,0.0,2400.0,2.0,0.0,1.0,45.4987,9.2177,250.0,0.0,2.07,2.53,2.7,0.74,0.01,2.12,0.0,2.26,2.06,2.52,2.69,0.76,0.01,2.12,0.0,2.28,0.0,0.01,False
2022-03-07 06:20:38.141,ETR700,e700_4801,150004,_LineVoltType_,Selezionata tensione 3 kV,N,2022-03-07 08:08:54.254,6497.0,Milano,VEHICLE,VEHICLE,45.4987,9.2177,1,2022-03-07 06:20:38.141,1.0,0.0,0.0,0.0,0.0,0.0,1.0,0.0,0.0,0.0,21.5,22.0,22.0,22.0,0.0,2400.0,2.0,0.0,1.0,45.4987,9.2177,250.0,0.0,2.07,2.53,2.7,0.74,0.01,2.12,0.0,2.26,2.06,2.52,2.69,0.76,0.01,2.12,0.0,2.28,0.0,0.01,True
2022-03-07 06:20:38.141,ETR700,e700_4801,150006,_Running_,Stato RUNNING attivo,N,2022-03-07 06:52:51.742,1934.0,Milano,VEHICLE,VEHICLE,45.4987,9.2177,1,2022-03-07 06:20:38.141,1.0,0.0,0.0,0.0,0.0,0.0,1.0,0.0,0.0,0.0,21.5,22.0,22.0,22.0,0.0,2400.0,2.0,0.0,1.0,45.4987,9.2177,250.0,0.0,2.07,2.53,2.7,0.74,0.01,2.12,0.0,2.26,2.06,2.52,2.69,0.76,0.01,2.12,0.0,2.28,0.0,0.01,False
